pubDate,avgPrice,day_of_year,day_of_week,month,doy_sin,doy_cos,avgPrice_lag_1,avgPrice_lag_7,avgPrice_lag_30,avgPrice_lag_365,avgPrice_MA_30,specInfo_25kg,specInfo_5kg,prodPcat_米面类
2022-07-20,1.96,201,2,7,-0.3131070409358267,-0.9497178427914317,1.962,1.974,1.98,1.6,1.9763333333333333,True,False,True
2022-07-20,2.22,201,2,7,-0.3131070409358267,-0.9497178427914317,2.22,2.22,2.22,1.75,2.22,False,True,True
2022-07-21,1.9563636363636363,202,3,7,-0.3294084822245302,-0.9441875088341994,1.96,1.972,1.98,1.5981818181818184,1.9755454545454545,True,False,True
2022-07-21,2.22,202,3,7,-0.3294084822245302,-0.9441875088341994,2.22,2.22,2.22,1.75,2.22,False,True,True
2022-07-22,1.9527272727272726,203,4,7,-0.3456123126707333,-0.9383773917408642,1.9563636363636363,1.97,1.98,1.5963636363636364,1.9746363636363637,True,False,True
2022-07-22,2.22,203,4,7,-0.3456123126707333,-0.9383773917408642,2.22,2.22,2.22,1.75,2.22,False,True,True
2022-07-23,1.949090909090909,204,5,7,-0.3617137307297674,-0.9322892131745134,1.9527272727272726,1.968,1.98,1.5945454545454547,1.9736060606060604,True,False,True
2022-07-23,2.22,204,5,7,-0.3617137307297674,-0.9322892131745134,2.22,2.22,2.22,1.75,2.22,False,True,True
2022-07-24,1.9454545454545453,205,6,7,-0.37770796520396466,-0.9259247771938499,1.949090909090909,1.966,1.98,1.5927272727272728,1.9724545454545455,True,False,True
2022-07-24,2.22,205,6,7,-0.37770796520396466,-0.9259247771938499,2.22,2.22,2.22,1.75,2.22,False,True,True
2022-07-25,2.22,206,0,7,-0.39359027665646645,-0.9192859697186105,2.22,2.22,2.22,1.75,2.22,False,True,True
2022-07-25,1.9418181818181817,206,0,7,-0.39359027665646645,-0.9192859697186105,1.9454545454545453,1.964,1.98,1.590909090909091,1.9711818181818181,True,False,True
2022-07-26,1.9381818181818182,207,1,7,-0.4093559588156211,-0.9123747579707274,1.9418181818181817,1.962,1.98,1.589090909090909,1.9697878787878789,True,False,True
2022-07-26,2.22,207,1,7,-0.4093559588156211,-0.9123747579707274,2.22,2.22,2.22,1.75,2.22,False,True,True
2022-07-27,2.22,208,2,7,-0.42500033996955394,-0.9051931898913975,2.22,2.22,2.22,1.75,2.22,False,True,True
2022-07-27,1.9345454545454546,208,2,7,-0.42500033996955394,-0.9051931898913975,1.9381818181818182,1.96,1.98,1.5872727272727274,1.9682727272727272,True,False,True
2022-07-28,2.22,209,3,7,-0.4405187843504952,-0.8977433935342336,2.22,2.22,2.22,1.75,2.22,False,True,True
2022-07-28,1.930909090909091,209,3,7,-0.4405187843504952,-0.8977433935342336,1.9345454545454546,1.9563636363636363,1.98,1.5854545454545454,1.9666363636363637,True,False,True
2022-07-29,2.22,210,4,7,-0.455906693508459,-0.8900275764346766,2.22,2.22,2.22,1.75,2.22,False,True,True
2022-07-29,1.9272727272727272,210,4,7,-0.455906693508459,-0.8900275764346766,1.930909090909091,1.9527272727272726,1.98,1.5836363636363637,1.964878787878788,True,False,True
2022-07-30,2.22,211,5,7,-0.47115950767386394,-0.8820480249558535,2.22,2.22,2.22,1.75,2.22,False,True,True
2022-07-30,1.9236363636363636,211,5,7,-0.47115950767386394,-0.8820480249558535,1.9272727272727272,1.949090909090909,1.98,1.5818181818181818,1.963,True,False,True
2022-07-31,2.22,212,6,7,-0.4862727071086902,-0.8738071036110807,2.22,2.22,2.22,1.75,2.22,False,True,True
2022-07-31,1.92,212,6,7,-0.4862727071086902,-0.8738071036110807,1.9236363636363636,1.9454545454545453,1.98,1.58,1.9609999999999999,True,False,True
2022-08-01,2.22,213,0,8,-0.5012418134457756,-0.8653072543632061,2.22,2.22,2.22,1.765,2.22,False,True,True
2022-08-01,1.92,213,0,8,-0.5012418134457756,-0.8653072543632061,1.92,1.9418181818181817,1.98,1.585,1.9589999999999999,True,False,True
2022-08-02,2.22,214,1,8,-0.5160623910158526,-0.8565509959010037,2.22,2.22,2.22,1.78,2.22,False,True,True
2022-08-02,1.92,214,1,8,-0.5160623910158526,-0.8565509959010037,1.92,1.9381818181818182,1.98,1.59,1.957,True,False,True
2022-08-03,1.92,215,2,8,-0.5307300481619331,-0.8475409228928312,1.92,1.9345454545454546,1.98,1.595,1.9550000000000003,True,False,True
2022-08-03,2.22,215,2,8,-0.5307300481619331,-0.8475409228928312,2.22,2.22,2.22,1.795,2.22,False,True,True
2022-08-04,1.92,216,3,8,-0.5452404385406507,-0.8382797052177745,1.92,1.930909090909091,1.98,1.6,1.9529999999999998,True,False,True
2022-08-04,2.22,216,3,8,-0.5452404385406507,-0.8382797052177745,2.22,2.22,2.22,1.81,2.22,False,True,True
2022-08-05,1.92,217,4,8,-0.5595892624101763,-0.828770087174504,1.92,1.9272727272727272,1.98,1.605,1.951,True,False,True
2022-08-05,2.22,217,4,8,-0.5595892624101763,-0.828770087174504,2.22,2.22,2.22,1.825,2.22,False,True,True
2022-08-06,1.92,218,5,8,-0.5737722679043243,-0.8190148866680802,1.92,1.9236363636363636,1.98,1.61,1.949,True,False,True
2022-08-06,2.22,218,5,8,-0.5737722679043243,-0.8190148866680802,2.22,2.22,2.22,1.8399999999999999,2.22,False,True,True
2022-08-07,1.92,219,6,8,-0.5877852522924734,-0.8090169943749472,1.92,1.92,1.98,1.615,1.9469999999999998,True,False,True
2022-08-07,2.22,219,6,8,-0.5877852522924734,-0.8090169943749472,2.22,2.22,2.22,1.855,2.22,False,True,True
2022-08-08,2.22,220,0,8,-0.6016240632249227,-0.7987793728863648,2.22,2.22,2.22,1.8699999999999999,2.22,False,True,True
2022-08-08,1.92,220,0,8,-0.6016240632249227,-0.7987793728863648,1.92,1.92,1.98,1.62,1.9449999999999998,True,False,True
2022-08-09,1.92,221,1,8,-0.6152845999633277,-0.7883050558305253,1.92,1.92,1.98,1.625,1.943,True,False,True
2022-08-09,2.22,221,1,8,-0.6152845999633277,-0.7883050558305253,2.22,2.22,2.22,1.885,2.22,False,True,True
2022-08-10,1.92,222,2,8,-0.6287628145958345,-0.7775971469736268,1.92,1.92,1.978,1.63,1.9410666666666667,True,False,True
2022-08-10,2.22,222,2,8,-0.6287628145958345,-0.7775971469736268,2.22,2.22,2.22,1.9,2.22,False,True,True
2022-08-11,2.22,223,3,8,-0.6420547132365636,-0.7666588193001592,2.22,2.22,2.22,1.902,2.22,False,True,True
2022-08-11,1.92,223,3,8,-0.6420547132365636,-0.7666588193001592,1.92,1.92,1.976,1.635,1.9392,True,False,True
2022-08-12,1.92,224,4,8,-0.655156357209085,-0.7554933140726804,1.92,1.92,1.974,1.64,1.9374,True,False,True
2022-08-12,2.22,224,4,8,-0.655156357209085,-0.7554933140726804,2.22,2.22,2.22,1.904,2.22,False,True,True
2022-08-13,2.22,225,5,8,-0.6680638642135333,-0.7441039398713608,2.22,2.22,2.22,1.906,2.22,False,True,True
2022-08-13,1.92,225,5,8,-0.6680638642135333,-0.7441039398713608,1.92,1.92,1.972,1.645,1.9356666666666666,True,False,True
2022-08-14,1.92,226,6,8,-0.6807734094770159,-0.7324940716135792,1.92,1.92,1.97,1.65,1.9340000000000002,True,False,True
2022-08-14,2.22,226,6,8,-0.6807734094770159,-0.7324940716135792,2.22,2.22,2.22,1.908,2.22,False,True,True
2022-08-15,2.22,227,0,8,-0.6932812268869771,-0.7206671495538615,2.22,2.22,2.22,1.91,2.22,False,True,True
2022-08-15,1.92,227,0,8,-0.6932812268869771,-0.7206671495538615,1.92,1.92,1.968,1.655,1.9324,True,False,True
2022-08-16,1.92,228,1,8,-0.7055836101071774,-0.70862667826446,1.92,1.92,1.966,1.66,1.9308666666666665,True,False,True
2022-08-16,2.22,228,1,8,-0.7055836101071774,-0.70862667826446,2.22,2.22,2.22,1.912,2.22,False,True,True
2022-08-17,1.92,229,2,8,-0.7176769136759615,-0.6963762255968726,1.92,1.92,1.964,1.665,1.9294,True,False,True
2022-08-17,2.22,229,2,8,-0.7176769136759615,-0.6963762255968726,2.22,2.22,2.22,1.914,2.22,False,True,True
2022-08-18,1.92,230,3,8,-0.7295575540864876,-0.6839194216246105,1.92,1.92,1.962,1.67,1.9280000000000002,True,False,True
2022-08-18,2.22,230,3,8,-0.7295575540864876,-0.6839194216246105,2.22,2.22,2.22,1.916,2.22,False,True,True
2022-08-19,1.92,231,4,8,-0.7412220108485957,-0.6712599575675315,1.92,1.92,1.96,1.675,1.9266666666666665,True,False,True
2022-08-19,2.22,231,4,8,-0.7412220108485957,-0.6712599575675315,2.22,2.22,2.22,1.918,2.22,False,True,True
2022-08-20,2.22,232,5,8,-0.7526668275320083,-0.6584015846980489,2.22,2.22,2.22,1.92,2.22,False,True,True
2022-08-20,1.92,232,5,8,-0.7526668275320083,-0.6584015846980489,1.92,1.92,1.9563636363636363,1.68,1.9254545454545453,True,False,True
2022-08-21,2.22,233,6,8,-0.7638886127905429,-0.64534811322955,2.22,2.22,2.22,1.92,2.22,False,True,True
2022-08-21,1.92,233,6,8,-0.7638886127905429,-0.64534811322955,1.92,1.92,1.9527272727272726,1.68,1.9243636363636363,True,False,True
2022-08-22,2.22,234,0,8,-0.7748840413670406,-0.6321034111873488,2.22,2.22,2.22,1.92,2.22,False,True,True
2022-08-22,1.92,234,0,8,-0.7748840413670406,-0.6321034111873488,1.92,1.92,1.949090909090909,1.68,1.9233939393939394,True,False,True
2022-08-23,1.92,235,1,8,-0.7856498550787144,-0.6186714032625032,1.92,1.92,1.9454545454545453,1.68,1.9225454545454543,True,False,True
2022-08-23,2.22,235,1,8,-0.7856498550787144,-0.6186714032625032,2.22,2.22,2.22,1.92,2.22,False,True,True
2022-08-24,2.22,236,2,8,-0.7961828637826154,-0.6050560696488494,2.22,2.22,2.22,1.92,2.22,False,True,True
2022-08-24,1.92,236,2,8,-0.7961828637826154,-0.6050560696488494,1.92,1.92,1.9418181818181817,1.68,1.9218181818181816,True,False,True
2022-08-25,1.92,237,3,8,-0.8064799463209447,-0.5912614448635782,1.92,1.92,1.9381818181818182,1.68,1.9212121212121211,True,False,True
2022-08-25,2.22,237,3,8,-0.8064799463209447,-0.5912614448635782,2.22,2.22,2.22,1.92,2.22,False,True,True
2022-08-26,2.22,238,4,8,-0.8165380514459157,-0.5772916165517278,2.22,2.22,2.22,1.92,2.22,False,True,True
2022-08-26,1.92,238,4,8,-0.8165380514459157,-0.5772916165517278,1.92,1.92,1.9345454545454546,1.68,1.9207272727272728,True,False,True
2022-08-27,2.22,239,5,8,-0.8263541987239094,-0.5631507242749187,2.22,2.22,2.22,1.92,2.22,False,True,True
2022-08-27,1.92,239,5,8,-0.8263541987239094,-0.5631507242749187,1.92,1.92,1.930909090909091,1.68,1.9203636363636363,True,False,True
2022-08-28,2.22,240,6,8,-0.8359254794186365,-0.5488429582847199,2.22,2.22,2.22,1.92,2.22,False,True,True
2022-08-28,1.92,240,6,8,-0.8359254794186365,-0.5488429582847199,1.92,1.92,1.9272727272727272,1.68,1.9201212121212121,True,False,True
2022-08-29,1.92,241,0,8,-0.8452490573530634,-0.5343725582809785,1.92,1.92,1.9236363636363636,1.68,1.92,True,False,True
2022-08-29,2.22,241,0,8,-0.8452490573530634,-0.5343725582809785,2.22,2.22,2.22,1.92,2.22,False,True,True
2022-08-30,1.92,242,1,8,-0.8543221697498269,-0.5197438121555157,1.92,1.92,1.92,1.68,1.92,True,False,True
2022-08-30,2.22,242,1,8,-0.8543221697498269,-0.5197438121555157,2.22,2.22,2.22,1.92,2.22,False,True,True
2022-08-31,1.92,243,2,8,-0.8631421280499115,-0.5049610547215202,1.92,1.92,1.92,1.68,1.92,True,False,True
2022-08-31,2.22,243,2,8,-0.8631421280499115,-0.5049610547215202,2.22,2.22,2.22,1.92,2.22,False,True,True
2022-09-01,1.92,244,3,9,-0.8717063187093217,-0.4900286664290594,1.92,1.92,1.92,1.686,1.92,True,False,True
2022-09-01,2.22,244,3,9,-0.8717063187093217,-0.4900286664290594,2.22,2.22,2.22,1.92,2.22,False,True,True
2022-09-02,1.92,245,4,9,-0.8800122039735356,-0.4749510720670502,1.92,1.92,1.92,1.692,1.92,True,False,True
2022-09-02,2.22,245,4,9,-0.8800122039735356,-0.4749510720670502,2.22,2.22,2.22,1.92,2.22,False,True,True
2022-09-03,2.22,246,5,9,-0.888057322629493,-0.4597327394521046,2.22,2.22,2.22,1.92,2.22,False,True,True
2022-09-03,1.92,246,5,9,-0.888057322629493,-0.4597327394521046,1.92,1.92,1.92,1.698,1.92,True,False,True
2022-09-04,1.92,247,6,9,-0.8958392907349089,-0.4443781781046134,1.92,1.92,1.92,1.704,1.92,True,False,True
2022-09-04,2.22,247,6,9,-0.8958392907349089,-0.4443781781046134,2.22,2.22,2.22,1.92,2.22,False,True,True
2022-09-05,1.92,248,0,9,-0.9033558023246842,-0.4288919379124841,1.92,1.92,1.92,1.71,1.92,True,False,True
2022-09-05,2.22,248,0,9,-0.9033558023246842,-0.4288919379124841,2.22,2.22,2.22,1.92,2.22,False,True,True
2022-09-06,1.92,249,1,9,-0.9106046300942162,-0.41327860778290443,1.92,1.92,1.92,1.716,1.92,True,False,True
2022-09-06,2.22,249,1,9,-0.9106046300942162,-0.41327860778290443,2.22,2.22,2.22,1.92,2.22,False,True,True
2022-09-07,2.22,250,2,9,-0.9175836260593934,-0.3975428142825566,2.22,2.22,2.22,1.92,2.22,False,True,True
2022-09-07,1.92,250,2,9,-0.9175836260593934,-0.3975428142825566,1.92,1.92,1.92,1.722,1.92,True,False,True
2022-09-08,1.92,251,3,9,-0.9242907221930934,-0.3816892202666586,1.92,1.92,1.92,1.728,1.92,True,False,True
2022-09-08,2.22,251,3,9,-0.9242907221930934,-0.3816892202666586,2.22,2.22,2.22,1.92,2.22,False,True,True
2022-09-09,1.92,252,4,9,-0.9307239310379793,-0.3657225234972692,1.92,1.92,1.92,1.734,1.92,True,False,True
2022-09-09,2.22,252,4,9,-0.9307239310379793,-0.3657225234972692,2.22,2.22,2.22,1.92,2.22,False,True,True
2022-09-10,1.92,253,5,9,-0.9368813462954315,-0.34964745525122826,1.92,1.92,1.92,1.74,1.92,True,False,True
2022-09-10,2.22,253,5,9,-0.9368813462954315,-0.34964745525122826,2.22,2.22,2.22,1.92,2.22,False,True,True
2022-09-11,2.22,254,6,9,-0.9427611433904206,-0.33346877891818705,2.22,2.22,2.22,1.92,2.22,False,True,True
2022-09-11,1.92,254,6,9,-0.9427611433904206,-0.33346877891818705,1.92,1.92,1.92,1.74,1.92,True,False,True
2022-09-12,2.22,255,0,9,-0.9483615800121716,-0.31719128858910595,2.22,2.22,2.22,1.92,2.22,False,True,True
2022-09-12,1.92,255,0,9,-0.9483615800121716,-0.31719128858910595,1.92,1.92,1.92,1.74,1.92,True,False,True
2022-09-13,1.92,256,1,9,-0.9536809966304455,-0.300819807635668,1.92,1.92,1.92,1.74,1.92,True,False,True
2022-09-13,2.22,256,1,9,-0.9536809966304455,-0.300819807635668,2.22,2.22,2.22,1.92,2.22,False,True,True
2022-09-14,2.22,257,2,9,-0.9587178169872964,-0.2843591872810036,2.22,2.22,2.22,1.92,2.22,False,True,True
2022-09-14,1.92,257,2,9,-0.9587178169872964,-0.2843591872810036,1.92,1.92,1.92,1.74,1.92,True,False,True
2022-09-15,1.92,258,3,9,-0.9634705485641486,-0.26781430516217486,1.92,1.92,1.92,1.74,1.92,True,False,True
2022-09-15,2.22,258,3,9,-0.9634705485641486,-0.26781430516217486,2.22,2.22,2.22,1.92,2.22,False,True,True
2022-09-16,1.92,259,4,9,-0.9679377830240642,-0.25119006388481957,1.92,1.92,1.92,1.74,1.92,True,False,True
2022-09-16,2.22,259,4,9,-0.9679377830240642,-0.25119006388481957,2.22,2.22,2.22,1.92,2.22,False,True,True
2022-09-17,2.22,260,5,9,-0.9721181966290612,-0.23449138957041052,2.22,2.22,2.22,1.92,2.22,False,True,True
2022-09-17,1.92,260,5,9,-0.9721181966290612,-0.23449138957041052,1.92,1.92,1.92,1.74,1.92,True,False,True
2022-09-18,2.22,261,6,9,-0.9760105506323682,-0.21772323039653224,2.22,2.22,2.22,1.92,2.22,False,True,True
2022-09-18,1.92,261,6,9,-0.9760105506323682,-0.21772323039653224,1.92,1.92,1.92,1.74,1.92,True,False,True
2022-09-19,2.22,262,0,9,-0.9796136916454901,-0.20089055513063528,2.22,2.22,2.22,1.92,2.22,False,True,True
2022-09-19,1.92,262,0,9,-0.9796136916454901,-0.20089055513063528,1.92,1.92,1.92,1.74,1.92,True,False,True
2022-09-20,2.22,263,1,9,-0.9829265519799822,-0.18399835165767986,2.22,2.22,2.22,1.92,2.22,False,True,True
2022-09-20,1.92,263,1,9,-0.9829265519799822,-0.18399835165767986,1.92,1.92,1.92,1.74,1.92,True,False,True
2022-09-21,1.92,264,2,9,-0.9859481499638303,-0.1670516255021195,1.92,1.92,1.92,1.74,1.92,True,False,True
2022-09-21,2.22,264,2,9,-0.9859481499638303,-0.1670516255021195,2.22,2.22,2.22,1.92,2.22,False,True,True
2022-09-22,2.22,265,3,9,-0.9886775902323404,-0.15005539834465262,2.22,2.22,2.22,1.92,2.22,False,True,True
2022-09-22,1.92,265,3,9,-0.9886775902323404,-0.15005539834465262,1.92,1.92,1.92,1.74,1.92,True,False,True
2022-09-23,2.22,266,4,9,-0.9911140639934546,-0.13301470653419636,2.22,2.22,2.22,1.92,2.22,False,True,True
2022-09-23,1.92,266,4,9,-0.9911140639934546,-0.13301470653419636,1.92,1.92,1.92,1.74,1.92,True,False,True
2022-09-24,1.92,267,5,9,-0.9932568492674143,-0.11593459959550066,1.92,1.92,1.92,1.74,1.92,True,False,True
2022-09-24,2.22,267,5,9,-0.9932568492674143,-0.11593459959550066,2.22,2.22,2.22,1.92,2.22,False,True,True
2022-09-25,1.92,268,6,9,-0.9951053111006974,-0.09882013873287211,1.92,1.92,1.92,1.74,1.92,True,False,True
2022-09-25,2.22,268,6,9,-0.9951053111006974,-0.09882013873287211,2.22,2.22,2.22,1.92,2.22,False,True,True
2022-09-26,1.92,269,0,9,-0.99665890175417,-0.08167639533042288,1.92,1.92,1.92,1.74,1.92,True,False,True
2022-09-26,2.22,269,0,9,-0.99665890175417,-0.08167639533042288,2.22,2.22,2.22,1.92,2.22,False,True,True
2022-09-27,2.22,270,1,9,-0.9979171608653922,-0.06450844944931625,2.22,2.22,2.22,1.92,2.22,False,True,True
2022-09-27,1.92,270,1,9,-0.9979171608653922,-0.06450844944931625,1.92,1.92,1.92,1.74,1.92,True,False,True
2022-09-28,1.92,271,2,9,-0.9988797155850335,-0.04732138832243232,1.92,1.92,1.92,1.74,1.92,True,False,True
2022-09-28,2.22,271,2,9,-0.9988797155850335,-0.04732138832243232,2.22,2.22,2.22,1.92,2.22,False,True,True
2022-09-29,1.92,272,3,9,-0.9995462806873573,-0.03012030484690836,1.92,1.92,1.92,1.74,1.92,True,False,True
2022-09-29,2.22,272,3,9,-0.9995462806873573,-0.03012030484690836,2.22,2.22,2.22,1.92,2.22,False,True,True
2022-09-30,1.92,273,4,9,-0.9999166586547379,-0.012910296075008843,1.92,1.92,1.92,1.74,1.92,True,False,True
2022-09-30,2.22,273,4,9,-0.9999166586547379,-0.012910296075008843,2.22,2.22,2.22,1.92,2.22,False,True,True
2022-10-01,1.92,274,5,10,-0.9999907397361901,0.004303538296243821,1.92,1.92,1.92,1.7389999999999999,1.92,True,False,True
2022-10-01,2.22,274,5,10,-0.9999907397361901,0.004303538296243821,2.22,2.22,2.22,1.92,2.22,False,True,True
2022-10-02,1.92,275,6,10,-0.9997685019798909,0.021516097436222233,1.92,1.92,1.92,1.738,1.92,True,False,True
2022-10-02,2.22,275,6,10,-0.9997685019798909,0.021516097436222233,2.22,2.22,2.22,1.92,2.22,False,True,True
2022-10-03,1.92,276,0,10,-0.9992500112396835,0.03872228089217399,1.92,1.92,1.92,1.737,1.92,True,False,True
2022-10-03,2.22,276,0,10,-0.9992500112396835,0.03872228089217399,2.22,2.22,2.22,1.92,2.22,False,True,True
2022-10-04,1.92,277,1,10,-0.9984354211555643,0.05591699010060302,1.92,1.92,1.92,1.736,1.92,True,False,True
2022-10-04,2.22,277,1,10,-0.9984354211555643,0.05591699010060302,2.22,2.22,2.22,1.92,2.22,False,True,True
2022-10-05,2.22,278,2,10,-0.9973249731081555,0.07309512989807776,2.22,2.22,2.22,1.92,2.22,False,True,True
2022-10-05,1.92,278,2,10,-0.9973249731081555,0.07309512989807776,1.92,1.92,1.92,1.7349999999999999,1.92,True,False,True
2022-10-06,1.92,279,3,10,-0.9959189961471792,0.0902516100310407,1.92,1.92,1.92,1.734,1.92,True,False,True
2022-10-06,2.22,279,3,10,-0.9959189961471792,0.0902516100310407,2.22,2.22,2.22,1.92,2.22,False,True,True
2022-10-07,2.22,280,4,10,-0.994217906893952,0.10738134666416306,2.22,2.22,2.22,1.92,2.22,False,True,True
2022-10-07,1.92,280,4,10,-0.994217906893952,0.10738134666416306,1.92,1.92,1.92,1.733,1.92,True,False,True
2022-10-08,1.92,281,5,10,-0.9922222094179324,0.12447926388678869,1.92,1.92,1.92,1.732,1.92,True,False,True
2022-10-08,2.22,281,5,10,-0.9922222094179324,0.12447926388678869,2.22,2.22,2.22,1.92,2.22,False,True,True
2022-10-09,2.22,282,6,10,-0.989932495087353,0.141540295217043,2.22,2.22,2.22,1.92,2.22,False,True,True
2022-10-09,1.92,282,6,10,-0.989932495087353,0.141540295217043,1.92,1.92,1.92,1.7309999999999999,1.92,True,False,True
2022-10-10,1.92,283,0,10,-0.9873494423939864,0.15855938510313475,1.92,1.92,1.92,1.73,1.92,True,False,True
2022-10-10,2.22,283,0,10,-0.9873494423939864,0.15855938510313475,2.22,2.22,2.22,1.92,2.22,False,True,True
2022-10-11,2.218709677419355,284,1,10,-0.9844738167520923,0.17553149042142777,2.22,2.22,2.22,1.92,2.219956989247312,False,True,True
2022-10-11,1.9223809523809523,284,1,10,-0.9844738167520923,0.17553149042142777,1.92,1.92,1.92,1.73,1.9200793650793648,True,False,True
2022-10-12,2.21741935483871,285,2,10,-0.9813064702716093,0.19245158197082995,2.218709677419355,2.22,2.22,1.92,2.2198709677419353,False,True,True
2022-10-12,1.9247619047619047,285,2,10,-0.9813064702716093,0.19245158197082995,1.9223809523809523,1.92,1.92,1.73,1.9202380952380953,True,False,True
2022-10-13,1.927142857142857,286,3,10,-0.9778483415056567,0.20931464596304888,1.9247619047619047,1.92,1.92,1.73,1.9204761904761904,True,False,True
2022-10-13,2.2161290322580647,286,3,10,-0.9778483415056567,0.20931464596304888,2.21741935483871,2.22,2.22,1.92,2.219741935483871,False,True,True
2022-10-14,1.9295238095238094,287,4,10,-0.9741004551724206,0.22611568550828803,1.927142857142857,1.92,1.92,1.73,1.9207936507936507,True,False,True
2022-10-14,2.2148387096774194,287,4,10,-0.9741004551724206,0.22611568550828803,2.2161290322580647,2.22,2.22,1.92,2.2195698924731184,False,True,True
2022-10-15,2.2135483870967745,288,5,10,-0.970063921851507,0.2428497220959358,2.2148387096774194,2.22,2.22,1.92,2.2193548387096773,False,True,True
2022-10-15,1.9319047619047618,288,5,10,-0.970063921851507,0.2428497220959358,1.9295238095238094,1.92,1.92,1.73,1.921190476190476,True,False,True
2022-10-16,2.212258064516129,289,6,10,-0.965739937654855,0.25951179706979943,2.2135483870967745,2.22,2.22,1.92,2.2190967741935483,False,True,True
2022-10-16,1.9342857142857142,289,6,10,-0.965739937654855,0.25951179706979943,1.9319047619047618,1.92,1.92,1.73,1.9216666666666666,True,False,True
2022-10-17,2.210967741935484,290,0,10,-0.9611297838723007,0.27609697309746883,2.212258064516129,2.22,2.22,1.92,2.2187956989247315,False,True,True
2022-10-17,1.9366666666666665,290,0,10,-0.9611297838723007,0.27609697309746883,1.9342857142857142,1.92,1.92,1.73,1.922222222222222,True,False,True
2022-10-18,1.939047619047619,291,1,10,-0.9562348265919058,0.2926003356333479,1.9366666666666665,1.9223809523809523,1.92,1.73,1.9228571428571428,True,False,True
2022-10-18,2.209677419354839,291,1,10,-0.9562348265919058,0.2926003356333479,2.210967741935484,2.218709677419355,2.22,1.92,2.218451612903226,False,True,True
2022-10-19,1.9414285714285713,292,2,10,-0.9510565162951536,0.30901699437494723,1.939047619047619,1.9247619047619047,1.92,1.73,1.9235714285714285,True,False,True
2022-10-19,2.2083870967741936,292,2,10,-0.9510565162951536,0.30901699437494723,2.209677419354839,2.21741935483871,2.22,1.92,2.2180645161290324,False,True,True
2022-10-20,1.9438095238095237,293,3,10,-0.9455963874271428,0.3253420847119795,1.9414285714285713,1.927142857142857,1.92,1.73,1.924365079365079,True,False,True
2022-10-20,2.2070967741935488,293,3,10,-0.9455963874271428,0.3253420847119795,2.2083870967741936,2.2161290322580647,2.22,1.92,2.217634408602151,False,True,True
2022-10-21,1.9461904761904762,294,4,10,-0.9398560579418953,0.341570769167856,1.9438095238095237,1.9295238095238094,1.92,1.7345454545454546,1.9252380952380954,True,False,True
2022-10-21,2.2058064516129035,294,4,10,-0.9398560579418953,0.341570769167856,2.2070967741935488,2.2148387096774194,2.22,1.9272727272727272,2.217161290322581,False,True,True
2022-10-22,1.9485714285714286,295,5,10,-0.9338372288229252,0.35769823883312546,1.9461904761904762,1.9319047619047618,1.92,1.739090909090909,1.9261904761904762,True,False,True
2022-10-22,2.204516129032258,295,5,10,-0.9338372288229252,0.35769823883312546,2.2058064516129035,2.2135483870967745,2.22,1.9345454545454546,2.2166451612903226,False,True,True
2022-10-23,1.950952380952381,296,6,10,-0.9275416835791965,0.3737197147904692,1.9485714285714286,1.9342857142857142,1.92,1.7436363636363637,1.9272222222222222,True,False,True
2022-10-23,2.2032258064516133,296,6,10,-0.9275416835791965,0.3737197147904692,2.204516129032258,2.212258064516129,2.22,1.9418181818181817,2.2160860215053764,False,True,True
2022-10-24,2.201935483870968,297,0,10,-0.9209712877166347,0.38963044953078774,2.2032258064516133,2.210967741935484,2.22,1.949090909090909,2.2154838709677422,False,True,True
2022-10-24,1.9533333333333334,297,0,10,-0.9209712877166347,0.38963044953078774,1.950952380952381,1.9366666666666665,1.92,1.7481818181818183,1.9283333333333332,True,False,True
2022-10-25,2.2006451612903226,298,1,10,-0.9141279881853337,0.4054257283599973,2.201935483870968,2.209677419354839,2.22,1.9563636363636363,2.21483870967742,False,True,True
2022-10-25,1.9557142857142857,298,1,10,-0.9141279881853337,0.4054257283599973,1.9533333333333334,1.939047619047619,1.92,1.7527272727272727,1.9295238095238096,True,False,True
2022-10-26,2.1993548387096777,299,2,10,-0.9070138128026362,0.42110087079608916,2.2006451612903226,2.2083870967741936,2.22,1.9636363636363636,2.2141505376344086,False,True,True
2022-10-26,1.958095238095238,299,2,10,-0.9070138128026362,0.42110087079608916,1.9557142857142857,1.9414285714285713,1.92,1.7572727272727273,1.9307936507936507,True,False,True
2022-10-27,2.1980645161290324,300,3,10,-0.8996308696522434,0.4366512319560638,2.1993548387096777,2.2070967741935488,2.22,1.970909090909091,2.21341935483871,False,True,True
2022-10-27,1.9604761904761905,300,3,10,-0.8996308696522434,0.4366512319560638,1.958095238095238,1.9438095238095237,1.92,1.7618181818181817,1.932142857142857,True,False,True
2022-10-28,2.196774193548387,301,4,10,-0.8919813464595487,0.45207220393230374,2.1980645161290324,2.2058064516129035,2.22,1.9781818181818183,2.212645161290323,False,True,True
2022-10-28,1.9628571428571429,301,4,10,-0.8919813464595487,0.45207220393230374,1.9604761904761905,1.9461904761904762,1.92,1.7663636363636364,1.9335714285714285,True,False,True
2022-10-29,2.1954838709677422,302,5,10,-0.8840675099433637,0.46735921715800205,2.196774193548387,2.204516129032258,2.22,1.9854545454545454,2.2118279569892474,False,True,True
2022-10-29,1.9652380952380952,302,5,10,-0.8840675099433637,0.46735921715800205,1.9628571428571429,1.9485714285714286,1.92,1.770909090909091,1.935079365079365,True,False,True
2022-10-30,2.194193548387097,303,6,10,-0.8758917051442433,0.48250774176121763,2.1954838709677422,2.2032258064516133,2.22,1.9927272727272727,2.2109677419354843,False,True,True
2022-10-30,1.9676190476190476,303,6,10,-0.8758917051442433,0.48250774176121763,1.9652380952380952,1.950952380952381,1.92,1.7754545454545454,1.9366666666666668,True,False,True
2022-10-31,2.1929032258064516,304,0,10,-0.8674563547295971,0.4975132889071803,2.194193548387097,2.201935483870968,2.22,2.0,2.2100645161290324,False,True,True
2022-10-31,1.97,304,0,10,-0.8674563547295971,0.4975132889071803,1.9676190476190476,1.9533333333333334,1.92,1.78,1.9383333333333332,True,False,True
2022-11-01,1.972,305,1,11,-0.858763958275803,0.5123714121284235,1.97,1.9557142857142857,1.92,1.79,1.9400666666666668,True,False,True
2022-11-01,2.1916129032258067,305,1,11,-0.858763958275803,0.5123714121284235,2.1929032258064516,2.2006451612903226,2.22,2.009,2.2091182795698927,False,True,True
2022-11-02,1.974,306,2,11,-0.8498170915275277,0.5270777086423724,1.972,1.958095238095238,1.92,1.8,1.9418666666666666,True,False,True
2022-11-02,2.1903225806451614,306,2,11,-0.8498170915275277,0.5270777086423724,2.1916129032258067,2.1993548387096777,2.22,2.018,2.2081290322580647,False,True,True
2022-11-03,2.1890322580645165,307,3,11,-0.8406184056344783,0.5416278206559811,2.1903225806451614,2.1980645161290324,2.22,2.027,2.2070967741935488,False,True,True
2022-11-03,1.976,307,3,11,-0.8406184056344783,0.5416278206559811,1.974,1.9604761904761905,1.92,1.81,1.9437333333333333,True,False,True
2022-11-04,1.978,308,4,11,-0.8311706263658079,0.5560174366570446,1.976,1.9628571428571429,1.92,1.82,1.9456666666666667,True,False,True
2022-11-04,2.187741935483871,308,4,11,-0.8311706263658079,0.5560174366570446,2.1890322580645165,2.196774193548387,2.22,2.036,2.206021505376344,False,True,True
2022-11-05,1.98,309,5,11,-0.8214765533024145,0.5702422926917867,1.978,1.9652380952380952,1.92,1.83,1.9476666666666667,True,False,True
2022-11-05,2.186451612903226,309,5,11,-0.8214765533024145,0.5702422926917867,2.187741935483871,2.1954838709677422,2.22,2.045,2.204903225806452,False,True,True
2022-11-06,2.185161290322581,310,6,11,-0.8115390590073611,0.5842981736283683,2.186451612903226,2.194193548387097,2.22,2.054,2.203741935483871,False,True,True
2022-11-06,1.982,310,6,11,-0.8115390590073611,0.5842981736283683,1.98,1.9676190476190476,1.92,1.8399999999999999,1.9497333333333333,True,False,True
2022-11-07,2.1838709677419357,311,0,11,-0.801361088174677,0.5981809144059158,2.185161290322581,2.1929032258064516,2.22,2.0629999999999997,2.202537634408602,False,True,True
2022-11-07,1.984,311,0,11,-0.801361088174677,0.5981809144059158,1.982,1.97,1.92,1.8499999999999999,1.9518666666666666,True,False,True
2022-11-08,1.986,312,1,11,-0.7909456567567774,0.6118864012687242,1.984,1.972,1.92,1.8599999999999999,1.9540666666666666,True,False,True
2022-11-08,2.1825806451612904,312,1,11,-0.7909456567567774,0.6118864012687242,2.1838709677419357,2.1916129032258067,2.22,2.072,2.2012903225806455,False,True,True
2022-11-09,2.1812903225806455,313,2,11,-0.780295851070776,0.6254105729852457,2.1825806451612904,2.1903225806451614,2.22,2.081,2.2000000000000006,False,True,True
2022-11-09,1.988,313,2,11,-0.780295851070776,0.6254105729852457,1.986,1.974,1.92,1.8699999999999999,1.9563333333333333,True,False,True
2022-11-10,2.18,314,3,11,-0.7694148268839381,0.6387494220515268,2.1812903225806455,2.1890322580645165,2.218709677419355,2.09,2.198709677419355,False,True,True
2022-11-10,1.99,314,3,11,-0.7694148268839381,0.6387494220515268,1.988,1.976,1.9223809523809523,1.88,1.9585873015873014,True,False,True
2022-11-11,1.99,315,4,11,-0.7583058084785625,0.6518989958787125,1.99,1.978,1.9247619047619047,1.88,1.9607619047619047,True,False,True
2022-11-11,2.18,315,4,11,-0.7583058084785625,0.6518989958787125,2.18,2.187741935483871,2.21741935483871,2.09,2.1974623655913983,False,True,True
2022-11-12,2.18,316,5,11,-0.7469720876965551,0.6648553979642866,2.18,2.186451612903226,2.2161290322580647,2.09,2.196258064516129,False,True,True
2022-11-12,1.99,316,5,11,-0.7469720876965551,0.6648553979642866,1.99,1.98,1.927142857142857,1.88,1.9628571428571429,True,False,True
2022-11-13,1.99,317,6,11,-0.7354170229639858,0.6776147890466887,1.99,1.982,1.9295238095238094,1.88,1.964873015873016,True,False,True
2022-11-13,2.18,317,6,11,-0.7354170229639858,0.6776147890466887,2.18,2.185161290322581,2.2148387096774194,2.09,2.1950967741935488,False,True,True
2022-11-14,2.18,318,0,11,-0.7236440382959124,0.690173388242972,2.18,2.1838709677419357,2.2135483870967745,2.09,2.1939784946236562,False,True,True
2022-11-14,1.99,318,0,11,-0.7236440382959124,0.690173388242972,1.99,1.984,1.9319047619047618,1.88,1.9668095238095238,True,False,True
2022-11-15,2.18,319,1,11,-0.711656622281775,0.7025274741691566,2.18,2.1825806451612904,2.212258064516129,2.09,2.192903225806452,False,True,True
2022-11-15,1.99,319,1,11,-0.711656622281775,0.7025274741691566,1.99,1.986,1.9342857142857142,1.88,1.9686666666666668,True,False,True
2022-11-16,1.99,320,2,11,-0.6994583270516471,0.7146733860429608,1.99,1.988,1.9366666666666665,1.88,1.9704444444444447,True,False,True
2022-11-16,2.18,320,2,11,-0.6994583270516471,0.7146733860429608,2.18,2.1812903225806455,2.210967741935484,2.09,2.1918709677419357,False,True,True
2022-11-17,1.99,321,3,11,-0.6870527672236675,0.7266075247685652,1.99,1.99,1.939047619047619,1.88,1.972142857142857,True,False,True
2022-11-17,2.18,321,3,11,-0.6870527672236675,0.7266075247685652,2.18,2.18,2.209677419354839,2.09,2.1908817204301076,False,True,True
2022-11-18,1.99,322,4,11,-0.6744436188329457,0.7383263540031063,1.99,1.99,1.9414285714285713,1.88,1.9737619047619046,True,False,True
2022-11-18,2.18,322,4,11,-0.6744436188329457,0.7383263540031063,2.18,2.18,2.2083870967741936,2.09,2.189935483870968,False,True,True
2022-11-19,2.18,323,5,11,-0.661634618242279,0.749826401204568,2.18,2.18,2.2070967741935488,2.09,2.189032258064516,False,True,True
2022-11-19,1.99,323,5,11,-0.661634618242279,0.749826401204568,1.99,1.99,1.9438095238095237,1.88,1.9753015873015873,True,False,True
2022-11-20,1.99,324,6,11,-0.6486295610349818,0.7611042586607742,1.99,1.99,1.9461904761904762,1.88,1.9767619047619047,True,False,True
2022-11-20,2.18,324,6,11,-0.6486295610349818,0.7611042586607742,2.18,2.18,2.2058064516129035,2.09,2.1881720430107525,False,True,True
2022-11-21,2.18,325,0,11,-0.6354323008901775,0.7721565844991641,2.18,2.18,2.204516129032258,2.088,2.1873548387096777,False,True,True
2022-11-21,1.99,325,0,11,-0.6354323008901775,0.7721565844991641,1.99,1.99,1.9485714285714286,1.877,1.978142857142857,True,False,True
2022-11-22,1.99,326,1,11,-0.622046748440868,0.7829801036770624,1.99,1.99,1.950952380952381,1.8739999999999999,1.9794444444444443,True,False,True
2022-11-22,2.18,326,1,11,-0.622046748440868,0.7829801036770624,2.18,2.18,2.2032258064516133,2.086,2.1865806451612904,False,True,True
2022-11-23,2.18,327,2,11,-0.6084768701151264,0.7935716089521472,2.18,2.18,2.201935483870968,2.0839999999999996,2.1858494623655913,False,True,True
2022-11-23,1.99,327,2,11,-0.6084768701151264,0.7935716089521472,1.99,1.99,1.9533333333333334,1.871,1.9806666666666668,True,False,True
2022-11-24,2.18,328,3,11,-0.594726686960764,0.8039279618328208,2.18,2.18,2.2006451612903226,2.082,2.185161290322581,False,True,True
2022-11-24,1.99,328,3,11,-0.594726686960764,0.8039279618328208,1.99,1.99,1.9557142857142857,1.8679999999999999,1.9818095238095237,True,False,True
2022-11-25,2.18,329,4,11,-0.5808002734538013,0.8140460935082175,2.18,2.18,2.1993548387096777,2.08,2.1845161290322586,False,True,True
2022-11-25,1.99,329,4,11,-0.5808002734538013,0.8140460935082175,1.99,1.99,1.958095238095238,1.865,1.9828730158730157,True,False,True
2022-11-26,1.99,330,5,11,-0.5667017562911184,0.8239230057575536,1.99,1.99,1.9604761904761905,1.862,1.983857142857143,True,False,True
2022-11-26,2.18,330,5,11,-0.5667017562911184,0.8239230057575536,2.18,2.18,2.1980645161290324,2.078,2.183913978494624,False,True,True
2022-11-27,2.18,331,6,11,-0.5524353131676203,0.8335557718385695,2.18,2.18,2.196774193548387,2.0759999999999996,2.1833548387096773,False,True,True
2022-11-27,1.99,331,6,11,-0.5524353131676203,0.8335557718385695,1.99,1.99,1.9628571428571429,1.859,1.9847619047619047,True,False,True
2022-11-28,2.18,332,0,11,-0.5380051715382992,0.8429415373547832,2.18,2.18,2.1954838709677422,2.074,2.1828387096774193,False,True,True
2022-11-28,1.99,332,0,11,-0.5380051715382992,0.8429415373547832,1.99,1.99,1.9652380952380952,1.856,1.9855873015873016,True,False,True
2022-11-29,2.18,333,1,11,-0.5234156073655503,0.8520775211013093,2.18,2.18,2.194193548387097,2.072,2.1823655913978497,False,True,True
2022-11-29,1.99,333,1,11,-0.5234156073655503,0.8520775211013093,1.99,1.99,1.9676190476190476,1.853,1.9863333333333333,True,False,True
2022-11-30,1.99,334,2,11,-0.5086709438521042,0.8609610158889945,1.99,1.99,1.97,1.85,1.9869999999999999,True,False,True
2022-11-30,2.18,334,2,11,-0.5086709438521042,0.8609610158889945,2.18,2.18,2.1929032258064516,2.07,2.181935483870968,False,True,True
2022-12-01,1.99,335,3,12,-0.49377555015997737,0.8695893893466109,1.99,1.99,1.972,1.8490000000000002,1.9875999999999998,True,False,True
2022-12-01,2.18,335,3,12,-0.49377555015997737,0.8695893893466109,2.18,2.18,2.1916129032258067,2.0669999999999997,2.1815483870967745,False,True,True
2022-12-02,1.99,336,4,12,-0.4787338401157883,0.8779600847008883,1.99,1.99,1.974,1.848,1.9881333333333333,True,False,True
2022-12-02,2.18,336,4,12,-0.4787338401157883,0.8779600847008883,2.18,2.18,2.1903225806451614,2.064,2.181204301075269,False,True,True
2022-12-03,2.18,337,5,12,-0.4635502709028512,0.8860706215341378,2.18,2.18,2.1890322580645165,2.061,2.180903225806452,False,True,True
2022-12-03,1.99,337,5,12,-0.4635502709028512,0.8860706215341378,1.99,1.99,1.976,1.847,1.9886000000000001,True,False,True
2022-12-04,1.99,338,6,12,-0.4482293417404106,0.893918596519257,1.99,1.99,1.978,1.846,1.989,True,False,True
2022-12-04,2.18,338,6,12,-0.4482293417404106,0.893918596519257,2.18,2.18,2.187741935483871,2.058,2.1806451612903226,False,True,True
2022-12-05,1.99,339,0,12,-0.4327755925504317,0.9015016841318838,1.99,1.99,1.98,1.8450000000000002,1.9893333333333334,True,False,True
2022-12-05,2.18,339,0,12,-0.4327755925504317,0.9015016841318838,2.18,2.18,2.186451612903226,2.0549999999999997,2.180430107526882,False,True,True
2022-12-06,1.99,340,1,12,-0.41719360261231697,0.9088176373395028,1.99,1.99,1.982,1.844,1.9896,True,False,True
2022-12-06,2.18,340,1,12,-0.41719360261231697,0.9088176373395028,2.18,2.18,2.185161290322581,2.052,2.180258064516129,False,True,True
2022-12-07,1.99,341,2,12,-0.4014879892059737,0.9158642882672868,1.99,1.99,1.984,1.843,1.9898,True,False,True
2022-12-07,2.18,341,2,12,-0.4014879892059737,0.9158642882672868,2.18,2.18,2.1838709677419357,2.049,2.1801290322580646,False,True,True
2022-12-08,1.99,342,3,12,-0.38566340624360745,0.9226395488404875,1.99,1.99,1.986,1.842,1.989933333333333,True,False,True
2022-12-08,2.18,342,3,12,-0.38566340624360745,0.9226395488404875,2.18,2.18,2.1825806451612904,2.046,2.1800430107526885,False,True,True
2022-12-09,1.99,343,4,12,-0.3697245428906732,0.9291414114031743,1.99,1.99,1.988,1.8410000000000002,1.99,True,False,True
2022-12-09,2.18,343,4,12,-0.3697245428906732,0.9291414114031743,2.18,2.18,2.1812903225806455,2.043,2.18,False,True,True
2022-12-10,1.99,344,5,12,-0.3536761221763721,0.935367949313148,1.99,1.99,1.99,1.84,1.99,True,False,True
2022-12-10,2.18,344,5,12,-0.3536761221763721,0.935367949313148,2.18,2.18,2.18,2.04,2.18,False,True,True
2022-12-11,2.18,345,6,12,-0.33752289959411347,0.941317317512847,2.18,2.18,2.18,2.04,2.18,False,True,True
2022-12-11,1.99,345,6,12,-0.33752289959411347,0.941317317512847,1.99,1.99,1.99,1.8370000000000002,1.99,True,False,True
2022-12-12,2.18,346,0,12,-0.32126966169236515,0.9469877530760751,2.18,2.18,2.18,2.04,2.18,False,True,True
2022-12-12,1.99,346,0,12,-0.32126966169236515,0.9469877530760751,1.99,1.99,1.99,1.834,1.99,True,False,True
2022-12-13,2.18,347,1,12,-0.3049212246562894,0.9523775757303973,2.18,2.18,2.18,2.04,2.18,False,True,True
2022-12-13,1.99,347,1,12,-0.3049212246562894,0.9523775757303973,1.99,1.99,1.99,1.831,1.99,True,False,True
2022-12-14,1.99,348,2,12,-0.2884824328806098,0.9574851883550389,1.99,1.99,1.99,1.828,1.99,True,False,True
2022-12-14,2.18,348,2,12,-0.2884824328806098,0.9574851883550389,2.18,2.18,2.18,2.04,2.18,False,True,True
2022-12-15,2.18,349,3,12,-0.27195815753410524,0.9623090774541487,2.18,2.18,2.18,2.04,2.18,False,True,True
2022-12-15,1.99,349,3,12,-0.27195815753410524,0.9623090774541487,1.99,1.99,1.99,1.8250000000000002,1.99,True,False,True
2022-12-16,2.18,350,4,12,-0.2553532951161881,0.9668478136052773,2.18,2.18,2.18,2.04,2.18,False,True,True
2022-12-16,1.99,350,4,12,-0.2553532951161881,0.9668478136052773,1.99,1.99,1.99,1.822,1.99,True,False,True
2022-12-17,1.99,351,5,12,-0.23867276600594997,0.9711000518829505,1.99,1.99,1.99,1.819,1.99,True,False,True
2022-12-17,2.18,351,5,12,-0.23867276600594997,0.9711000518829505,2.18,2.18,2.18,2.04,2.18,False,True,True
2022-12-18,1.99,352,6,12,-0.22192151300416674,0.9750645322571945,1.99,1.99,1.99,1.816,1.99,True,False,True
2022-12-18,2.18,352,6,12,-0.22192151300416674,0.9750645322571945,2.18,2.18,2.18,2.04,2.18,False,True,True
2022-12-19,1.99,353,0,12,-0.20510449986861926,0.9787400799669153,1.99,1.99,1.99,1.8130000000000002,1.99,True,False,True
2022-12-19,2.18,353,0,12,-0.20510449986861926,0.9787400799669153,2.18,2.18,2.18,2.04,2.18,False,True,True
2022-12-20,2.18,354,1,12,-0.1882267098432439,0.9821256058680006,2.18,2.18,2.18,2.04,2.18,False,True,True
2022-12-20,1.99,354,1,12,-0.1882267098432439,0.9821256058680006,1.99,1.99,1.99,1.81,1.99,True,False,True
2022-12-21,1.9918181818181817,355,2,12,-0.1712931441814778,0.9852201067560606,1.99,1.99,1.99,1.81,1.990060606060606,True,False,True
2022-12-21,2.18,355,2,12,-0.1712931441814778,0.9852201067560606,2.18,2.18,2.18,2.04,2.18,False,True,True
2022-12-22,2.18,356,3,12,-0.154308820664281,0.9880226656636976,2.18,2.18,2.18,2.04,2.18,False,True,True
2022-12-22,1.9936363636363637,356,3,12,-0.154308820664281,0.9880226656636976,1.9918181818181817,1.99,1.99,1.81,1.990181818181818,True,False,True
2022-12-23,2.18,357,4,12,-0.13727877211326517,0.9905324521322227,2.18,2.18,2.18,2.04,2.18,False,True,True
2022-12-23,1.9954545454545454,357,4,12,-0.13727877211326517,0.9905324521322227,1.9936363636363637,1.99,1.99,1.81,1.9903636363636363,True,False,True
2022-12-24,2.18,358,5,12,-0.12020804489935275,0.9927487224577402,2.18,2.18,2.18,2.04,2.18,False,True,True
2022-12-24,1.997272727272727,358,5,12,-0.12020804489935275,0.9927487224577402,1.9954545454545454,1.99,1.99,1.81,1.9906060606060607,True,False,True
2022-12-25,1.999090909090909,359,6,12,-0.10310169744743544,0.9946708199115211,1.997272727272727,1.99,1.99,1.81,1.990909090909091,True,False,True
2022-12-25,2.18,359,6,12,-0.10310169744743544,0.9946708199115211,2.18,2.18,2.18,2.04,2.18,False,True,True
2022-12-26,2.000909090909091,360,0,12,-0.0859647987374467,0.9962981749346077,1.999090909090909,1.99,1.99,1.81,1.991272727272727,True,False,True
2022-12-26,2.18,360,0,12,-0.0859647987374467,0.9962981749346077,2.18,2.18,2.18,2.04,2.18,False,True,True
2022-12-27,2.0027272727272725,361,1,12,-0.06880242680232064,0.9976303053065857,2.000909090909091,1.99,1.99,1.81,1.9916969696969697,True,False,True
2022-12-27,2.18,361,1,12,-0.06880242680232064,0.9976303053065857,2.18,2.18,2.18,2.04,2.18,False,True,True
2022-12-28,2.0045454545454544,362,2,12,-0.05161966722325418,0.9986668162884759,2.0027272727272725,1.9918181818181817,1.99,1.81,1.9921818181818183,True,False,True
2022-12-28,2.18,362,2,12,-0.05161966722325418,0.9986668162884759,2.18,2.18,2.18,2.04,2.18,False,True,True
2022-12-29,2.18,363,3,12,-0.034421611622745804,0.9994074007397048,2.18,2.18,2.18,2.04,2.18,False,True,True
2022-12-29,2.0063636363636363,363,3,12,-0.034421611622745804,0.9994074007397048,2.0045454545454544,1.9936363636363637,1.99,1.81,1.9927272727272727,True,False,True
2022-12-30,2.008181818181818,364,4,12,-0.01721335615583528,0.9998518392091162,2.0063636363636363,1.9954545454545454,1.99,1.81,1.9933333333333332,True,False,True
2022-12-30,2.18,364,4,12,-0.01721335615583528,0.9998518392091162,2.18,2.18,2.18,2.04,2.18,False,True,True
2022-12-31,2.01,365,5,12,6.432490598706546e-16,1.0,2.008181818181818,1.997272727272727,1.99,1.81,1.994,True,False,True
2022-12-31,2.18,365,5,12,6.432490598706546e-16,1.0,2.18,2.18,2.18,2.04,2.18,False,True,True
2023-01-01,2.01,1,6,1,0.017213356155834685,0.9998518392091162,2.01,1.999090909090909,1.99,1.81,1.9946666666666666,True,False,True
2023-01-01,2.18,1,6,1,0.017213356155834685,0.9998518392091162,2.18,2.18,2.18,2.0416129032258064,2.18,False,True,True
2023-01-02,2.01,2,0,1,0.03442161162274574,0.9994074007397048,2.01,2.000909090909091,1.99,1.81,1.9953333333333334,True,False,True
2023-01-02,2.18,2,0,1,0.03442161162274574,0.9994074007397048,2.18,2.18,2.18,2.043225806451613,2.18,False,True,True
2023-01-03,2.01,3,1,1,0.051619667223253764,0.998666816288476,2.01,2.0027272727272725,1.99,1.81,1.9959999999999998,True,False,True
2023-01-03,2.18,3,1,1,0.051619667223253764,0.998666816288476,2.18,2.18,2.18,2.0448387096774194,2.18,False,True,True
2023-01-04,2.01,4,2,1,0.06880242680231986,0.9976303053065857,2.01,2.0045454545454544,1.99,1.81,1.9966666666666666,True,False,True
2023-01-04,2.18,4,2,1,0.06880242680231986,0.9976303053065857,2.18,2.18,2.18,2.0464516129032257,2.18,False,True,True
2023-01-05,2.01,5,3,1,0.08596479873744647,0.9962981749346078,2.01,2.0063636363636363,1.99,1.81,1.9973333333333332,True,False,True
2023-01-05,2.18,5,3,1,0.08596479873744647,0.9962981749346078,2.18,2.18,2.18,2.048064516129032,2.18,False,True,True
2023-01-06,2.01,6,4,1,0.10310169744743485,0.9946708199115211,2.01,2.008181818181818,1.99,1.81,1.998,True,False,True
2023-01-06,2.18,6,4,1,0.10310169744743485,0.9946708199115211,2.18,2.18,2.18,2.049677419354839,2.18,False,True,True
2023-01-07,2.01,7,5,1,0.1202080448993527,0.9927487224577402,2.01,2.01,1.99,1.81,1.9986666666666666,True,False,True
2023-01-07,2.18,7,5,1,0.1202080448993527,0.9927487224577402,2.18,2.18,2.18,2.051290322580645,2.18,False,True,True
2023-01-08,2.01,8,6,1,0.13727877211326478,0.9905324521322229,2.01,2.01,1.99,1.81,1.9993333333333332,True,False,True
2023-01-08,2.18,8,6,1,0.13727877211326478,0.9905324521322229,2.18,2.18,2.18,2.0529032258064515,2.18,False,True,True
2023-01-09,2.01,9,0,1,0.15430882066428117,0.9880226656636976,2.01,2.01,1.99,1.81,1.9999999999999998,True,False,True
2023-01-09,2.18,9,0,1,0.15430882066428117,0.9880226656636976,2.18,2.18,2.18,2.054516129032258,2.18,False,True,True
2023-01-10,2.18,10,1,1,0.1712931441814776,0.9852201067560606,2.18,2.18,2.18,2.0561290322580645,2.18,False,True,True
2023-01-10,2.01,10,1,1,0.1712931441814776,0.9852201067560606,2.01,2.01,1.99,1.81,2.0006666666666666,True,False,True
2023-01-11,2.01,11,2,1,0.1882267098432442,0.9821256058680006,2.01,2.01,1.99,1.816,2.001333333333333,True,False,True
2023-01-11,2.18,11,2,1,0.1882267098432442,0.9821256058680006,2.18,2.18,2.18,2.057741935483871,2.18,False,True,True
2023-01-12,2.01,12,3,1,0.2051044998686192,0.9787400799669153,2.01,2.01,1.99,1.822,2.002,True,False,True
2023-01-12,2.18,12,3,1,0.2051044998686192,0.9787400799669153,2.18,2.18,2.18,2.059354838709677,2.18,False,True,True
2023-01-13,2.01,13,4,1,0.2219215130041655,0.9750645322571948,2.01,2.01,1.99,1.828,2.0026666666666664,True,False,True
2023-01-13,2.18,13,4,1,0.2219215130041655,0.9750645322571948,2.18,2.18,2.18,2.060967741935484,2.18,False,True,True
2023-01-14,2.01,14,5,1,0.2386727660059501,0.9711000518829505,2.01,2.01,1.99,1.834,2.003333333333333,True,False,True
2023-01-14,2.18,14,5,1,0.2386727660059501,0.9711000518829505,2.18,2.18,2.18,2.0625806451612902,2.18,False,True,True
2023-01-15,2.18,15,6,1,0.255353295116187,0.9668478136052775,2.18,2.18,2.18,2.0641935483870966,2.18,False,True,True
2023-01-15,2.01,15,6,1,0.255353295116187,0.9668478136052775,2.01,2.01,1.99,1.84,2.004,True,False,True
2023-01-16,2.18,16,0,1,0.2719581575341055,0.9623090774541486,2.18,2.18,2.18,2.0658064516129033,2.18,False,True,True
2023-01-16,2.01,16,0,1,0.2719581575341055,0.9623090774541486,2.01,2.01,1.99,1.846,2.0046666666666666,True,False,True
2023-01-17,2.18,17,1,1,0.288482432880609,0.9574851883550393,2.18,2.18,2.18,2.0674193548387096,2.18,False,True,True
2023-01-17,2.01,17,1,1,0.288482432880609,0.9574851883550393,2.01,2.01,1.99,1.852,2.005333333333333,True,False,True
2023-01-18,2.18,18,2,1,0.30492122465628907,0.9523775757303974,2.18,2.18,2.18,2.069032258064516,2.18,False,True,True
2023-01-18,2.01,18,2,1,0.30492122465628907,0.9523775757303974,2.01,2.01,1.99,1.858,2.006,True,False,True
2023-01-19,2.18,19,3,1,0.3212696616923644,0.9469877530760753,2.18,2.18,2.18,2.0706451612903227,2.18,False,True,True
2023-01-19,2.01,19,3,1,0.3212696616923644,0.9469877530760753,2.01,2.01,1.99,1.864,2.0066666666666664,True,False,True
2023-01-20,2.01,20,4,1,0.3375228995941133,0.9413173175128471,2.01,2.01,1.9918181818181817,1.87,2.007272727272727,True,False,True
2023-01-20,2.18,20,4,1,0.3375228995941133,0.9413173175128471,2.18,2.18,2.18,2.072258064516129,2.18,False,True,True
2023-01-21,2.01,21,5,1,0.3536761221763716,0.9353679493131483,2.01,2.01,1.9936363636363637,1.87,2.0078181818181817,True,False,True
2023-01-21,2.18,21,5,1,0.3536761221763716,0.9353679493131483,2.18,2.18,2.18,2.0738709677419354,2.18,False,True,True
2023-01-22,2.01,22,6,1,0.3697245428906731,0.9291414114031743,2.01,2.01,1.9954545454545454,1.87,2.00830303030303,True,False,True
2023-01-22,2.18,22,6,1,0.3697245428906731,0.9291414114031743,2.18,2.18,2.18,2.0754838709677417,2.18,False,True,True
2023-01-23,2.18,23,0,1,0.38566340624360707,0.9226395488404876,2.18,2.18,2.18,2.0770967741935484,2.18,False,True,True
2023-01-23,2.01,23,0,1,0.38566340624360707,0.9226395488404876,2.01,2.01,1.997272727272727,1.87,2.0087272727272727,True,False,True
2023-01-24,2.18,24,1,1,0.401487989205973,0.9158642882672872,2.18,2.18,2.18,2.0787096774193548,2.18,False,True,True
2023-01-24,2.01,24,1,1,0.401487989205973,0.9158642882672872,2.01,2.01,1.999090909090909,1.87,2.009090909090909,True,False,True
2023-01-25,2.01,25,2,1,0.4171936026123168,0.9088176373395029,2.01,2.01,2.000909090909091,1.87,2.0093939393939393,True,False,True
2023-01-25,2.18,25,2,1,0.4171936026123168,0.9088176373395029,2.18,2.18,2.18,2.080322580645161,2.18,False,True,True
2023-01-26,2.01,26,3,1,0.4327755925504312,0.901501684131884,2.01,2.01,2.0027272727272725,1.87,2.009636363636363,True,False,True
2023-01-26,2.18,26,3,1,0.4327755925504312,0.901501684131884,2.18,2.18,2.18,2.081935483870968,2.18,False,True,True
2023-01-27,2.01,27,4,1,0.4482293417404106,0.893918596519257,2.01,2.01,2.0045454545454544,1.87,2.0098181818181815,True,False,True
2023-01-27,2.18,27,4,1,0.4482293417404106,0.893918596519257,2.18,2.18,2.18,2.083548387096774,2.18,False,True,True
2023-01-28,2.18,28,5,1,0.4635502709028509,0.886070621534138,2.18,2.18,2.18,2.0851612903225805,2.18,False,True,True
2023-01-28,2.01,28,5,1,0.4635502709028509,0.886070621534138,2.01,2.01,2.0063636363636363,1.87,2.0099393939393937,True,False,True
2023-01-29,2.18,29,6,1,0.47873384011578846,0.8779600847008882,2.18,2.18,2.18,2.086774193548387,2.18,False,True,True
2023-01-29,2.01,29,6,1,0.47873384011578846,0.8779600847008882,2.01,2.01,2.008181818181818,1.87,2.01,True,False,True
2023-01-30,2.18,30,0,1,0.49377555015997715,0.869589389346611,2.18,2.18,2.18,2.0883870967741935,2.18,False,True,True
2023-01-30,2.01,30,0,1,0.49377555015997715,0.869589389346611,2.01,2.01,2.01,1.87,2.01,True,False,True
2023-01-31,2.01,31,1,1,0.5086709438521044,0.8609610158889943,2.01,2.01,2.01,1.87,2.01,True,False,True
2023-01-31,2.18,31,1,1,0.5086709438521044,0.8609610158889943,2.18,2.18,2.18,2.09,2.18,False,True,True
2023-02-01,2.01,32,2,2,0.5234156073655503,0.8520775211013093,2.01,2.01,2.01,1.864,2.01,True,False,True
2023-02-01,2.18,32,2,2,0.5234156073655503,0.8520775211013093,2.18,2.18,2.18,2.09,2.18,False,True,True
2023-02-02,2.18,33,3,2,0.5380051715382996,0.8429415373547828,2.18,2.18,2.18,2.09,2.18,False,True,True
2023-02-02,2.01,33,3,2,0.5380051715382996,0.8429415373547828,2.01,2.01,2.01,1.858,2.01,True,False,True
2023-02-03,2.01,34,4,2,0.5524353131676196,0.8335557718385699,2.01,2.01,2.01,1.852,2.01,True,False,True
2023-02-03,2.18,34,4,2,0.5524353131676196,0.8335557718385699,2.18,2.18,2.18,2.09,2.18,False,True,True
2023-02-04,2.18,35,5,2,0.5667017562911176,0.8239230057575542,2.18,2.18,2.18,2.09,2.18,False,True,True
2023-02-04,2.01,35,5,2,0.5667017562911176,0.8239230057575542,2.01,2.01,2.01,1.846,2.01,True,False,True
2023-02-05,2.01,36,6,2,0.5808002734538009,0.8140460935082178,2.01,2.01,2.01,1.84,2.01,True,False,True
2023-02-05,2.18,36,6,2,0.5808002734538009,0.8140460935082178,2.18,2.18,2.18,2.09,2.18,False,True,True
2023-02-06,2.18,37,0,2,0.5947266869607634,0.8039279618328213,2.18,2.18,2.18,2.09,2.18,False,True,True
2023-02-06,2.01,37,0,2,0.5947266869607634,0.8039279618328213,2.01,2.01,2.01,1.834,2.01,True,False,True
2023-02-07,2.01,38,1,2,0.6084768701151261,0.7935716089521474,2.01,2.01,2.01,1.828,2.01,True,False,True
2023-02-07,2.18,38,1,2,0.6084768701151261,0.7935716089521474,2.18,2.18,2.18,2.09,2.18,False,True,True
2023-02-08,2.01,39,2,2,0.6220467484408675,0.7829801036770629,2.01,2.01,2.01,1.822,2.01,True,False,True
2023-02-08,2.18,39,2,2,0.6220467484408675,0.7829801036770629,2.18,2.18,2.18,2.09,2.18,False,True,True
2023-02-09,2.01,40,3,2,0.6354323008901774,0.7721565844991642,2.01,2.01,2.01,1.816,2.01,True,False,True
2023-02-09,2.18,40,3,2,0.6354323008901774,0.7721565844991642,2.18,2.18,2.18,2.09,2.18,False,True,True
2023-02-10,2.18,41,4,2,0.6486295610349814,0.7611042586607747,2.18,2.18,2.18,2.09,2.18,False,True,True
2023-02-10,2.01,41,4,2,0.6486295610349814,0.7611042586607747,2.01,2.01,2.01,1.81,2.01,True,False,True
2023-02-11,2.18,42,5,2,0.6616346182422783,0.7498264012045686,2.18,2.18,2.18,2.09,2.18,False,True,True
2023-02-11,2.01,42,5,2,0.6616346182422783,0.7498264012045686,2.01,2.01,2.01,1.81,2.01,True,False,True
2023-02-12,2.01,43,6,2,0.6744436188329455,0.7383263540031065,2.01,2.01,2.01,1.81,2.01,True,False,True
2023-02-12,2.18,43,6,2,0.6744436188329455,0.7383263540031065,2.18,2.18,2.18,2.09,2.18,False,True,True
2023-02-13,2.18,44,0,2,0.6870527672236669,0.7266075247685656,2.18,2.18,2.18,2.09,2.18,False,True,True
2023-02-13,2.01,44,0,2,0.6870527672236669,0.7266075247685656,2.01,2.01,2.01,1.81,2.01,True,False,True
2023-02-14,2.18,45,1,2,0.699458327051647,0.7146733860429609,2.18,2.18,2.18,2.09,2.18,False,True,True
2023-02-14,2.01,45,1,2,0.699458327051647,0.7146733860429609,2.01,2.01,2.01,1.81,2.01,True,False,True
2023-02-15,2.18,46,2,2,0.7116566222817746,0.7025274741691571,2.18,2.18,2.18,2.09,2.18,False,True,True
2023-02-15,2.01,46,2,2,0.7116566222817746,0.7025274741691571,2.01,2.01,2.01,1.81,2.01,True,False,True
2023-02-16,2.01,47,3,2,0.7236440382959124,0.6901733882429719,2.01,2.01,2.01,1.81,2.01,True,False,True
2023-02-16,2.18,47,3,2,0.7236440382959124,0.6901733882429719,2.18,2.18,2.18,2.09,2.18,False,True,True
2023-02-17,2.18,48,4,2,0.7354170229639855,0.6776147890466889,2.18,2.18,2.18,2.09,2.18,False,True,True
2023-02-17,2.01,48,4,2,0.7354170229639855,0.6776147890466889,2.01,2.01,2.01,1.81,2.01,True,False,True
2023-02-18,2.01,49,5,2,0.7469720876965552,0.6648553979642865,2.01,2.01,2.01,1.81,2.01,True,False,True
2023-02-18,2.18,49,5,2,0.7469720876965552,0.6648553979642865,2.18,2.18,2.18,2.09,2.18,False,True,True
2023-02-19,2.18,50,6,2,0.7583058084785624,0.6518989958787126,2.18,2.18,2.18,2.09,2.18,False,True,True
2023-02-19,2.01,50,6,2,0.7583058084785624,0.6518989958787126,2.01,2.01,2.01,1.81,2.01,True,False,True
2023-02-20,2.18,51,0,2,0.7694148268839378,0.6387494220515272,2.18,2.18,2.18,2.09,2.18,False,True,True
2023-02-20,2.01,51,0,2,0.7694148268839378,0.6387494220515272,2.01,2.01,2.01,1.81,2.01,True,False,True
2023-02-21,2.18,52,1,2,0.7802958510707755,0.6254105729852463,2.18,2.18,2.18,2.09,2.18,False,True,True
2023-02-21,2.01,52,1,2,0.7802958510707755,0.6254105729852463,2.01,2.01,2.01,1.835,2.01,True,False,True
2023-02-22,2.18,53,2,2,0.7909456567567772,0.6118864012687243,2.18,2.18,2.18,2.09,2.18,False,True,True
2023-02-22,2.01,53,2,2,0.7909456567567772,0.6118864012687243,2.01,2.01,2.01,1.8599999999999999,2.01,True,False,True
2023-02-23,2.01,54,3,2,0.8013610881746766,0.5981809144059165,2.01,2.01,2.01,1.885,2.01,True,False,True
2023-02-23,2.18,54,3,2,0.8013610881746766,0.5981809144059165,2.18,2.18,2.18,2.09,2.18,False,True,True
2023-02-24,2.18,55,4,2,0.8115390590073611,0.5842981736283684,2.18,2.18,2.18,2.09,2.18,False,True,True
2023-02-24,2.01,55,4,2,0.8115390590073611,0.5842981736283684,2.01,2.01,2.01,1.91,2.01,True,False,True
2023-02-25,2.01,56,5,2,0.8214765533024142,0.5702422926917871,2.01,2.01,2.01,1.9349999999999998,2.01,True,False,True
2023-02-25,2.18,56,5,2,0.8214765533024142,0.5702422926917871,2.18,2.18,2.18,2.09,2.18,False,True,True
2023-02-26,2.01,57,6,2,0.8311706263658079,0.5560174366570446,2.01,2.01,2.01,1.96,2.01,True,False,True
2023-02-26,2.18,57,6,2,0.8311706263658079,0.5560174366570446,2.18,2.18,2.18,2.09,2.18,False,True,True
2023-02-27,2.18,58,0,2,0.8406184056344782,0.5416278206559814,2.18,2.18,2.18,2.09,2.18,False,True,True
2023-02-27,2.01,58,0,2,0.8406184056344782,0.5416278206559814,2.01,2.01,2.01,1.9849999999999999,2.01,True,False,True
2023-02-28,2.01,59,1,2,0.8498170915275278,0.5270777086423722,2.01,2.01,2.01,2.01,2.01,True,False,True
2023-02-28,2.18,59,1,2,0.8498170915275278,0.5270777086423722,2.18,2.18,2.18,2.09,2.18,False,True,True
2023-03-01,2.1750000000000003,60,2,3,0.8587639582758029,0.5123714121284237,2.18,2.18,2.18,2.0999999999999996,2.1798333333333337,False,True,True
2023-03-01,1.9999999999999998,60,2,3,0.8587639582758029,0.5123714121284237,2.01,2.01,2.01,2.0119999999999996,2.0096666666666665,True,False,True
2023-03-02,1.9899999999999998,61,3,3,0.8674563547295969,0.49751328890718066,1.9999999999999998,2.01,2.01,2.014,2.009,True,False,True
2023-03-02,2.17,61,3,3,0.8674563547295969,0.49751328890718066,2.1750000000000003,2.18,2.18,2.11,2.1795,False,True,True
2023-03-03,2.165,62,4,3,0.8758917051442429,0.48250774176121847,2.17,2.18,2.18,2.12,2.1790000000000003,False,True,True
2023-03-03,1.9799999999999998,62,4,3,0.8758917051442429,0.48250774176121847,1.9899999999999998,2.01,2.01,2.016,2.008,True,False,True
2023-03-04,2.16,63,5,3,0.8840675099433636,0.4673592171580022,2.165,2.18,2.18,2.13,2.1783333333333332,False,True,True
2023-03-04,1.9699999999999998,63,5,3,0.8840675099433636,0.4673592171580022,1.9799999999999998,2.01,2.01,2.018,2.0066666666666664,True,False,True
2023-03-05,2.1550000000000002,64,6,3,0.8919813464595485,0.45207220393230435,2.16,2.18,2.18,2.1399999999999997,2.1775,False,True,True
2023-03-05,1.96,64,6,3,0.8919813464595485,0.45207220393230435,1.9699999999999998,2.01,2.01,2.0199999999999996,2.005,True,False,True
2023-03-06,1.95,65,0,3,0.8996308696522433,0.43665123195606403,1.96,2.01,2.01,2.022,2.0029999999999997,True,False,True
2023-03-06,2.15,65,0,3,0.8996308696522433,0.43665123195606403,2.1550000000000002,2.18,2.18,2.15,2.1765,False,True,True
2023-03-07,1.94,66,1,3,0.9070138128026359,0.4211008707960896,1.95,2.01,2.01,2.024,2.0006666666666666,True,False,True
2023-03-07,2.145,66,1,3,0.9070138128026359,0.4211008707960896,2.15,2.18,2.18,2.16,2.1753333333333336,False,True,True
2023-03-08,2.14,67,2,3,0.9141279881853337,0.40542572835999735,2.145,2.1750000000000003,2.18,2.17,2.174,False,True,True
2023-03-08,1.93,67,2,3,0.9141279881853337,0.40542572835999735,1.94,1.9999999999999998,2.01,2.026,1.998,True,False,True
2023-03-09,2.135,68,3,3,0.9209712877166346,0.38963044953078796,2.14,2.17,2.18,2.1799999999999997,2.1725,False,True,True
2023-03-09,1.92,68,3,3,0.9209712877166346,0.38963044953078796,1.93,1.9899999999999998,2.01,2.0279999999999996,1.9949999999999999,True,False,True
2023-03-10,2.13,69,4,3,0.9275416835791966,0.37371971479046906,2.135,2.165,2.18,2.19,2.1708333333333334,False,True,True
2023-03-10,1.91,69,4,3,0.9275416835791966,0.37371971479046906,1.92,1.9799999999999998,2.01,2.03,1.9916666666666665,True,False,True
2023-03-11,2.13,70,5,3,0.9338372288229252,0.35769823883312546,2.13,2.16,2.18,2.19,2.169166666666667,False,True,True
2023-03-11,1.91,70,5,3,0.9338372288229252,0.35769823883312546,1.91,1.9699999999999998,2.01,2.027142857142857,1.9883333333333333,True,False,True
2023-03-12,1.91,71,6,3,0.9398560579418954,0.3415707691678556,1.91,1.96,2.01,2.024285714285714,1.9849999999999999,True,False,True
2023-03-12,2.13,71,6,3,0.9398560579418954,0.3415707691678556,2.13,2.1550000000000002,2.18,2.19,2.1675,False,True,True
2023-03-13,1.91,72,0,3,0.9455963874271426,0.3253420847119801,1.91,1.95,2.01,2.0214285714285714,1.9816666666666665,True,False,True
2023-03-13,2.13,72,0,3,0.9455963874271426,0.3253420847119801,2.13,2.15,2.18,2.19,2.1658333333333335,False,True,True
2023-03-14,2.13,73,1,3,0.9510565162951535,0.30901699437494745,2.13,2.145,2.18,2.19,2.1641666666666666,False,True,True
2023-03-14,1.91,73,1,3,0.9510565162951535,0.30901699437494745,1.91,1.94,2.01,2.0185714285714282,1.978333333333333,True,False,True
2023-03-15,1.91,74,2,3,0.9562348265919056,0.29260033563334836,1.91,1.93,2.01,2.0157142857142856,1.975,True,False,True
2023-03-15,2.13,74,2,3,0.9562348265919056,0.29260033563334836,2.13,2.14,2.18,2.19,2.1625,False,True,True
2023-03-16,2.13,75,3,3,0.9611297838723007,0.27609697309746883,2.13,2.135,2.18,2.19,2.1608333333333336,False,True,True
2023-03-16,1.91,75,3,3,0.9611297838723007,0.27609697309746883,1.91,1.92,2.01,2.012857142857143,1.9716666666666667,True,False,True
2023-03-17,1.91,76,4,3,0.9657399376548549,0.2595117970697999,1.91,1.91,2.01,2.01,1.968333333333333,True,False,True
2023-03-17,2.13,76,4,3,0.9657399376548549,0.2595117970697999,2.13,2.13,2.18,2.19,2.1591666666666667,False,True,True
2023-03-18,2.13,77,5,3,0.9700639218515071,0.2428497220959356,2.13,2.13,2.18,2.19,2.1575,False,True,True
2023-03-18,1.91,77,5,3,0.9700639218515071,0.2428497220959356,1.91,1.91,2.01,2.007142857142857,1.9649999999999999,True,False,True
2023-03-19,2.13,78,6,3,0.9741004551724205,0.22611568550828828,2.13,2.13,2.18,2.19,2.1558333333333337,False,True,True
2023-03-19,1.91,78,6,3,0.9741004551724205,0.22611568550828828,1.91,1.91,2.01,2.004285714285714,1.9616666666666664,True,False,True
2023-03-20,1.91,79,0,3,0.9778483415056568,0.20931464596304847,1.91,1.91,2.01,2.0014285714285713,1.9583333333333333,True,False,True
2023-03-20,2.13,79,0,3,0.9778483415056568,0.20931464596304847,2.13,2.13,2.18,2.19,2.154166666666667,False,True,True
2023-03-21,2.127272727272727,80,1,3,0.9813064702716093,0.19245158197082998,2.13,2.13,2.18,2.19,2.1524090909090905,False,True,True
2023-03-21,1.9036363636363636,80,1,3,0.9813064702716093,0.19245158197082998,1.91,1.91,2.01,1.9985714285714284,1.9547878787878787,True,False,True
2023-03-22,1.8972727272727272,81,2,3,0.9844738167520922,0.1755314904214282,1.9036363636363636,1.91,2.01,1.9957142857142856,1.951030303030303,True,False,True
2023-03-22,2.1245454545454545,81,2,3,0.9844738167520922,0.1755314904214282,2.127272727272727,2.13,2.18,2.19,2.150560606060606,False,True,True
2023-03-23,1.8909090909090909,82,3,3,0.9873494423939864,0.15855938510313475,1.8972727272727272,1.91,2.01,1.9928571428571429,1.947060606060606,True,False,True
2023-03-23,2.1218181818181816,82,3,3,0.9873494423939864,0.15855938510313475,2.1245454545454545,2.13,2.18,2.19,2.148621212121212,False,True,True
2023-03-24,1.8845454545454545,83,4,3,0.989932495087353,0.141540295217043,1.8909090909090909,1.91,2.01,1.99,1.9428787878787879,True,False,True
2023-03-24,2.119090909090909,83,4,3,0.989932495087353,0.141540295217043,2.1218181818181816,2.13,2.18,2.19,2.146590909090909,False,True,True
2023-03-25,1.8781818181818182,84,5,3,0.9922222094179323,0.12447926388678915,1.8845454545454545,1.91,2.01,1.987142857142857,1.9384848484848483,True,False,True
2023-03-25,2.1163636363636362,84,5,3,0.9922222094179323,0.12447926388678915,2.119090909090909,2.13,2.18,2.19,2.1444696969696966,False,True,True
2023-03-26,1.8718181818181818,85,6,3,0.994217906893952,0.10738134666416309,1.8781818181818182,1.91,2.01,1.9842857142857142,1.9338787878787878,True,False,True
2023-03-26,2.1136363636363638,85,6,3,0.994217906893952,0.10738134666416309,2.1163636363636362,2.13,2.18,2.19,2.1422575757575757,False,True,True
2023-03-27,1.8654545454545455,86,0,3,0.995918996147179,0.09025161003104117,1.8718181818181818,1.91,2.01,1.9814285714285713,1.929060606060606,True,False,True
2023-03-27,2.110909090909091,86,0,3,0.995918996147179,0.09025161003104117,2.1136363636363638,2.13,2.18,2.19,2.1399545454545454,False,True,True
2023-03-28,1.8590909090909091,87,1,3,0.9973249731081555,0.07309512989807777,1.8654545454545455,1.9036363636363636,2.01,1.9785714285714284,1.924030303030303,True,False,True
2023-03-28,2.1081818181818184,87,1,3,0.9973249731081555,0.07309512989807777,2.110909090909091,2.127272727272727,2.18,2.19,2.137560606060606,False,True,True
2023-03-29,2.1054545454545455,88,2,3,0.9984354211555643,0.055916990100603484,2.1081818181818184,2.1245454545454545,2.18,2.19,2.1350757575757573,False,True,True
2023-03-29,1.8527272727272728,88,2,3,0.9984354211555643,0.055916990100603484,1.8590909090909091,1.8972727272727272,2.01,1.9757142857142858,1.9187878787878787,True,False,True
2023-03-30,2.102727272727273,89,3,3,0.9992500112396835,0.03872228089217446,2.1054545454545455,2.1218181818181816,2.18,2.19,2.1325,False,True,True
2023-03-30,1.8463636363636364,89,3,3,0.9992500112396835,0.03872228089217446,1.8527272727272728,1.8909090909090909,2.01,1.9728571428571429,1.9133333333333333,True,False,True
2023-03-31,1.84,90,4,3,0.9997685019798909,0.021516097436222254,1.8463636363636364,1.8845454545454545,1.9999999999999998,1.97,1.908,True,False,True
2023-03-31,2.1,90,4,3,0.9997685019798909,0.021516097436222254,2.102727272727273,2.119090909090909,2.1750000000000003,2.19,2.13,False,True,True
2023-04-01,1.84,91,5,4,0.9999907397361901,0.004303538296244289,1.84,1.8781818181818182,1.9899999999999998,1.964,1.9029999999999998,True,False,True
2023-04-01,2.1,91,5,4,0.9999907397361901,0.004303538296244289,2.1,2.1163636363636362,2.17,2.183,2.127666666666667,False,True,True
2023-04-02,2.1,92,6,4,0.9999166586547379,-0.01291029607500882,2.1,2.1136363636363638,2.165,2.176,2.1255,False,True,True
2023-04-02,1.84,92,6,4,0.9999166586547379,-0.01291029607500882,1.84,1.8718181818181818,1.9799999999999998,1.958,1.8983333333333332,True,False,True
2023-04-03,1.84,93,0,4,0.9995462806873573,-0.030120304846908114,1.84,1.8654545454545455,1.9699999999999998,1.952,1.894,True,False,True
2023-04-03,2.1,93,0,4,0.9995462806873573,-0.030120304846908114,2.1,2.110909090909091,2.16,2.169,2.1235,False,True,True
2023-04-04,2.1,94,1,4,0.9988797155850336,-0.04732138832243185,2.1,2.1081818181818184,2.1550000000000002,2.162,2.1216666666666666,False,True,True
2023-04-04,1.84,94,1,4,0.9988797155850336,-0.04732138832243185,1.84,1.8590909090909091,1.96,1.946,1.8900000000000001,True,False,True
2023-04-05,2.1,95,2,4,0.9979171608653922,-0.06450844944931623,2.1,2.1054545454545455,2.15,2.1550000000000002,2.12,False,True,True
2023-04-05,1.84,95,2,4,0.9979171608653922,-0.06450844944931623,1.84,1.8527272727272728,1.95,1.94,1.8863333333333332,True,False,True
2023-04-06,2.1,96,3,4,0.9966589017541702,-0.08167639533042241,2.1,2.102727272727273,2.145,2.148,2.1184999999999996,False,True,True
2023-04-06,1.84,96,3,4,0.9966589017541702,-0.08167639533042241,1.84,1.8463636363636364,1.94,1.934,1.883,True,False,True
2023-04-07,1.84,97,4,4,0.9951053111006976,-0.09882013873287143,1.84,1.84,1.93,1.928,1.88,True,False,True
2023-04-07,2.1,97,4,4,0.9951053111006976,-0.09882013873287143,2.1,2.1,2.14,2.141,2.1171666666666664,False,True,True
2023-04-08,1.84,98,5,4,0.9932568492674143,-0.11593459959550041,1.84,1.84,1.92,1.922,1.8773333333333333,True,False,True
2023-04-08,2.1,98,5,4,0.9932568492674143,-0.11593459959550041,2.1,2.1,2.135,2.134,2.116,False,True,True
2023-04-09,1.84,99,6,4,0.9911140639934547,-0.1330147065341959,1.84,1.84,1.91,1.916,1.875,True,False,True
2023-04-09,2.1,99,6,4,0.9911140639934547,-0.1330147065341959,2.1,2.1,2.13,2.1270000000000002,2.115,False,True,True
2023-04-10,2.1,100,0,4,0.9886775902323405,-0.1500553983446526,2.1,2.1,2.13,2.12,2.114,False,True,True
2023-04-10,1.84,100,0,4,0.9886775902323405,-0.1500553983446526,1.84,1.84,1.91,1.91,1.8726666666666667,True,False,True
2023-04-11,1.84,101,1,4,0.9859481499638304,-0.16705162550211924,1.84,1.84,1.91,1.919,1.8703333333333334,True,False,True
2023-04-11,2.1,101,1,4,0.9859481499638304,-0.16705162550211924,2.1,2.1,2.13,2.123,2.113,False,True,True
2023-04-12,1.84,102,2,4,0.9829265519799822,-0.18399835165768005,1.84,1.84,1.91,1.928,1.8679999999999999,True,False,True
2023-04-12,2.1,102,2,4,0.9829265519799822,-0.18399835165768005,2.1,2.1,2.13,2.126,2.112,False,True,True
2023-04-13,2.1,103,3,4,0.9796136916454901,-0.20089055513063506,2.1,2.1,2.13,2.129,2.1109999999999998,False,True,True
2023-04-13,1.84,103,3,4,0.9796136916454901,-0.20089055513063506,1.84,1.84,1.91,1.9369999999999998,1.8656666666666666,True,False,True
2023-04-14,1.84,104,4,4,0.9760105506323683,-0.21772323039653177,1.84,1.84,1.91,1.946,1.8633333333333335,True,False,True
2023-04-14,2.1,104,4,4,0.9760105506323683,-0.21772323039653177,2.1,2.1,2.13,2.132,2.1100000000000003,False,True,True
2023-04-15,1.84,105,5,4,0.9721181966290613,-0.23449138957040985,1.84,1.84,1.91,1.955,1.861,True,False,True
2023-04-15,2.1,105,5,4,0.9721181966290613,-0.23449138957040985,2.1,2.1,2.13,2.135,2.109,False,True,True
2023-04-16,1.84,106,6,4,0.9679377830240642,-0.25119006388481935,1.84,1.84,1.91,1.964,1.858666666666667,True,False,True
2023-04-16,2.1,106,6,4,0.9679377830240642,-0.25119006388481935,2.1,2.1,2.13,2.138,2.108,False,True,True
2023-04-17,1.84,107,0,4,0.9634705485641488,-0.2678143051621742,1.84,1.84,1.91,1.9729999999999999,1.8563333333333332,True,False,True
2023-04-17,2.1,107,0,4,0.9634705485641488,-0.2678143051621742,2.1,2.1,2.13,2.141,2.107,False,True,True
2023-04-18,2.1,108,1,4,0.9587178169872964,-0.2843591872810034,2.1,2.1,2.13,2.144,2.106,False,True,True
2023-04-18,1.84,108,1,4,0.9587178169872964,-0.2843591872810034,1.84,1.84,1.91,1.982,1.854,True,False,True
2023-04-19,2.1,109,2,4,0.9536809966304457,-0.30081980763566735,2.1,2.1,2.13,2.147,2.105,False,True,True
2023-04-19,1.84,109,2,4,0.9536809966304457,-0.30081980763566735,1.84,1.84,1.91,1.991,1.8516666666666666,True,False,True
2023-04-20,2.1,110,3,4,0.9483615800121715,-0.3171912885891061,2.1,2.1,2.127272727272727,2.15,2.104090909090909,False,True,True
2023-04-20,1.84,110,3,4,0.9483615800121715,-0.3171912885891061,1.84,1.84,1.9036363636363636,2.0,1.8495454545454544,True,False,True
2023-04-21,1.84,111,4,4,0.9427611433904207,-0.3334687789181868,1.84,1.84,1.8972727272727272,2.001,1.847636363636364,True,False,True
2023-04-21,2.1,111,4,4,0.9427611433904207,-0.3334687789181868,2.1,2.1,2.1245454545454545,2.153,2.1032727272727274,False,True,True
2023-04-22,1.84,112,5,4,0.9368813462954315,-0.3496474552512284,1.84,1.84,1.8909090909090909,2.002,1.845939393939394,True,False,True
2023-04-22,2.1,112,5,4,0.9368813462954315,-0.3496474552512284,2.1,2.1,2.1218181818181816,2.156,2.1025454545454547,False,True,True
2023-04-23,1.84,113,6,4,0.9307239310379795,-0.36572252349726897,1.84,1.84,1.8845454545454545,2.003,1.8444545454545456,True,False,True
2023-04-23,2.1,113,6,4,0.9307239310379795,-0.36572252349726897,2.1,2.1,2.119090909090909,2.159,2.101909090909091,False,True,True
2023-04-24,1.84,114,0,4,0.9242907221930933,-0.3816892202666588,1.84,1.84,1.8781818181818182,2.004,1.8431818181818183,True,False,True
2023-04-24,2.1,114,0,4,0.9242907221930933,-0.3816892202666588,2.1,2.1,2.1163636363636362,2.162,2.101363636363636,False,True,True
2023-04-25,2.1,115,1,4,0.9175836260593937,-0.39754281428255595,2.1,2.1,2.1136363636363638,2.165,2.100909090909091,False,True,True
2023-04-25,1.84,115,1,4,0.9175836260593937,-0.39754281428255595,1.84,1.84,1.8718181818181818,2.005,1.8421212121212123,True,False,True
2023-04-26,2.1,116,2,4,0.9106046300942162,-0.4132786077829042,2.1,2.1,2.110909090909091,2.168,2.100545454545455,False,True,True
2023-04-26,1.84,116,2,4,0.9106046300942162,-0.4132786077829042,1.84,1.84,1.8654545454545455,2.006,1.8412727272727274,True,False,True
2023-04-27,2.1,117,3,4,0.9033558023246845,-0.4288919379124835,2.1,2.1,2.1081818181818184,2.1710000000000003,2.1002727272727273,False,True,True
2023-04-27,1.84,117,3,4,0.9033558023246845,-0.4288919379124835,1.84,1.84,1.8590909090909091,2.0069999999999997,1.8406363636363638,True,False,True
2023-04-28,1.84,118,4,4,0.895839290734909,-0.4443781781046132,1.84,1.84,1.8527272727272728,2.008,1.8402121212121214,True,False,True
2023-04-28,2.1,118,4,4,0.895839290734909,-0.4443781781046132,2.1,2.1,2.1054545454545455,2.174,2.100090909090909,False,True,True
2023-04-29,1.84,119,5,4,0.8880573226294932,-0.45973273945210397,1.84,1.84,1.8463636363636364,2.009,1.84,True,False,True
2023-04-29,2.1,119,5,4,0.8880573226294932,-0.45973273945210397,2.1,2.1,2.102727272727273,2.177,2.1,False,True,True
2023-04-30,1.84,120,6,4,0.8800122039735357,-0.47495107206704995,1.84,1.84,1.84,2.01,1.84,True,False,True
2023-04-30,2.1,120,6,4,0.8800122039735357,-0.47495107206704995,2.1,2.1,2.1,2.18,2.1,False,True,True
2023-05-01,2.1,121,0,5,0.8717063187093218,-0.4900286664290592,2.1,2.1,2.1,2.184,2.1,False,True,True
2023-05-01,1.835,121,0,5,0.8717063187093218,-0.4900286664290592,1.84,1.84,1.84,2.005,1.8398333333333334,True,False,True
2023-05-02,2.1,122,1,5,0.8631421280499114,-0.5049610547215204,2.1,2.1,2.1,2.188,2.1,False,True,True
2023-05-02,1.83,122,1,5,0.8631421280499114,-0.5049610547215204,1.835,1.84,1.84,1.9999999999999998,1.8395000000000001,True,False,True
2023-05-03,2.1,123,2,5,0.854322169749827,-0.5197438121555155,2.1,2.1,2.1,2.192,2.1,False,True,True
2023-05-03,1.8250000000000002,123,2,5,0.854322169749827,-0.5197438121555155,1.83,1.84,1.84,1.9949999999999999,1.839,True,False,True
2023-05-04,2.1,124,3,5,0.8452490573530633,-0.5343725582809786,2.1,2.1,2.1,2.196,2.1,False,True,True
2023-05-04,1.82,124,3,5,0.8452490573530633,-0.5343725582809786,1.8250000000000002,1.84,1.84,1.9899999999999998,1.8383333333333334,True,False,True
2023-05-05,2.1,125,4,5,0.8359254794186372,-0.548842958284719,2.1,2.1,2.1,2.2,2.1,False,True,True
2023-05-05,1.815,125,4,5,0.8359254794186372,-0.548842958284719,1.82,1.84,1.84,1.9849999999999999,1.8375,True,False,True
2023-05-06,1.81,126,5,5,0.8263541987239096,-0.5631507242749186,1.815,1.84,1.84,1.98,1.8365,True,False,True
2023-05-06,2.1,126,5,5,0.8263541987239096,-0.5631507242749186,2.1,2.1,2.1,2.204,2.1,False,True,True
2023-05-07,1.8050000000000002,127,6,5,0.8165380514459161,-0.5772916165517272,1.81,1.84,1.84,1.9749999999999999,1.8353333333333335,True,False,True
2023-05-07,2.1,127,6,5,0.8165380514459161,-0.5772916165517272,2.1,2.1,2.1,2.208,2.1,False,True,True
2023-05-08,2.1,128,0,5,0.8064799463209448,-0.5912614448635781,2.1,2.1,2.1,2.212,2.1,False,True,True
2023-05-08,1.8,128,0,5,0.8064799463209448,-0.5912614448635781,1.8050000000000002,1.835,1.84,1.97,1.8339999999999999,True,False,True
2023-05-09,1.795,129,1,5,0.7961828637826158,-0.6050560696488488,1.8,1.83,1.84,1.9649999999999999,1.8325,True,False,True
2023-05-09,2.1,129,1,5,0.7961828637826158,-0.6050560696488488,2.1,2.1,2.1,2.216,2.1,False,True,True
2023-05-10,2.1,130,2,5,0.7856498550787147,-0.6186714032625031,2.1,2.1,2.1,2.22,2.1,False,True,True
2023-05-10,1.79,130,2,5,0.7856498550787147,-0.6186714032625031,1.795,1.8250000000000002,1.84,1.96,1.8308333333333333,True,False,True
2023-05-11,2.095,131,3,5,0.7748840413670407,-0.6321034111873487,2.1,2.1,2.1,2.22,2.099833333333333,False,True,True
2023-05-11,1.7850000000000001,131,3,5,0.7748840413670407,-0.6321034111873487,1.79,1.82,1.84,1.96,1.8290000000000002,True,False,True
2023-05-12,2.09,132,4,5,0.7638886127905428,-0.6453481132295501,2.095,2.1,2.1,2.22,2.0995000000000004,False,True,True
2023-05-12,1.78,132,4,5,0.7638886127905428,-0.6453481132295501,1.7850000000000001,1.815,1.84,1.96,1.8270000000000002,True,False,True
2023-05-13,1.775,133,5,5,0.7526668275320085,-0.6584015846980488,1.78,1.81,1.84,1.96,1.8248333333333335,True,False,True
2023-05-13,2.085,133,5,5,0.7526668275320085,-0.6584015846980488,2.09,2.1,2.1,2.22,2.099,False,True,True
2023-05-14,2.08,134,6,5,0.7412220108485958,-0.6712599575675313,2.085,2.1,2.1,2.22,2.0983333333333336,False,True,True
2023-05-14,1.77,134,6,5,0.7412220108485958,-0.6712599575675313,1.775,1.8050000000000002,1.84,1.96,1.8225,True,False,True
2023-05-15,1.7650000000000001,135,0,5,0.7295575540864875,-0.6839194216246106,1.77,1.8,1.84,1.96,1.82,True,False,True
2023-05-15,2.075,135,0,5,0.7295575540864875,-0.6839194216246106,2.08,2.1,2.1,2.22,2.0975,False,True,True
2023-05-16,1.76,136,1,5,0.717676913675962,-0.6963762255968722,1.7650000000000001,1.795,1.84,1.96,1.8173333333333335,True,False,True
2023-05-16,2.07,136,1,5,0.717676913675962,-0.6963762255968722,2.075,2.1,2.1,2.22,2.0965,False,True,True
2023-05-17,2.065,137,2,5,0.705583610107178,-0.7086266782644596,2.07,2.1,2.1,2.22,2.0953333333333335,False,True,True
2023-05-17,1.755,137,2,5,0.705583610107178,-0.7086266782644596,1.76,1.79,1.84,1.96,1.8145,True,False,True
2023-05-18,2.06,138,3,5,0.6932812268869777,-0.7206671495538609,2.065,2.095,2.1,2.22,2.0940000000000003,False,True,True
2023-05-18,1.75,138,3,5,0.6932812268869777,-0.7206671495538609,1.755,1.7850000000000001,1.84,1.96,1.8114999999999999,True,False,True
2023-05-19,1.745,139,4,5,0.6807734094770161,-0.7324940716135789,1.75,1.78,1.84,1.96,1.8083333333333336,True,False,True
2023-05-19,2.0549999999999997,139,4,5,0.6807734094770161,-0.7324940716135789,2.06,2.09,2.1,2.22,2.0925000000000002,False,True,True
2023-05-20,2.05,140,5,5,0.6680638642135335,-0.7441039398713607,2.0549999999999997,2.085,2.1,2.22,2.0908333333333333,False,True,True
2023-05-20,1.74,140,5,5,0.6680638642135335,-0.7441039398713607,1.745,1.775,1.84,1.96,1.805,True,False,True
2023-05-21,1.760909090909091,141,6,5,0.6551563572090853,-0.7554933140726803,1.74,1.77,1.84,1.9618181818181817,1.8023636363636364,True,False,True
2023-05-21,2.068181818181818,141,6,5,0.6551563572090853,-0.7554933140726803,2.05,2.08,2.1,2.22,2.0897727272727273,False,True,True
2023-05-22,1.7818181818181817,142,0,5,0.6420547132365637,-0.766658819300159,1.760909090909091,1.7650000000000001,1.84,1.9636363636363636,1.8004242424242425,True,False,True
2023-05-22,2.0863636363636364,142,0,5,0.6420547132365637,-0.766658819300159,2.068181818181818,2.075,2.1,2.22,2.089318181818182,False,True,True
2023-05-23,1.8027272727272727,143,1,5,0.6287628145958344,-0.7775971469736269,1.7818181818181817,1.76,1.84,1.9654545454545453,1.7991818181818182,True,False,True
2023-05-23,2.1045454545454545,143,1,5,0.6287628145958344,-0.7775971469736269,2.0863636363636364,2.07,2.1,2.22,2.089469696969697,False,True,True
2023-05-24,1.8236363636363637,144,2,5,0.6152845999633276,-0.7883050558305255,1.8027272727272727,1.755,1.84,1.9672727272727273,1.7986363636363636,True,False,True
2023-05-24,2.1227272727272726,144,2,5,0.6152845999633276,-0.7883050558305255,2.1045454545454545,2.065,2.1,2.22,2.090227272727273,False,True,True
2023-05-25,1.8445454545454545,145,3,5,0.6016240632249226,-0.7987793728863649,1.8236363636363637,1.75,1.84,1.969090909090909,1.7987878787878786,True,False,True
2023-05-25,2.1409090909090907,145,3,5,0.6016240632249226,-0.7987793728863649,2.1227272727272726,2.06,2.1,2.22,2.0915909090909093,False,True,True
2023-05-26,1.8654545454545455,146,4,5,0.5877852522924732,-0.8090169943749473,1.8445454545454545,1.745,1.84,1.970909090909091,1.7996363636363637,True,False,True
2023-05-26,2.159090909090909,146,4,5,0.5877852522924732,-0.8090169943749473,2.1409090909090907,2.0549999999999997,2.1,2.22,2.093560606060606,False,True,True
2023-05-27,2.1772727272727272,147,5,5,0.5737722679043246,-0.8190148866680801,2.159090909090909,2.05,2.1,2.22,2.0961363636363637,False,True,True
2023-05-27,1.8863636363636362,147,5,5,0.5737722679043246,-0.8190148866680801,1.8654545454545455,1.74,1.84,1.9727272727272727,1.801181818181818,True,False,True
2023-05-28,2.1954545454545453,148,6,5,0.5595892624101765,-0.8287700871745038,2.1772727272727272,2.068181818181818,2.1,2.22,2.099318181818182,False,True,True
2023-05-28,1.9072727272727272,148,6,5,0.5595892624101765,-0.8287700871745038,1.8863636363636362,1.760909090909091,1.84,1.9745454545454546,1.8034242424242426,True,False,True
2023-05-29,1.9281818181818182,149,0,5,0.545240438540651,-0.8382797052177744,1.9072727272727272,1.7818181818181817,1.84,1.9763636363636363,1.8063636363636362,True,False,True
2023-05-29,2.2136363636363634,149,0,5,0.545240438540651,-0.8382797052177744,2.1954545454545453,2.0863636363636364,2.1,2.22,2.1031060606060605,False,True,True
2023-05-30,2.231818181818182,150,1,5,0.5307300481619334,-0.8475409228928311,2.2136363636363634,2.1045454545454545,2.1,2.22,2.1075,False,True,True
2023-05-30,1.949090909090909,150,1,5,0.5307300481619334,-0.8475409228928311,1.9281818181818182,1.8027272727272727,1.84,1.9781818181818183,1.81,True,False,True
2023-05-31,1.97,151,2,5,0.5160623910158528,-0.8565509959010036,1.949090909090909,1.8236363636363637,1.835,1.98,1.8145,True,False,True
2023-05-31,2.25,151,2,5,0.5160623910158528,-0.8565509959010036,2.231818181818182,2.1227272727272726,2.1,2.22,2.1125,False,True,True
2023-06-01,1.964,152,3,6,0.5012418134457758,-0.865307254363206,1.97,1.8445454545454545,1.83,1.98,1.8189666666666668,True,False,True
2023-06-01,2.25,152,3,6,0.5012418134457758,-0.865307254363206,2.25,2.1409090909090907,2.1,2.22,2.1175,False,True,True
2023-06-02,1.958,153,4,6,0.48627270710868997,-0.8738071036110808,1.964,1.8654545454545455,1.8250000000000002,1.98,1.8234,True,False,True
2023-06-02,2.25,153,4,6,0.48627270710868997,-0.8738071036110808,2.25,2.159090909090909,2.1,2.22,2.1225,False,True,True
2023-06-03,1.952,154,5,6,0.4711595076738638,-0.8820480249558537,1.958,1.8863636363636362,1.82,1.98,1.8278,True,False,True
2023-06-03,2.25,154,5,6,0.4711595076738638,-0.8820480249558537,2.25,2.1772727272727272,2.1,2.22,2.1275,False,True,True
2023-06-04,1.946,155,6,6,0.4559066935084588,-0.8900275764346767,1.952,1.9072727272727272,1.815,1.98,1.8321666666666667,True,False,True
2023-06-04,2.25,155,6,6,0.4559066935084588,-0.8900275764346767,2.25,2.1954545454545453,2.1,2.22,2.1325,False,True,True
2023-06-05,2.25,156,0,6,0.440518784350495,-0.8977433935342337,2.25,2.2136363636363634,2.1,2.22,2.1375,False,True,True
2023-06-05,1.94,156,0,6,0.440518784350495,-0.8977433935342337,1.946,1.9281818181818182,1.81,1.98,1.8365,True,False,True
2023-06-06,1.934,157,1,6,0.42500033996955416,-0.9051931898913974,1.94,1.949090909090909,1.8050000000000002,1.98,1.8408000000000002,True,False,True
2023-06-06,2.25,157,1,6,0.42500033996955416,-0.9051931898913974,2.25,2.231818181818182,2.1,2.22,2.1424999999999996,False,True,True
2023-06-07,2.25,158,2,6,0.4093559588156213,-0.9123747579707273,2.25,2.25,2.1,2.22,2.1475,False,True,True
2023-06-07,1.928,158,2,6,0.4093559588156213,-0.9123747579707273,1.934,1.97,1.8,1.98,1.8450666666666669,True,False,True
2023-06-08,2.25,159,3,6,0.39359027665646673,-0.9192859697186104,2.25,2.25,2.1,2.22,2.1525000000000003,False,True,True
2023-06-08,1.922,159,3,6,0.39359027665646673,-0.9192859697186104,1.928,1.964,1.795,1.98,1.8493,True,False,True
2023-06-09,2.25,160,4,6,0.3777079652039649,-0.9259247771938498,2.25,2.25,2.1,2.22,2.1574999999999998,False,True,True
2023-06-09,1.916,160,4,6,0.3777079652039649,-0.9259247771938498,1.922,1.958,1.79,1.98,1.8535000000000001,True,False,True
2023-06-10,1.91,161,5,6,0.36171373072976765,-0.9322892131745133,1.916,1.952,1.7850000000000001,1.98,1.8576666666666666,True,False,True
2023-06-10,2.25,161,5,6,0.36171373072976765,-0.9322892131745133,2.25,2.25,2.095,2.22,2.1626666666666665,False,True,True
2023-06-11,1.901,162,6,6,0.3456123126707335,-0.9383773917408641,1.91,1.946,1.78,1.98,1.8617,True,False,True
2023-06-11,2.24,162,6,6,0.3456123126707335,-0.9383773917408641,2.25,2.25,2.09,2.22,2.167666666666667,False,True,True
2023-06-12,1.892,163,0,6,0.3294084822245304,-0.9441875088341993,1.901,1.94,1.775,1.98,1.8656,True,False,True
2023-06-12,2.23,163,0,6,0.3294084822245304,-0.9441875088341993,2.24,2.25,2.085,2.22,2.1725,False,True,True
2023-06-13,2.2199999999999998,164,1,6,0.3131070409358269,-0.9497178427914316,2.23,2.25,2.08,2.22,2.1771666666666665,False,True,True
2023-06-13,1.883,164,1,6,0.3131070409358269,-0.9497178427914316,1.892,1.934,1.77,1.98,1.8693666666666668,True,False,True
2023-06-14,2.21,165,2,6,0.29671281927349075,-0.9549667548552551,2.2199999999999998,2.25,2.075,2.22,2.181666666666666,False,True,True
2023-06-14,1.8739999999999999,165,2,6,0.29671281927349075,-0.9549667548552551,1.883,1.928,1.7650000000000001,1.98,1.8730000000000002,True,False,True
2023-06-15,1.865,166,3,6,0.28023067519921585,-0.9599326896597447,1.8739999999999999,1.922,1.76,1.98,1.8764999999999998,True,False,True
2023-06-15,2.2,166,3,6,0.28023067519921585,-0.9599326896597447,2.21,2.25,2.07,2.22,2.186,False,True,True
2023-06-16,2.19,167,4,6,0.26366549272800704,-0.9646141756912435,2.2,2.25,2.065,2.22,2.190166666666667,False,True,True
2023-06-16,1.856,167,4,6,0.26366549272800704,-0.9646141756912435,1.865,1.916,1.755,1.98,1.8798666666666668,True,False,True
2023-06-17,1.847,168,5,6,0.24702218048093552,-0.9690098257244062,1.856,1.91,1.75,1.98,1.8831,True,False,True
2023-06-17,2.1799999999999997,168,5,6,0.24702218048093552,-0.9690098257244062,2.19,2.25,2.06,2.22,2.1941666666666664,False,True,True
2023-06-18,1.838,169,6,6,0.23030567023061221,-0.9731183372332619,1.847,1.901,1.745,1.98,1.8861999999999999,True,False,True
2023-06-18,2.17,169,6,6,0.23030567023061221,-0.9731183372332619,2.1799999999999997,2.24,2.0549999999999997,2.22,2.198,False,True,True
2023-06-19,1.829,170,0,6,0.21352091543979612,-0.9769384927771817,1.838,1.892,1.74,1.98,1.8891666666666669,True,False,True
2023-06-19,2.16,170,0,6,0.21352091543979612,-0.9769384927771817,2.17,2.23,2.05,2.22,2.2016666666666667,False,True,True
2023-06-20,1.82,171,1,6,0.19667288979357647,-0.980469160361632,1.829,1.883,1.760909090909091,1.98,1.8911363636363636,True,False,True
2023-06-20,2.15,171,1,6,0.19667288979357647,-0.980469160361632,2.16,2.2199999999999998,2.068181818181818,2.22,2.204393939393939,False,True,True
2023-06-21,2.15,172,2,6,0.1797665857255624,-0.9837092937736097,2.15,2.21,2.0863636363636364,2.22,2.2065151515151515,False,True,True
2023-06-21,1.82,172,2,6,0.1797665857255624,-0.9837092937736097,1.82,1.8739999999999999,1.7818181818181817,1.98,1.892409090909091,True,False,True
2023-06-22,2.15,173,3,6,0.16280701293851715,-0.986657932891657,2.15,2.2,2.1045454545454545,2.22,2.208030303030303,False,True,True
2023-06-22,1.82,173,3,6,0.16280701293851715,-0.986657932891657,1.82,1.865,1.8027272727272727,1.98,1.8929848484848484,True,False,True
2023-06-23,1.82,174,4,6,0.1457991969198751,-0.9893142039703663,1.82,1.856,1.8236363636363637,1.98,1.8928636363636364,True,False,True
2023-06-23,2.15,174,4,6,0.1457991969198751,-0.9893142039703663,2.15,2.19,2.1227272727272726,2.22,2.208939393939394,False,True,True
2023-06-24,2.15,175,5,6,0.12874817745258132,-0.99167731989929,2.15,2.1799999999999997,2.1409090909090907,2.22,2.2092424242424245,False,True,True
2023-06-24,1.82,175,5,6,0.12874817745258132,-0.99167731989929,1.82,1.847,1.8445454545454545,1.98,1.8920454545454546,True,False,True
2023-06-25,1.82,176,6,6,0.11165900712169512,-0.993746580436178,1.82,1.838,1.8654545454545455,1.98,1.8905303030303031,True,False,True
2023-06-25,2.15,176,6,6,0.11165900712169512,-0.993746580436178,2.15,2.17,2.159090909090909,2.22,2.208939393939394,False,True,True
2023-06-26,1.82,177,0,6,0.09453674981719912,-0.9955213724144752,1.82,1.829,1.8863636363636362,1.98,1.8883181818181818,True,False,True
2023-06-26,2.15,177,0,6,0.09453674981719912,-0.9955213724144752,2.15,2.16,2.1772727272727272,2.22,2.2080303030303035,False,True,True
2023-06-27,1.82,178,1,6,0.07738647923346301,-0.9970011699250151,1.82,1.82,1.9072727272727272,1.98,1.8854090909090906,True,False,True
2023-06-27,2.15,178,1,6,0.07738647923346301,-0.9970011699250151,2.15,2.15,2.1954545454545453,2.22,2.206515151515151,False,True,True
2023-06-28,2.15,179,2,6,0.06021327736579302,-0.9981855344718586,2.15,2.15,2.2136363636363634,2.22,2.204393939393939,False,True,True
2023-06-28,1.82,179,2,6,0.06021327736579302,-0.9981855344718586,1.82,1.82,1.9281818181818182,1.98,1.8818030303030302,True,False,True
2023-06-29,2.15,180,3,6,0.04302223300453059,-0.99907411510223,2.15,2.15,2.231818181818182,2.22,2.2016666666666667,False,True,True
2023-06-29,1.82,180,3,6,0.04302223300453059,-0.99907411510223,1.82,1.82,1.949090909090909,1.98,1.8775,True,False,True
2023-06-30,2.15,181,4,6,0.02581844022713308,-0.9996666485105112,2.15,2.15,2.25,2.22,2.1983333333333333,False,True,True
2023-06-30,1.82,181,4,6,0.02581844022713308,-0.9996666485105112,1.82,1.82,1.97,1.98,1.8724999999999998,True,False,True
2023-07-01,1.82,182,5,7,0.008606996888688698,-0.9999629591162655,1.82,1.82,1.964,1.98,1.8677,True,False,True
2023-07-01,2.15,182,5,7,0.008606996888688698,-0.9999629591162655,2.15,2.15,2.25,2.22,2.195,False,True,True
2023-07-02,1.82,183,6,7,-0.008606996888688009,-0.9999629591162655,1.82,1.82,1.958,1.98,1.8631,True,False,True
2023-07-02,2.15,183,6,7,-0.008606996888688009,-0.9999629591162655,2.15,2.15,2.25,2.22,2.191666666666667,False,True,True
2023-07-03,2.15,184,0,7,-0.02581844022713239,-0.9996666485105112,2.15,2.15,2.25,2.22,2.188333333333333,False,True,True
2023-07-03,1.82,184,0,7,-0.02581844022713239,-0.9996666485105112,1.82,1.82,1.952,1.98,1.8586999999999998,True,False,True
2023-07-04,1.82,185,1,7,-0.04302223300453034,-0.99907411510223,1.82,1.82,1.946,1.98,1.8545,True,False,True
2023-07-04,2.15,185,1,7,-0.04302223300453034,-0.99907411510223,2.15,2.15,2.25,2.22,2.185,False,True,True
2023-07-05,1.82,186,2,7,-0.060213277365792774,-0.9981855344718586,1.82,1.82,1.94,1.98,1.8505,True,False,True
2023-07-05,2.15,186,2,7,-0.060213277365792774,-0.9981855344718586,2.15,2.15,2.25,2.22,2.1816666666666666,False,True,True
2023-07-06,1.82,187,3,7,-0.07738647923346322,-0.9970011699250151,1.82,1.82,1.934,1.98,1.8466999999999998,True,False,True
2023-07-06,2.15,187,3,7,-0.07738647923346322,-0.9970011699250151,2.15,2.15,2.25,2.22,2.1783333333333332,False,True,True
2023-07-07,2.15,188,4,7,-0.09453674981719933,-0.9955213724144752,2.15,2.15,2.25,2.22,2.175,False,True,True
2023-07-07,1.82,188,4,7,-0.09453674981719933,-0.9955213724144752,1.82,1.82,1.928,1.98,1.8431,True,False,True
2023-07-08,1.82,189,5,7,-0.11165900712169444,-0.9937465804361781,1.82,1.82,1.922,1.98,1.8397000000000001,True,False,True
2023-07-08,2.15,189,5,7,-0.11165900712169444,-0.9937465804361781,2.15,2.15,2.25,2.22,2.1716666666666664,False,True,True
2023-07-09,2.15,190,6,7,-0.12874817745258066,-0.99167731989929,2.15,2.15,2.25,2.22,2.1683333333333334,False,True,True
2023-07-09,1.82,190,6,7,-0.12874817745258066,-0.99167731989929,1.82,1.82,1.916,1.98,1.8365,True,False,True
2023-07-10,2.15,191,0,7,-0.14579919691987442,-0.9893142039703664,2.15,2.15,2.25,2.22,2.165,False,True,True
2023-07-10,1.82,191,0,7,-0.14579919691987442,-0.9893142039703664,1.82,1.82,1.91,1.98,1.8335000000000001,True,False,True
2023-07-11,2.15,192,1,7,-0.16280701293851646,-0.9866579328916572,2.15,2.15,2.24,2.22,2.162,False,True,True
2023-07-11,1.82,192,1,7,-0.16280701293851646,-0.9866579328916572,1.82,1.82,1.901,1.978,1.8308,True,False,True
2023-07-12,1.82,193,2,7,-0.17976658572556214,-0.9837092937736098,1.82,1.82,1.892,1.976,1.8284,True,False,True
2023-07-12,2.15,193,2,7,-0.17976658572556214,-0.9837092937736098,2.15,2.15,2.23,2.22,2.1593333333333335,False,True,True
2023-07-13,1.82,194,3,7,-0.19667288979357622,-0.9804691603616321,1.82,1.82,1.883,1.974,1.8263,True,False,True
2023-07-13,2.15,194,3,7,-0.19667288979357622,-0.9804691603616321,2.15,2.15,2.2199999999999998,2.22,2.1569999999999996,False,True,True
2023-07-14,1.82,195,4,7,-0.2135209154397959,-0.9769384927771817,1.82,1.82,1.8739999999999999,1.972,1.8245,True,False,True
2023-07-14,2.15,195,4,7,-0.2135209154397959,-0.9769384927771817,2.15,2.15,2.21,2.22,2.155,False,True,True
2023-07-15,2.15,196,5,7,-0.23030567023061196,-0.973118337233262,2.15,2.15,2.2,2.22,2.1533333333333333,False,True,True
2023-07-15,1.82,196,5,7,-0.23030567023061196,-0.973118337233262,1.82,1.82,1.865,1.97,1.8230000000000002,True,False,True
2023-07-16,1.82,197,6,7,-0.24702218048093527,-0.9690098257244063,1.82,1.82,1.856,1.968,1.8218,True,False,True
2023-07-16,2.15,197,6,7,-0.24702218048093527,-0.9690098257244063,2.15,2.15,2.19,2.22,2.152,False,True,True
2023-07-17,2.15,198,0,7,-0.2636654927280072,-0.9646141756912435,2.15,2.15,2.1799999999999997,2.22,2.1510000000000002,False,True,True
2023-07-17,1.82,198,0,7,-0.2636654927280072,-0.9646141756912435,1.82,1.82,1.847,1.966,1.8209000000000002,True,False,True
2023-07-18,1.82,199,1,7,-0.2802306751992161,-0.9599326896597445,1.82,1.82,1.838,1.964,1.8203,True,False,True
2023-07-18,2.15,199,1,7,-0.2802306751992161,-0.9599326896597445,2.15,2.15,2.17,2.22,2.150333333333333,False,True,True
2023-07-19,2.15,200,2,7,-0.2967128192734901,-0.9549667548552553,2.15,2.15,2.16,2.22,2.15,False,True,True
2023-07-19,1.82,200,2,7,-0.2967128192734901,-0.9549667548552553,1.82,1.82,1.829,1.962,1.82,True,False,True
2023-07-20,1.82,201,3,7,-0.3131070409358267,-0.9497178427914317,1.82,1.82,1.82,1.96,1.82,True,False,True
2023-07-20,2.15,201,3,7,-0.3131070409358267,-0.9497178427914317,2.15,2.15,2.15,2.22,2.15,False,True,True
2023-07-21,2.15,202,4,7,-0.3294084822245302,-0.9441875088341994,2.15,2.15,2.15,2.22,2.15,False,True,True
2023-07-21,1.82,202,4,7,-0.3294084822245302,-0.9441875088341994,1.82,1.82,1.82,1.9563636363636363,1.82,True,False,True
2023-07-22,2.15,203,5,7,-0.3456123126707333,-0.9383773917408642,2.15,2.15,2.15,2.22,2.15,False,True,True
2023-07-22,1.82,203,5,7,-0.3456123126707333,-0.9383773917408642,1.82,1.82,1.82,1.9527272727272726,1.82,True,False,True
2023-07-23,2.15,204,6,7,-0.3617137307297674,-0.9322892131745134,2.15,2.15,2.15,2.22,2.15,False,True,True
2023-07-23,1.82,204,6,7,-0.3617137307297674,-0.9322892131745134,1.82,1.82,1.82,1.949090909090909,1.82,True,False,True
2023-07-24,1.82,205,0,7,-0.37770796520396466,-0.9259247771938499,1.82,1.82,1.82,1.9454545454545453,1.82,True,False,True
2023-07-24,2.15,205,0,7,-0.37770796520396466,-0.9259247771938499,2.15,2.15,2.15,2.22,2.15,False,True,True
2023-07-25,2.15,206,1,7,-0.39359027665646645,-0.9192859697186105,2.15,2.15,2.15,2.22,2.15,False,True,True
2023-07-25,1.82,206,1,7,-0.39359027665646645,-0.9192859697186105,1.82,1.82,1.82,1.9418181818181817,1.82,True,False,True
2023-07-26,2.15,207,2,7,-0.4093559588156211,-0.9123747579707274,2.15,2.15,2.15,2.22,2.15,False,True,True
2023-07-26,1.82,207,2,7,-0.4093559588156211,-0.9123747579707274,1.82,1.82,1.82,1.9381818181818182,1.82,True,False,True
2023-07-27,2.15,208,3,7,-0.42500033996955394,-0.9051931898913975,2.15,2.15,2.15,2.22,2.15,False,True,True
2023-07-27,1.82,208,3,7,-0.42500033996955394,-0.9051931898913975,1.82,1.82,1.82,1.9345454545454546,1.82,True,False,True
2023-07-28,1.82,209,4,7,-0.4405187843504952,-0.8977433935342336,1.82,1.82,1.82,1.930909090909091,1.82,True,False,True
2023-07-28,2.15,209,4,7,-0.4405187843504952,-0.8977433935342336,2.15,2.15,2.15,2.22,2.15,False,True,True
2023-07-29,2.15,210,5,7,-0.455906693508459,-0.8900275764346766,2.15,2.15,2.15,2.22,2.15,False,True,True
2023-07-29,1.82,210,5,7,-0.455906693508459,-0.8900275764346766,1.82,1.82,1.82,1.9272727272727272,1.82,True,False,True
2023-07-30,2.15,211,6,7,-0.47115950767386394,-0.8820480249558535,2.15,2.15,2.15,2.22,2.15,False,True,True
2023-07-30,1.82,211,6,7,-0.47115950767386394,-0.8820480249558535,1.82,1.82,1.82,1.9236363636363636,1.82,True,False,True
2023-07-31,2.15,212,0,7,-0.4862727071086902,-0.8738071036110807,2.15,2.15,2.15,2.22,2.15,False,True,True
2023-07-31,1.82,212,0,7,-0.4862727071086902,-0.8738071036110807,1.82,1.82,1.82,1.92,1.82,True,False,True
2023-08-01,2.15,213,1,8,-0.5012418134457756,-0.8653072543632061,2.15,2.15,2.15,2.22,2.15,False,True,True
2023-08-01,1.82,213,1,8,-0.5012418134457756,-0.8653072543632061,1.82,1.82,1.82,1.92,1.82,True,False,True
2023-08-02,2.15,214,2,8,-0.5160623910158526,-0.8565509959010037,2.15,2.15,2.15,2.22,2.15,False,True,True
2023-08-02,1.82,214,2,8,-0.5160623910158526,-0.8565509959010037,1.82,1.82,1.82,1.92,1.82,True,False,True
2023-08-03,2.15,215,3,8,-0.5307300481619331,-0.8475409228928312,2.15,2.15,2.15,2.22,2.15,False,True,True
2023-08-03,1.82,215,3,8,-0.5307300481619331,-0.8475409228928312,1.82,1.82,1.82,1.92,1.82,True,False,True
2023-08-04,2.15,216,4,8,-0.5452404385406507,-0.8382797052177745,2.15,2.15,2.15,2.22,2.15,False,True,True
2023-08-04,1.82,216,4,8,-0.5452404385406507,-0.8382797052177745,1.82,1.82,1.82,1.92,1.82,True,False,True
2023-08-05,1.82,217,5,8,-0.5595892624101763,-0.828770087174504,1.82,1.82,1.82,1.92,1.82,True,False,True
2023-08-05,2.15,217,5,8,-0.5595892624101763,-0.828770087174504,2.15,2.15,2.15,2.22,2.15,False,True,True
2023-08-06,2.15,218,6,8,-0.5737722679043243,-0.8190148866680802,2.15,2.15,2.15,2.22,2.15,False,True,True
2023-08-06,1.82,218,6,8,-0.5737722679043243,-0.8190148866680802,1.82,1.82,1.82,1.92,1.82,True,False,True
2023-08-07,2.15,219,0,8,-0.5877852522924734,-0.8090169943749472,2.15,2.15,2.15,2.22,2.15,False,True,True
2023-08-07,1.82,219,0,8,-0.5877852522924734,-0.8090169943749472,1.82,1.82,1.82,1.92,1.82,True,False,True
2023-08-08,2.15,220,1,8,-0.6016240632249227,-0.7987793728863648,2.15,2.15,2.15,2.22,2.15,False,True,True
2023-08-08,1.82,220,1,8,-0.6016240632249227,-0.7987793728863648,1.82,1.82,1.82,1.92,1.82,True,False,True
2023-08-09,2.15,221,2,8,-0.6152845999633277,-0.7883050558305253,2.15,2.15,2.15,2.22,2.15,False,True,True
2023-08-09,1.82,221,2,8,-0.6152845999633277,-0.7883050558305253,1.82,1.82,1.82,1.92,1.82,True,False,True
2023-08-10,1.82,222,3,8,-0.6287628145958345,-0.7775971469736268,1.82,1.82,1.82,1.92,1.82,True,False,True
2023-08-10,2.15,222,3,8,-0.6287628145958345,-0.7775971469736268,2.15,2.15,2.15,2.22,2.15,False,True,True
