pubDate,avgPrice,day_of_year,day_of_week,month,doy_sin,doy_cos,avgPrice_lag_1,avgPrice_lag_7,avgPrice_lag_30,avgPrice_lag_365,avgPrice_MA_30,specInfo_屉,prodPcat_UNKNOWN
2022-09-20,1.7,263,1,9,-0.9829265519799822,-0.18399835165767986,1.7,1.7,1.7,2.0,1.7,True,True
2022-09-21,1.7,264,2,9,-0.9859481499638303,-0.1670516255021195,1.7,1.7,1.7,2.0,1.7,True,True
2022-09-22,1.7,265,3,9,-0.9886775902323404,-0.15005539834465262,1.7,1.7,1.7,2.0,1.7,True,True
2022-09-23,1.7,266,4,9,-0.9911140639934546,-0.13301470653419636,1.7,1.7,1.7,2.0,1.7,True,True
2022-09-24,1.7,267,5,9,-0.9932568492674143,-0.11593459959550066,1.7,1.7,1.7,2.0,1.7,True,True
2022-09-25,1.7,268,6,9,-0.9951053111006974,-0.09882013873287211,1.7,1.7,1.7,2.0,1.7,True,True
2022-09-26,1.7,269,0,9,-0.99665890175417,-0.08167639533042288,1.7,1.7,1.7,2.0,1.7,True,True
2022-09-27,1.7,270,1,9,-0.9979171608653922,-0.06450844944931625,1.7,1.7,1.7,2.0,1.7,True,True
2022-09-28,1.7,271,2,9,-0.9988797155850335,-0.04732138832243232,1.7,1.7,1.7,2.0,1.7,True,True
2022-09-29,1.7,272,3,9,-0.9995462806873573,-0.03012030484690836,1.7,1.7,1.7,2.0,1.7,True,True
2022-09-30,1.7,273,4,9,-0.9999166586547379,-0.012910296075008843,1.7,1.7,1.7,2.0,1.7,True,True
2022-10-01,1.7,274,5,10,-0.9999907397361901,0.004303538296243821,1.7,1.7,1.7,2.0,1.7,True,True
2022-10-02,1.7,275,6,10,-0.9997685019798909,0.021516097436222233,1.7,1.7,1.7,2.0,1.7,True,True
2022-10-03,1.7,276,0,10,-0.9992500112396835,0.03872228089217399,1.7,1.7,1.7,2.0,1.7,True,True
2022-10-04,1.7,277,1,10,-0.9984354211555643,0.05591699010060302,1.7,1.7,1.7,2.0,1.7,True,True
2022-10-05,1.7,278,2,10,-0.9973249731081555,0.07309512989807776,1.7,1.7,1.7,2.0,1.7,True,True
2022-10-06,1.7,279,3,10,-0.9959189961471792,0.0902516100310407,1.7,1.7,1.7,2.0,1.7,True,True
2022-10-07,1.7,280,4,10,-0.994217906893952,0.10738134666416306,1.7,1.7,1.7,2.0,1.7,True,True
2022-10-08,1.7,281,5,10,-0.9922222094179324,0.12447926388678869,1.7,1.7,1.7,1.85,1.7,True,True
2022-10-09,1.7,282,6,10,-0.989932495087353,0.141540295217043,1.7,1.7,1.7,1.8333333333333335,1.7,True,True
2022-10-10,1.7,283,0,10,-0.9873494423939864,0.15855938510313475,1.7,1.7,1.7,1.8166666666666667,1.7,True,True
2022-10-11,1.7,284,1,10,-0.9844738167520923,0.17553149042142777,1.7,1.7,1.7,1.8,1.7,True,True
2022-10-12,1.7,285,2,10,-0.9813064702716093,0.19245158197082995,1.7,1.7,1.7,1.8,1.7,True,True
2022-10-13,1.7,286,3,10,-0.9778483415056567,0.20931464596304888,1.7,1.7,1.7,1.8,1.7,True,True
2022-10-14,1.7,287,4,10,-0.9741004551724206,0.22611568550828803,1.7,1.7,1.7,1.8,1.7,True,True
2022-10-15,1.7,288,5,10,-0.970063921851507,0.2428497220959358,1.7,1.7,1.7,1.8,1.7,True,True
2022-10-16,1.7,289,6,10,-0.965739937654855,0.25951179706979943,1.7,1.7,1.7,1.8,1.7,True,True
2022-10-17,1.7,290,0,10,-0.9611297838723007,0.27609697309746883,1.7,1.7,1.7,1.8,1.7,True,True
2022-10-18,1.7,291,1,10,-0.9562348265919058,0.2926003356333479,1.7,1.7,1.7,1.8,1.7,True,True
2022-10-19,1.7,292,2,10,-0.9510565162951536,0.30901699437494723,1.7,1.7,1.7,1.8,1.7,True,True
2022-10-20,1.7,293,3,10,-0.9455963874271428,0.3253420847119795,1.7,1.7,1.7,1.8,1.7,True,True
2022-10-21,1.7,294,4,10,-0.9398560579418953,0.341570769167856,1.7,1.7,1.7,1.8,1.7,True,True
2022-10-22,1.7,295,5,10,-0.9338372288229252,0.35769823883312546,1.7,1.7,1.7,1.8,1.7,True,True
2022-10-23,1.7,296,6,10,-0.9275416835791965,0.3737197147904692,1.7,1.7,1.7,1.8,1.7,True,True
2022-10-24,1.7,297,0,10,-0.9209712877166347,0.38963044953078774,1.7,1.7,1.7,1.8,1.7,True,True
2022-10-25,1.7,298,1,10,-0.9141279881853337,0.4054257283599973,1.7,1.7,1.7,1.8,1.7,True,True
2022-10-26,1.7,299,2,10,-0.9070138128026362,0.42110087079608916,1.7,1.7,1.7,1.8,1.7,True,True
2022-10-27,1.7,300,3,10,-0.8996308696522434,0.4366512319560638,1.7,1.7,1.7,1.8,1.7,True,True
2022-10-28,1.7,301,4,10,-0.8919813464595487,0.45207220393230374,1.7,1.7,1.7,1.8,1.7,True,True
2022-10-29,1.7,302,5,10,-0.8840675099433637,0.46735921715800205,1.7,1.7,1.7,1.8,1.7,True,True
2022-10-30,1.7,303,6,10,-0.8758917051442433,0.48250774176121763,1.7,1.7,1.7,1.8,1.7,True,True
2022-10-31,1.7,304,0,10,-0.8674563547295971,0.4975132889071803,1.7,1.7,1.7,1.8,1.7,True,True
2022-11-01,1.7,305,1,11,-0.858763958275803,0.5123714121284235,1.7,1.7,1.7,1.8,1.7,True,True
2022-11-02,1.7,306,2,11,-0.8498170915275277,0.5270777086423724,1.7,1.7,1.7,2.0,1.7,True,True
2022-11-03,1.7,307,3,11,-0.8406184056344783,0.5416278206559811,1.7,1.7,1.7,2.0,1.7,True,True
2022-11-04,1.7,308,4,11,-0.8311706263658079,0.5560174366570446,1.7,1.7,1.7,2.0,1.7,True,True
2022-11-05,1.7,309,5,11,-0.8214765533024145,0.5702422926917867,1.7,1.7,1.7,2.0,1.7,True,True
2022-11-06,1.7,310,6,11,-0.8115390590073611,0.5842981736283683,1.7,1.7,1.7,2.0,1.7,True,True
2022-11-07,1.7,311,0,11,-0.801361088174677,0.5981809144059158,1.7,1.7,1.7,2.0,1.7,True,True
2022-11-08,1.7,312,1,11,-0.7909456567567774,0.6118864012687242,1.7,1.7,1.7,2.0,1.7,True,True
2022-11-09,1.7,313,2,11,-0.780295851070776,0.6254105729852457,1.7,1.7,1.7,2.0,1.7,True,True
2022-11-10,1.7,314,3,11,-0.7694148268839381,0.6387494220515268,1.7,1.7,1.7,2.0,1.7,True,True
2022-11-11,1.7,315,4,11,-0.7583058084785625,0.6518989958787125,1.7,1.7,1.7,2.0,1.7,True,True
2022-11-12,1.7,316,5,11,-0.7469720876965551,0.6648553979642866,1.7,1.7,1.7,2.0,1.7,True,True
2022-11-13,1.7,317,6,11,-0.7354170229639858,0.6776147890466887,1.7,1.7,1.7,2.0,1.7,True,True
2022-11-14,1.7,318,0,11,-0.7236440382959124,0.690173388242972,1.7,1.7,1.7,2.0,1.7,True,True
2022-11-15,1.7,319,1,11,-0.711656622281775,0.7025274741691566,1.7,1.7,1.7,2.0,1.7,True,True
2022-11-16,1.7,320,2,11,-0.6994583270516471,0.7146733860429608,1.7,1.7,1.7,2.0,1.7,True,True
2022-11-17,1.7,321,3,11,-0.6870527672236675,0.7266075247685652,1.7,1.7,1.7,2.0,1.7,True,True
2022-11-18,1.7,322,4,11,-0.6744436188329457,0.7383263540031063,1.7,1.7,1.7,2.0,1.7,True,True
2022-11-19,1.7,323,5,11,-0.661634618242279,0.749826401204568,1.7,1.7,1.7,2.0,1.7,True,True
2022-11-20,1.7,324,6,11,-0.6486295610349818,0.7611042586607742,1.7,1.7,1.7,2.0,1.7,True,True
2022-11-21,1.7,325,0,11,-0.6354323008901775,0.7721565844991641,1.7,1.7,1.7,2.0,1.7,True,True
2022-11-22,1.7,326,1,11,-0.622046748440868,0.7829801036770624,1.7,1.7,1.7,2.0,1.7,True,True
2022-11-23,1.7,327,2,11,-0.6084768701151264,0.7935716089521472,1.7,1.7,1.7,2.0,1.7,True,True
2022-11-24,1.7,328,3,11,-0.594726686960764,0.8039279618328208,1.7,1.7,1.7,2.0,1.7,True,True
2022-11-25,1.7,329,4,11,-0.5808002734538013,0.8140460935082175,1.7,1.7,1.7,2.0,1.7,True,True
2022-11-26,1.7,330,5,11,-0.5667017562911184,0.8239230057575536,1.7,1.7,1.7,2.0,1.7,True,True
2022-11-27,1.7,331,6,11,-0.5524353131676203,0.8335557718385695,1.7,1.7,1.7,2.0,1.7,True,True
2022-11-28,1.7,332,0,11,-0.5380051715382992,0.8429415373547832,1.7,1.7,1.7,2.0,1.7,True,True
2022-11-29,1.7,333,1,11,-0.5234156073655503,0.8520775211013093,1.7,1.7,1.7,2.0,1.7,True,True
2022-11-30,1.7,334,2,11,-0.5086709438521042,0.8609610158889945,1.7,1.7,1.7,2.0,1.7,True,True
2022-12-01,1.7,335,3,12,-0.49377555015997737,0.8695893893466109,1.7,1.7,1.7,2.0,1.7,True,True
2022-12-02,1.7,336,4,12,-0.4787338401157883,0.8779600847008883,1.7,1.7,1.7,2.0,1.7,True,True
2022-12-03,1.7,337,5,12,-0.4635502709028512,0.8860706215341378,1.7,1.7,1.7,2.0,1.7,True,True
2022-12-04,1.7,338,6,12,-0.4482293417404106,0.893918596519257,1.7,1.7,1.7,2.0,1.7,True,True
2022-12-05,1.7,339,0,12,-0.4327755925504317,0.9015016841318838,1.7,1.7,1.7,2.0,1.7,True,True
2022-12-06,1.7,340,1,12,-0.41719360261231697,0.9088176373395028,1.7,1.7,1.7,2.0,1.7,True,True
2022-12-07,1.7,341,2,12,-0.4014879892059737,0.9158642882672868,1.7,1.7,1.7,2.0,1.7,True,True
2022-12-08,1.7,342,3,12,-0.38566340624360745,0.9226395488404875,1.7,1.7,1.7,2.0,1.7,True,True
2022-12-09,1.7,343,4,12,-0.3697245428906732,0.9291414114031743,1.7,1.7,1.7,2.0,1.7,True,True
2022-12-10,1.7,344,5,12,-0.3536761221763721,0.935367949313148,1.7,1.7,1.7,2.0,1.7,True,True
2022-12-11,1.7,345,6,12,-0.33752289959411347,0.941317317512847,1.7,1.7,1.7,2.0,1.7,True,True
2022-12-12,1.7,346,0,12,-0.32126966169236515,0.9469877530760751,1.7,1.7,1.7,2.0,1.7,True,True
2022-12-13,1.7,347,1,12,-0.3049212246562894,0.9523775757303973,1.7,1.7,1.7,2.0,1.7,True,True
2022-12-14,1.7,348,2,12,-0.2884824328806098,0.9574851883550389,1.7,1.7,1.7,2.0,1.7,True,True
2022-12-15,1.7,349,3,12,-0.27195815753410524,0.9623090774541487,1.7,1.7,1.7,2.0,1.7,True,True
2022-12-16,1.7,350,4,12,-0.2553532951161881,0.9668478136052773,1.7,1.7,1.7,2.0,1.7,True,True
2022-12-17,1.7,351,5,12,-0.23867276600594997,0.9711000518829505,1.7,1.7,1.7,2.0,1.7,True,True
2022-12-18,1.7,352,6,12,-0.22192151300416674,0.9750645322571945,1.7,1.7,1.7,2.0,1.7,True,True
2022-12-19,1.7,353,0,12,-0.20510449986861926,0.9787400799669153,1.7,1.7,1.7,2.0,1.7,True,True
2022-12-20,1.7,354,1,12,-0.1882267098432439,0.9821256058680006,1.7,1.7,1.7,2.0,1.7,True,True
2022-12-21,1.7,355,2,12,-0.1712931441814778,0.9852201067560606,1.7,1.7,1.7,2.0,1.7,True,True
2022-12-22,1.7,356,3,12,-0.154308820664281,0.9880226656636976,1.7,1.7,1.7,2.0,1.7,True,True
2022-12-23,1.7,357,4,12,-0.13727877211326517,0.9905324521322227,1.7,1.7,1.7,2.0,1.7,True,True
2022-12-24,1.7,358,5,12,-0.12020804489935275,0.9927487224577402,1.7,1.7,1.7,2.0,1.7,True,True
2022-12-25,1.7,359,6,12,-0.10310169744743544,0.9946708199115211,1.7,1.7,1.7,2.0,1.7,True,True
2022-12-26,1.7,360,0,12,-0.0859647987374467,0.9962981749346077,1.7,1.7,1.7,2.0,1.7,True,True
2022-12-27,1.7,361,1,12,-0.06880242680232064,0.9976303053065857,1.7,1.7,1.7,2.0,1.7,True,True
2022-12-28,1.7,362,2,12,-0.05161966722325418,0.9986668162884759,1.7,1.7,1.7,2.0,1.7,True,True
2022-12-29,1.7,363,3,12,-0.034421611622745804,0.9994074007397048,1.7,1.7,1.7,2.0,1.7,True,True
2022-12-30,1.7,364,4,12,-0.01721335615583528,0.9998518392091162,1.7,1.7,1.7,2.0,1.7,True,True
2022-12-31,1.7166666666666666,365,5,12,6.432490598706546e-16,1.0,1.7,1.7,1.7,2.2,1.7005555555555556,True,True
2023-01-01,1.7333333333333334,1,6,1,0.017213356155834685,0.9998518392091162,1.7166666666666666,1.7,1.7,2.2,1.7016666666666667,True,True
2023-01-02,1.75,2,0,1,0.03442161162274574,0.9994074007397048,1.7333333333333334,1.7,1.7,2.2,1.7033333333333331,True,True
2023-01-03,1.75,3,1,1,0.051619667223253764,0.998666816288476,1.75,1.7,1.7,2.2,1.7049999999999998,True,True
2023-01-04,1.75,4,2,1,0.06880242680231986,0.9976303053065857,1.75,1.7,1.7,2.2,1.7066666666666666,True,True
2023-01-05,1.75,5,3,1,0.08596479873744647,0.9962981749346078,1.75,1.7,1.7,2.2,1.7083333333333333,True,True
2023-01-06,1.75,6,4,1,0.10310169744743485,0.9946708199115211,1.75,1.7,1.7,2.2,1.71,True,True
2023-01-07,1.75,7,5,1,0.1202080448993527,0.9927487224577402,1.75,1.7166666666666666,1.7,2.2,1.7116666666666664,True,True
2023-01-08,1.75,8,6,1,0.13727877211326478,0.9905324521322229,1.75,1.7333333333333334,1.7,2.2,1.7133333333333334,True,True
2023-01-09,1.75,9,0,1,0.15430882066428117,0.9880226656636976,1.75,1.75,1.7,2.2,1.7149999999999999,True,True
2023-01-10,1.75,10,1,1,0.1712931441814776,0.9852201067560606,1.75,1.75,1.7,2.2,1.7166666666666666,True,True
2023-01-11,1.75,11,2,1,0.1882267098432442,0.9821256058680006,1.75,1.75,1.7,2.2,1.7183333333333333,True,True
2023-01-12,1.75,12,3,1,0.2051044998686192,0.9787400799669153,1.75,1.75,1.7,2.2,1.7199999999999998,True,True
2023-01-13,1.75,13,4,1,0.2219215130041655,0.9750645322571948,1.75,1.75,1.7,2.2,1.7216666666666667,True,True
2023-01-14,1.75,14,5,1,0.2386727660059501,0.9711000518829505,1.75,1.75,1.7,2.2,1.7233333333333332,True,True
2023-01-15,1.75,15,6,1,0.255353295116187,0.9668478136052775,1.75,1.75,1.7,2.2,1.725,True,True
2023-01-16,1.75,16,0,1,0.2719581575341055,0.9623090774541486,1.75,1.75,1.7,2.2,1.7266666666666666,True,True
2023-01-17,1.75,17,1,1,0.288482432880609,0.9574851883550393,1.75,1.75,1.7,2.2,1.728333333333333,True,True
2023-01-18,1.75,18,2,1,0.30492122465628907,0.9523775757303974,1.75,1.75,1.7,2.2,1.73,True,True
2023-01-19,1.75,19,3,1,0.3212696616923644,0.9469877530760753,1.75,1.75,1.7,2.2,1.7316666666666665,True,True
2023-01-20,1.75,20,4,1,0.3375228995941133,0.9413173175128471,1.75,1.75,1.7,2.2,1.7333333333333334,True,True
2023-01-21,1.75,21,5,1,0.3536761221763716,0.9353679493131483,1.75,1.75,1.7,2.2,1.7349999999999999,True,True
2023-01-22,1.75,22,6,1,0.3697245428906731,0.9291414114031743,1.75,1.75,1.7,2.2,1.7366666666666666,True,True
2023-01-23,1.75,23,0,1,0.38566340624360707,0.9226395488404876,1.75,1.75,1.7,2.2,1.7383333333333333,True,True
2023-01-24,1.75,24,1,1,0.401487989205973,0.9158642882672872,1.75,1.75,1.7,2.2,1.7399999999999998,True,True
2023-01-25,1.75,25,2,1,0.4171936026123168,0.9088176373395029,1.75,1.75,1.7,2.2,1.7416666666666667,True,True
2023-01-26,1.75,26,3,1,0.4327755925504312,0.901501684131884,1.75,1.75,1.7,2.2,1.7433333333333332,True,True
2023-01-27,1.75,27,4,1,0.4482293417404106,0.893918596519257,1.75,1.75,1.7,2.2,1.7449999999999999,True,True
2023-01-28,1.75,28,5,1,0.4635502709028509,0.886070621534138,1.75,1.75,1.7,2.2,1.7466666666666666,True,True
2023-01-29,1.75,29,6,1,0.47873384011578846,0.8779600847008882,1.75,1.75,1.7,2.2666666666666666,1.7483333333333333,True,True
2023-01-30,1.75,30,0,1,0.49377555015997715,0.869589389346611,1.75,1.75,1.7166666666666666,2.3333333333333335,1.7494444444444446,True,True
2023-01-31,1.75,31,1,1,0.5086709438521044,0.8609610158889943,1.75,1.75,1.7333333333333334,2.4,1.75,True,True
2023-02-01,1.75,32,2,2,0.5234156073655503,0.8520775211013093,1.75,1.75,1.75,2.3857142857142857,1.75,True,True
2023-02-02,1.75,33,3,2,0.5380051715382996,0.8429415373547828,1.75,1.75,1.75,2.3714285714285714,1.75,True,True
2023-02-03,1.75,34,4,2,0.5524353131676196,0.8335557718385699,1.75,1.75,1.75,2.357142857142857,1.75,True,True
2023-02-04,1.75,35,5,2,0.5667017562911176,0.8239230057575542,1.75,1.75,1.75,2.342857142857143,1.75,True,True
2023-02-05,1.75,36,6,2,0.5808002734538009,0.8140460935082178,1.75,1.75,1.75,2.3285714285714287,1.75,True,True
2023-02-06,1.75,37,0,2,0.5947266869607634,0.8039279618328213,1.75,1.75,1.75,2.3142857142857145,1.75,True,True
2023-02-07,1.75,38,1,2,0.6084768701151261,0.7935716089521474,1.75,1.75,1.75,2.3,1.75,True,True
2023-02-08,1.75,39,2,2,0.6220467484408675,0.7829801036770629,1.75,1.75,1.75,2.2857142857142856,1.75,True,True
2023-02-09,1.75,40,3,2,0.6354323008901774,0.7721565844991642,1.75,1.75,1.75,2.2714285714285714,1.75,True,True
2023-02-10,1.75,41,4,2,0.6486295610349814,0.7611042586607747,1.75,1.75,1.75,2.257142857142857,1.75,True,True
2023-02-11,1.75,42,5,2,0.6616346182422783,0.7498264012045686,1.75,1.75,1.75,2.242857142857143,1.75,True,True
2023-02-12,1.75,43,6,2,0.6744436188329455,0.7383263540031065,1.75,1.75,1.75,2.2285714285714286,1.75,True,True
2023-02-13,1.75,44,0,2,0.6870527672236669,0.7266075247685656,1.75,1.75,1.75,2.2142857142857144,1.75,True,True
2023-02-14,1.75,45,1,2,0.699458327051647,0.7146733860429609,1.75,1.75,1.75,2.2,1.75,True,True
2023-02-15,1.75,46,2,2,0.7116566222817746,0.7025274741691571,1.75,1.75,1.75,2.2,1.75,True,True
2023-02-16,1.75,47,3,2,0.7236440382959124,0.6901733882429719,1.75,1.75,1.75,2.2,1.75,True,True
2023-02-17,1.75,48,4,2,0.7354170229639855,0.6776147890466889,1.75,1.75,1.75,2.2,1.75,True,True
2023-02-18,1.75,49,5,2,0.7469720876965552,0.6648553979642865,1.75,1.75,1.75,2.2,1.75,True,True
2023-02-19,1.75,50,6,2,0.7583058084785624,0.6518989958787126,1.75,1.75,1.75,2.2,1.75,True,True
2023-02-20,1.75,51,0,2,0.7694148268839378,0.6387494220515272,1.75,1.75,1.75,2.2,1.75,True,True
2023-02-21,1.75,52,1,2,0.7802958510707755,0.6254105729852463,1.75,1.75,1.75,2.2,1.75,True,True
2023-02-22,1.75,53,2,2,0.7909456567567772,0.6118864012687243,1.75,1.75,1.75,2.2,1.75,True,True
2023-02-23,1.75,54,3,2,0.8013610881746766,0.5981809144059165,1.75,1.75,1.75,2.2,1.75,True,True
2023-02-24,1.75,55,4,2,0.8115390590073611,0.5842981736283684,1.75,1.75,1.75,2.2,1.75,True,True
2023-02-25,1.75,56,5,2,0.8214765533024142,0.5702422926917871,1.75,1.75,1.75,2.2,1.75,True,True
2023-02-26,1.75,57,6,2,0.8311706263658079,0.5560174366570446,1.75,1.75,1.75,2.2,1.75,True,True
2023-02-27,1.75,58,0,2,0.8406184056344782,0.5416278206559814,1.75,1.75,1.75,2.2,1.75,True,True
2023-02-28,1.75,59,1,2,0.8498170915275278,0.5270777086423722,1.75,1.75,1.75,2.2,1.75,True,True
2023-03-01,1.75,60,2,3,0.8587639582758029,0.5123714121284237,1.75,1.75,1.75,2.2,1.75,True,True
2023-03-02,1.75,61,3,3,0.8674563547295969,0.49751328890718066,1.75,1.75,1.75,2.4,1.75,True,True
2023-03-03,1.75,62,4,3,0.8758917051442429,0.48250774176121847,1.75,1.75,1.75,2.4,1.75,True,True
2023-03-04,1.75,63,5,3,0.8840675099433636,0.4673592171580022,1.75,1.75,1.75,2.4,1.75,True,True
2023-03-05,1.75,64,6,3,0.8919813464595485,0.45207220393230435,1.75,1.75,1.75,2.4,1.75,True,True
2023-03-06,1.75,65,0,3,0.8996308696522433,0.43665123195606403,1.75,1.75,1.75,2.4,1.75,True,True
2023-03-07,1.75,66,1,3,0.9070138128026359,0.4211008707960896,1.75,1.75,1.75,2.4,1.75,True,True
2023-03-08,1.75,67,2,3,0.9141279881853337,0.40542572835999735,1.75,1.75,1.75,2.4,1.75,True,True
2023-03-09,1.75,68,3,3,0.9209712877166346,0.38963044953078796,1.75,1.75,1.75,2.4,1.75,True,True
2023-03-10,1.75,69,4,3,0.9275416835791966,0.37371971479046906,1.75,1.75,1.75,2.4,1.75,True,True
2023-03-11,1.75,70,5,3,0.9338372288229252,0.35769823883312546,1.75,1.75,1.75,2.4,1.75,True,True
2023-03-12,1.75,71,6,3,0.9398560579418954,0.3415707691678556,1.75,1.75,1.75,2.4,1.75,True,True
2023-03-13,1.75,72,0,3,0.9455963874271426,0.3253420847119801,1.75,1.75,1.75,2.4,1.75,True,True
2023-03-14,1.75,73,1,3,0.9510565162951535,0.30901699437494745,1.75,1.75,1.75,2.4,1.75,True,True
2023-03-15,1.75,74,2,3,0.9562348265919056,0.29260033563334836,1.75,1.75,1.75,2.4,1.75,True,True
2023-03-16,1.75,75,3,3,0.9611297838723007,0.27609697309746883,1.75,1.75,1.75,2.4,1.75,True,True
2023-03-17,1.75,76,4,3,0.9657399376548549,0.2595117970697999,1.75,1.75,1.75,2.4,1.75,True,True
2023-03-18,1.75,77,5,3,0.9700639218515071,0.2428497220959356,1.75,1.75,1.75,2.4,1.75,True,True
2023-03-19,1.75,78,6,3,0.9741004551724205,0.22611568550828828,1.75,1.75,1.75,2.4,1.75,True,True
2023-03-20,1.75,79,0,3,0.9778483415056568,0.20931464596304847,1.75,1.75,1.75,2.4,1.75,True,True
2023-03-21,1.75,80,1,3,0.9813064702716093,0.19245158197082998,1.75,1.75,1.75,2.4,1.75,True,True
2023-03-22,1.75,81,2,3,0.9844738167520922,0.1755314904214282,1.75,1.75,1.75,2.4,1.75,True,True
2023-03-23,1.75,82,3,3,0.9873494423939864,0.15855938510313475,1.75,1.75,1.75,2.4,1.75,True,True
2023-03-24,1.75,83,4,3,0.989932495087353,0.141540295217043,1.75,1.75,1.75,2.4,1.75,True,True
2023-03-25,1.75,84,5,3,0.9922222094179323,0.12447926388678915,1.75,1.75,1.75,2.4,1.75,True,True
2023-03-26,1.75,85,6,3,0.994217906893952,0.10738134666416309,1.75,1.75,1.75,2.4,1.75,True,True
2023-03-27,1.75,86,0,3,0.995918996147179,0.09025161003104117,1.75,1.75,1.75,2.4,1.75,True,True
2023-03-28,1.75,87,1,3,0.9973249731081555,0.07309512989807777,1.75,1.75,1.75,2.4,1.75,True,True
2023-03-29,1.75,88,2,3,0.9984354211555643,0.055916990100603484,1.75,1.75,1.75,2.4,1.75,True,True
2023-03-30,1.75,89,3,3,0.9992500112396835,0.03872228089217446,1.75,1.75,1.75,2.4,1.75,True,True
2023-03-31,1.75,90,4,3,0.9997685019798909,0.021516097436222254,1.75,1.75,1.75,2.4,1.75,True,True
2023-04-01,1.75,91,5,4,0.9999907397361901,0.004303538296244289,1.75,1.75,1.75,2.4,1.75,True,True
2023-04-02,1.75,92,6,4,0.9999166586547379,-0.01291029607500882,1.75,1.75,1.75,2.4,1.75,True,True
2023-04-03,1.75,93,0,4,0.9995462806873573,-0.030120304846908114,1.75,1.75,1.75,2.4,1.75,True,True
2023-04-04,1.75,94,1,4,0.9988797155850336,-0.04732138832243185,1.75,1.75,1.75,2.4,1.75,True,True
2023-04-05,1.75,95,2,4,0.9979171608653922,-0.06450844944931623,1.75,1.75,1.75,2.4,1.75,True,True
2023-04-06,1.75,96,3,4,0.9966589017541702,-0.08167639533042241,1.75,1.75,1.75,2.4,1.75,True,True
2023-04-07,1.75,97,4,4,0.9951053111006976,-0.09882013873287143,1.75,1.75,1.75,2.4,1.75,True,True
2023-04-08,1.75,98,5,4,0.9932568492674143,-0.11593459959550041,1.75,1.75,1.75,2.4,1.75,True,True
2023-04-09,1.75,99,6,4,0.9911140639934547,-0.1330147065341959,1.75,1.75,1.75,2.4,1.75,True,True
2023-04-10,1.75,100,0,4,0.9886775902323405,-0.1500553983446526,1.75,1.75,1.75,2.4,1.75,True,True
2023-04-11,1.75,101,1,4,0.9859481499638304,-0.16705162550211924,1.75,1.75,1.75,2.4,1.75,True,True
2023-04-12,1.75,102,2,4,0.9829265519799822,-0.18399835165768005,1.75,1.75,1.75,2.4,1.75,True,True
2023-04-13,1.75,103,3,4,0.9796136916454901,-0.20089055513063506,1.75,1.75,1.75,2.4,1.75,True,True
2023-04-14,1.75,104,4,4,0.9760105506323683,-0.21772323039653177,1.75,1.75,1.75,2.4,1.75,True,True
2023-04-15,1.75,105,5,4,0.9721181966290613,-0.23449138957040985,1.75,1.75,1.75,2.4,1.75,True,True
2023-04-16,1.75,106,6,4,0.9679377830240642,-0.25119006388481935,1.75,1.75,1.75,2.4,1.75,True,True
2023-04-17,1.75,107,0,4,0.9634705485641488,-0.2678143051621742,1.75,1.75,1.75,2.4,1.75,True,True
2023-04-18,1.75,108,1,4,0.9587178169872964,-0.2843591872810034,1.75,1.75,1.75,2.4,1.75,True,True
2023-04-19,1.75,109,2,4,0.9536809966304457,-0.30081980763566735,1.75,1.75,1.75,2.4,1.75,True,True
2023-04-20,1.75,110,3,4,0.9483615800121715,-0.3171912885891061,1.75,1.75,1.75,2.4,1.75,True,True
2023-04-21,1.75,111,4,4,0.9427611433904207,-0.3334687789181868,1.75,1.75,1.75,2.4,1.75,True,True
2023-04-22,1.75,112,5,4,0.9368813462954315,-0.3496474552512284,1.75,1.75,1.75,2.4,1.75,True,True
2023-04-23,1.75,113,6,4,0.9307239310379795,-0.36572252349726897,1.75,1.75,1.75,2.4,1.75,True,True
2023-04-24,1.75,114,0,4,0.9242907221930933,-0.3816892202666588,1.75,1.75,1.75,2.4,1.75,True,True
2023-04-25,1.75,115,1,4,0.9175836260593937,-0.39754281428255595,1.75,1.75,1.75,2.4,1.75,True,True
2023-04-26,1.75,116,2,4,0.9106046300942162,-0.4132786077829042,1.75,1.75,1.75,2.4,1.75,True,True
2023-04-27,1.75,117,3,4,0.9033558023246845,-0.4288919379124835,1.75,1.75,1.75,2.4,1.75,True,True
2023-04-28,1.75,118,4,4,0.895839290734909,-0.4443781781046132,1.75,1.75,1.75,2.4,1.75,True,True
2023-04-29,1.7625,119,5,4,0.8880573226294932,-0.45973273945210397,1.75,1.75,1.75,2.4,1.7504166666666667,True,True
2023-04-30,1.775,120,6,4,0.8800122039735357,-0.47495107206704995,1.7625,1.75,1.75,2.4,1.75125,True,True
2023-05-01,1.7875,121,0,5,0.8717063187093218,-0.4900286664290592,1.775,1.75,1.75,2.4,1.7525000000000002,True,True
2023-05-02,1.8,122,1,5,0.8631421280499114,-0.5049610547215204,1.7875,1.75,1.75,2.4,1.7541666666666667,True,True
2023-05-03,1.8125,123,2,5,0.854322169749827,-0.5197438121555155,1.8,1.75,1.75,2.4,1.75625,True,True
2023-05-04,1.825,124,3,5,0.8452490573530633,-0.5343725582809786,1.8125,1.75,1.75,2.4,1.75875,True,True
2023-05-05,1.8375,125,4,5,0.8359254794186372,-0.548842958284719,1.825,1.75,1.75,2.4,1.7616666666666667,True,True
2023-05-06,1.8499999999999999,126,5,5,0.8263541987239096,-0.5631507242749186,1.8375,1.7625,1.75,2.4,1.7650000000000001,True,True
2023-05-07,1.8624999999999998,127,6,5,0.8165380514459161,-0.5772916165517272,1.8499999999999999,1.775,1.75,2.4,1.76875,True,True
2023-05-08,1.875,128,0,5,0.8064799463209448,-0.5912614448635781,1.8624999999999998,1.7875,1.75,2.4,1.7729166666666667,True,True
2023-05-09,1.8875,129,1,5,0.7961828637826158,-0.6050560696488488,1.875,1.8,1.75,2.4,1.7775,True,True
2023-05-10,1.9,130,2,5,0.7856498550787147,-0.6186714032625031,1.8875,1.8125,1.75,2.4,1.7825,True,True
2023-05-11,1.9,131,3,5,0.7748840413670407,-0.6321034111873487,1.9,1.825,1.75,2.4,1.7875,True,True
2023-05-12,1.9,132,4,5,0.7638886127905428,-0.6453481132295501,1.9,1.8375,1.75,2.4,1.7925,True,True
2023-05-13,1.9,133,5,5,0.7526668275320085,-0.6584015846980488,1.9,1.8499999999999999,1.75,2.4,1.7975,True,True
2023-05-14,1.9,134,6,5,0.7412220108485958,-0.6712599575675313,1.9,1.8624999999999998,1.75,2.4,1.8025,True,True
2023-05-15,1.9,135,0,5,0.7295575540864875,-0.6839194216246106,1.9,1.875,1.75,2.4,1.8075,True,True
2023-05-16,1.9,136,1,5,0.717676913675962,-0.6963762255968722,1.9,1.8875,1.75,2.4,1.8125,True,True
2023-05-17,1.9,137,2,5,0.705583610107178,-0.7086266782644596,1.9,1.9,1.75,2.4,1.8175,True,True
2023-05-18,1.9,138,3,5,0.6932812268869777,-0.7206671495538609,1.9,1.9,1.75,2.4,1.8225,True,True
2023-05-19,1.9,139,4,5,0.6807734094770161,-0.7324940716135789,1.9,1.9,1.75,2.4,1.8275000000000001,True,True
2023-05-20,1.9,140,5,5,0.6680638642135335,-0.7441039398713607,1.9,1.9,1.75,2.4,1.8325,True,True
2023-05-21,1.9,141,6,5,0.6551563572090853,-0.7554933140726803,1.9,1.9,1.75,2.4,1.8375,True,True
2023-05-22,1.9,142,0,5,0.6420547132365637,-0.766658819300159,1.9,1.9,1.75,2.4,1.8425,True,True
2023-05-23,1.9,143,1,5,0.6287628145958344,-0.7775971469736269,1.9,1.9,1.75,2.4,1.8475,True,True
2023-05-24,1.9,144,2,5,0.6152845999633276,-0.7883050558305255,1.9,1.9,1.75,2.4,1.8525,True,True
2023-05-25,1.9,145,3,5,0.6016240632249226,-0.7987793728863649,1.9,1.9,1.75,2.4,1.8575000000000002,True,True
2023-05-26,1.9,146,4,5,0.5877852522924732,-0.8090169943749473,1.9,1.9,1.75,2.4,1.8625,True,True
2023-05-27,1.9,147,5,5,0.5737722679043246,-0.8190148866680801,1.9,1.9,1.75,2.4,1.8675,True,True
2023-05-28,1.9,148,6,5,0.5595892624101765,-0.8287700871745038,1.9,1.9,1.75,2.4,1.8724999999999998,True,True
2023-05-29,1.9,149,0,5,0.545240438540651,-0.8382797052177744,1.9,1.9,1.7625,2.4,1.8770833333333334,True,True
2023-05-30,1.9,150,1,5,0.5307300481619334,-0.8475409228928311,1.9,1.9,1.775,2.4,1.88125,True,True
2023-05-31,1.9,151,2,5,0.5160623910158528,-0.8565509959010036,1.9,1.9,1.7875,2.4,1.885,True,True
2023-06-01,1.903,152,3,6,0.5012418134457758,-0.865307254363206,1.9,1.9,1.8,2.4,1.8884333333333332,True,True
2023-06-02,1.906,153,4,6,0.48627270710868997,-0.8738071036110808,1.903,1.9,1.8125,2.4,1.8915499999999998,True,True
2023-06-03,1.9089999999999998,154,5,6,0.4711595076738638,-0.8820480249558537,1.906,1.9,1.825,2.4,1.8943499999999998,True,True
2023-06-04,1.912,155,6,6,0.4559066935084588,-0.8900275764346767,1.9089999999999998,1.9,1.8375,2.4,1.8968333333333334,True,True
2023-06-05,1.915,156,0,6,0.440518784350495,-0.8977433935342337,1.912,1.9,1.8499999999999999,2.4,1.899,True,True
2023-06-06,1.918,157,1,6,0.42500033996955416,-0.9051931898913974,1.915,1.9,1.8624999999999998,2.4,1.90085,True,True
2023-06-07,1.9209999999999998,158,2,6,0.4093559588156213,-0.9123747579707273,1.918,1.9,1.875,2.4,1.9023833333333333,True,True
2023-06-08,1.924,159,3,6,0.39359027665646673,-0.9192859697186104,1.9209999999999998,1.903,1.8875,2.4,1.9036,True,True
2023-06-09,1.927,160,4,6,0.3777079652039649,-0.9259247771938498,1.924,1.906,1.9,2.4,1.9044999999999999,True,True
2023-06-10,1.93,161,5,6,0.36171373072976765,-0.9322892131745133,1.927,1.9089999999999998,1.9,2.4,1.9055,True,True
2023-06-11,1.93,162,6,6,0.3456123126707335,-0.9383773917408641,1.93,1.912,1.9,2.4,1.9065,True,True
2023-06-12,1.93,163,0,6,0.3294084822245304,-0.9441875088341993,1.93,1.915,1.9,2.4,1.9074999999999998,True,True
2023-06-13,1.93,164,1,6,0.3131070409358269,-0.9497178427914316,1.93,1.918,1.9,2.4,1.9084999999999999,True,True
2023-06-14,1.93,165,2,6,0.29671281927349075,-0.9549667548552551,1.93,1.9209999999999998,1.9,2.4,1.9095,True,True
2023-06-15,1.93,166,3,6,0.28023067519921585,-0.9599326896597447,1.93,1.924,1.9,2.4,1.9104999999999999,True,True
2023-06-16,1.93,167,4,6,0.26366549272800704,-0.9646141756912435,1.93,1.927,1.9,2.4,1.9115,True,True
2023-06-17,1.93,168,5,6,0.24702218048093552,-0.9690098257244062,1.93,1.93,1.9,2.4,1.9124999999999999,True,True
2023-06-18,1.93,169,6,6,0.23030567023061221,-0.9731183372332619,1.93,1.93,1.9,2.4,1.9134999999999998,True,True
2023-06-19,1.93,170,0,6,0.21352091543979612,-0.9769384927771817,1.93,1.93,1.9,2.4,1.9144999999999999,True,True
2023-06-20,1.93,171,1,6,0.19667288979357647,-0.980469160361632,1.93,1.93,1.9,2.4,1.9155,True,True
2023-06-21,1.93,172,2,6,0.1797665857255624,-0.9837092937736097,1.93,1.93,1.9,2.4,1.9164999999999999,True,True
2023-06-22,1.93,173,3,6,0.16280701293851715,-0.986657932891657,1.93,1.93,1.9,2.4,1.9175,True,True
2023-06-23,1.93,174,4,6,0.1457991969198751,-0.9893142039703663,1.93,1.93,1.9,2.3,1.9184999999999997,True,True
2023-06-24,1.93,175,5,6,0.12874817745258132,-0.99167731989929,1.93,1.93,1.9,2.3,1.9194999999999998,True,True
2023-06-25,1.93,176,6,6,0.11165900712169512,-0.993746580436178,1.93,1.93,1.9,2.3,1.9204999999999999,True,True
2023-06-26,1.93,177,0,6,0.09453674981719912,-0.9955213724144752,1.93,1.93,1.9,2.3,1.9214999999999998,True,True
2023-06-27,1.93,178,1,6,0.07738647923346301,-0.9970011699250151,1.93,1.93,1.9,2.3,1.9224999999999999,True,True
2023-06-28,1.93,179,2,6,0.06021327736579302,-0.9981855344718586,1.93,1.93,1.9,2.3,1.9235,True,True
2023-06-29,1.93,180,3,6,0.04302223300453059,-0.99907411510223,1.93,1.93,1.9,2.3,1.9244999999999999,True,True
2023-06-30,1.93,181,4,6,0.02581844022713308,-0.9996666485105112,1.93,1.93,1.9,2.3,1.9255,True,True
2023-07-01,1.93,182,5,7,0.008606996888688698,-0.9999629591162655,1.93,1.93,1.903,2.3,1.9264000000000001,True,True
2023-07-02,1.93,183,6,7,-0.008606996888688009,-0.9999629591162655,1.93,1.93,1.906,2.3,1.9272,True,True
2023-07-03,1.93,184,0,7,-0.02581844022713239,-0.9996666485105112,1.93,1.93,1.9089999999999998,2.3,1.9279000000000002,True,True
2023-07-04,1.93,185,1,7,-0.04302223300453034,-0.99907411510223,1.93,1.93,1.912,2.3,1.9284999999999999,True,True
2023-07-05,1.93,186,2,7,-0.060213277365792774,-0.9981855344718586,1.93,1.93,1.915,2.3,1.9289999999999998,True,True
2023-07-06,1.93,187,3,7,-0.07738647923346322,-0.9970011699250151,1.93,1.93,1.918,2.3,1.9294,True,True
2023-07-07,1.93,188,4,7,-0.09453674981719933,-0.9955213724144752,1.93,1.93,1.9209999999999998,2.3,1.9297,True,True
2023-07-08,1.93,189,5,7,-0.11165900712169444,-0.9937465804361781,1.93,1.93,1.924,2.3,1.9299,True,True
2023-07-09,1.93,190,6,7,-0.12874817745258066,-0.99167731989929,1.93,1.93,1.927,2.3,1.93,True,True
2023-07-10,1.93,191,0,7,-0.14579919691987442,-0.9893142039703664,1.93,1.93,1.93,2.3,1.93,True,True
2023-07-11,1.93,192,1,7,-0.16280701293851646,-0.9866579328916572,1.93,1.93,1.93,2.3,1.93,True,True
2023-07-12,1.93,193,2,7,-0.17976658572556214,-0.9837092937736098,1.93,1.93,1.93,2.3,1.93,True,True
2023-07-13,1.93,194,3,7,-0.19667288979357622,-0.9804691603616321,1.93,1.93,1.93,2.3,1.93,True,True
2023-07-14,1.93,195,4,7,-0.2135209154397959,-0.9769384927771817,1.93,1.93,1.93,2.3,1.93,True,True
2023-07-15,1.93,196,5,7,-0.23030567023061196,-0.973118337233262,1.93,1.93,1.93,2.3,1.93,True,True
2023-07-16,1.93,197,6,7,-0.24702218048093527,-0.9690098257244063,1.93,1.93,1.93,2.3,1.93,True,True
2023-07-17,1.93,198,0,7,-0.2636654927280072,-0.9646141756912435,1.93,1.93,1.93,2.3,1.93,True,True
2023-07-18,1.93,199,1,7,-0.2802306751992161,-0.9599326896597445,1.93,1.93,1.93,2.3,1.93,True,True
2023-07-19,1.93,200,2,7,-0.2967128192734901,-0.9549667548552553,1.93,1.93,1.93,2.3,1.93,True,True
2023-07-20,1.93,201,3,7,-0.3131070409358267,-0.9497178427914317,1.93,1.93,1.93,2.3,1.93,True,True
2023-07-21,1.93,202,4,7,-0.3294084822245302,-0.9441875088341994,1.93,1.93,1.93,2.3,1.93,True,True
2023-07-22,1.93,203,5,7,-0.3456123126707333,-0.9383773917408642,1.93,1.93,1.93,1.8,1.93,True,True
2023-07-23,1.93,204,6,7,-0.3617137307297674,-0.9322892131745134,1.93,1.93,1.93,1.8,1.93,True,True
2023-07-24,1.93,205,0,7,-0.37770796520396466,-0.9259247771938499,1.93,1.93,1.93,1.8,1.93,True,True
2023-07-25,1.93,206,1,7,-0.39359027665646645,-0.9192859697186105,1.93,1.93,1.93,1.8,1.93,True,True
2023-07-26,1.93,207,2,7,-0.4093559588156211,-0.9123747579707274,1.93,1.93,1.93,1.8,1.93,True,True
2023-07-27,1.93,208,3,7,-0.42500033996955394,-0.9051931898913975,1.93,1.93,1.93,1.8,1.93,True,True
2023-07-28,1.93,209,4,7,-0.4405187843504952,-0.8977433935342336,1.93,1.93,1.93,1.8,1.93,True,True
2023-07-29,1.93,210,5,7,-0.455906693508459,-0.8900275764346766,1.93,1.93,1.93,1.8,1.93,True,True
2023-07-30,1.93,211,6,7,-0.47115950767386394,-0.8820480249558535,1.93,1.93,1.93,1.8,1.93,True,True
2023-07-31,1.93,212,0,7,-0.4862727071086902,-0.8738071036110807,1.93,1.93,1.93,1.8,1.93,True,True
2023-08-01,1.93,213,1,8,-0.5012418134457756,-0.8653072543632061,1.93,1.93,1.93,1.8,1.93,True,True
2023-08-02,1.93,214,2,8,-0.5160623910158526,-0.8565509959010037,1.93,1.93,1.93,1.8,1.93,True,True
2023-08-03,1.93,215,3,8,-0.5307300481619331,-0.8475409228928312,1.93,1.93,1.93,1.8,1.93,True,True
2023-08-04,1.93,216,4,8,-0.5452404385406507,-0.8382797052177745,1.93,1.93,1.93,1.8,1.93,True,True
2023-08-05,1.93,217,5,8,-0.5595892624101763,-0.828770087174504,1.93,1.93,1.93,1.8,1.93,True,True
2023-08-06,1.93,218,6,8,-0.5737722679043243,-0.8190148866680802,1.93,1.93,1.93,1.8,1.93,True,True
2023-08-07,1.93,219,0,8,-0.5877852522924734,-0.8090169943749472,1.93,1.93,1.93,1.8,1.93,True,True
2023-08-08,1.93,220,1,8,-0.6016240632249227,-0.7987793728863648,1.93,1.93,1.93,1.8,1.93,True,True
2023-08-09,1.93,221,2,8,-0.6152845999633277,-0.7883050558305253,1.93,1.93,1.93,1.8,1.93,True,True
2023-08-10,1.93,222,3,8,-0.6287628145958345,-0.7775971469736268,1.93,1.93,1.93,1.8,1.93,True,True
