pubDate,avgPrice,day_of_year,day_of_week,month,doy_sin,doy_cos,avgPrice_lag_1,avgPrice_lag_7,avgPrice_lag_30,avgPrice_lag_365,avgPrice_MA_30,specInfo_>100g,specInfo_<100g,prodPcat_淡水鱼
2022-07-17,20.0,198,6,7,-0.2636654927280072,-0.9646141756912435,20.0,20.0,22.0,20.0,20.2,True,False,True
2022-07-17,19.0,198,6,7,-0.2636654927280072,-0.9646141756912435,19.0,21.0,23.0,19.0,20.866666666666667,False,True,True
2022-07-18,21.0,199,0,7,-0.2802306751992161,-0.9599326896597445,20.0,20.0,22.0,20.125,20.166666666666668,True,False,True
2022-07-18,20.0,199,0,7,-0.2802306751992161,-0.9599326896597445,19.0,21.0,23.0,19.0,20.766666666666666,False,True,True
2022-07-19,21.0,200,1,7,-0.2967128192734901,-0.9549667548552553,21.0,20.0,22.0,20.25,20.133333333333333,True,False,True
2022-07-19,20.0,200,1,7,-0.2967128192734901,-0.9549667548552553,20.0,21.0,23.0,19.0,20.666666666666668,False,True,True
2022-07-20,21.0,201,2,7,-0.3131070409358267,-0.9497178427914317,21.0,20.0,22.0,20.375,20.1,True,False,True
2022-07-20,20.0,201,2,7,-0.3131070409358267,-0.9497178427914317,20.0,19.0,23.0,19.0,20.566666666666666,False,True,True
2022-07-21,23.0,202,3,7,-0.3294084822245302,-0.9441875088341994,21.0,20.0,20.0,20.5,20.2,True,False,True
2022-07-21,20.25,202,3,7,-0.3294084822245302,-0.9441875088341994,20.0,19.0,21.0,19.0,20.541666666666668,False,True,True
2022-07-22,23.0,203,4,7,-0.3456123126707333,-0.9383773917408642,23.0,20.0,20.0,20.5,20.3,True,False,True
2022-07-22,20.5,203,4,7,-0.3456123126707333,-0.9383773917408642,20.25,19.0,21.0,19.0,20.525,False,True,True
2022-07-23,23.0,204,5,7,-0.3617137307297674,-0.9322892131745134,23.0,20.0,20.0,20.5,20.4,True,False,True
2022-07-23,20.5,204,5,7,-0.3617137307297674,-0.9322892131745134,20.5,19.0,21.0,19.0,20.508333333333333,False,True,True
2022-07-24,20.5,205,6,7,-0.37770796520396466,-0.9259247771938499,20.5,19.0,21.0,19.0,20.491666666666667,False,True,True
2022-07-24,23.0,205,6,7,-0.37770796520396466,-0.9259247771938499,23.0,20.0,20.0,20.5,20.5,True,False,True
2022-07-25,20.5,206,0,7,-0.39359027665646645,-0.9192859697186105,20.5,20.0,21.0,19.0,20.475,False,True,True
2022-07-25,23.0,206,0,7,-0.39359027665646645,-0.9192859697186105,23.0,21.0,20.0,20.5,20.6,True,False,True
2022-07-26,20.5,207,1,7,-0.4093559588156211,-0.9123747579707274,20.5,20.0,21.0,19.0,20.458333333333332,False,True,True
2022-07-26,23.0,207,1,7,-0.4093559588156211,-0.9123747579707274,23.0,21.0,20.0,20.5,20.7,True,False,True
2022-07-27,20.5,208,2,7,-0.42500033996955394,-0.9051931898913975,20.5,20.0,21.0,19.0,20.441666666666666,False,True,True
2022-07-27,23.0,208,2,7,-0.42500033996955394,-0.9051931898913975,23.0,21.0,20.0,20.5,20.8,True,False,True
2022-07-28,23.0,209,3,7,-0.4405187843504952,-0.8977433935342336,23.0,23.0,20.0,20.5,20.9,True,False,True
2022-07-28,20.5,209,3,7,-0.4405187843504952,-0.8977433935342336,20.5,20.25,21.0,18.5,20.425,False,True,True
2022-07-29,23.0,210,4,7,-0.455906693508459,-0.8900275764346766,23.0,23.0,20.0,20.5,21.0,True,False,True
2022-07-29,20.5,210,4,7,-0.455906693508459,-0.8900275764346766,20.5,20.5,21.0,18.5,20.408333333333335,False,True,True
2022-07-30,23.0,211,5,7,-0.47115950767386394,-0.8820480249558535,23.0,23.0,20.0,20.5,21.1,True,False,True
2022-07-30,20.5,211,5,7,-0.47115950767386394,-0.8820480249558535,20.5,20.5,21.0,18.5,20.391666666666666,False,True,True
2022-07-31,20.5,212,6,7,-0.4862727071086902,-0.8738071036110807,20.5,20.5,21.0,18.5,20.375,False,True,True
2022-07-31,23.0,212,6,7,-0.4862727071086902,-0.8738071036110807,23.0,23.0,20.0,20.5,21.2,True,False,True
2022-08-01,20.5,213,0,8,-0.5012418134457756,-0.8653072543632061,20.5,20.5,21.0,18.5,20.358333333333334,False,True,True
2022-08-01,23.0,213,0,8,-0.5012418134457756,-0.8653072543632061,23.0,23.0,20.0,20.5,21.3,True,False,True
2022-08-02,20.5,214,1,8,-0.5160623910158526,-0.8565509959010037,20.5,20.5,21.0,18.5,20.341666666666665,False,True,True
2022-08-02,22.5,214,1,8,-0.5160623910158526,-0.8565509959010037,23.0,23.0,20.0,20.5,21.383333333333333,True,False,True
2022-08-03,20.5,215,2,8,-0.5307300481619331,-0.8475409228928312,20.5,20.5,21.0,18.5,20.325,False,True,True
2022-08-03,22.5,215,2,8,-0.5307300481619331,-0.8475409228928312,22.5,23.0,20.0,20.5,21.466666666666665,True,False,True
2022-08-04,22.5,216,3,8,-0.5452404385406507,-0.8382797052177745,22.5,23.0,20.0,20.5,21.55,True,False,True
2022-08-04,20.0,216,3,8,-0.5452404385406507,-0.8382797052177745,20.5,20.5,21.0,18.5,20.291666666666668,False,True,True
2022-08-05,22.5,217,4,8,-0.5595892624101763,-0.828770087174504,22.5,23.0,20.0,20.5,21.633333333333333,True,False,True
2022-08-05,20.0,217,4,8,-0.5595892624101763,-0.828770087174504,20.0,20.5,21.0,18.5,20.258333333333333,False,True,True
2022-08-06,20.0,218,5,8,-0.5737722679043243,-0.8190148866680802,20.0,20.5,21.0,18.5,20.225,False,True,True
2022-08-06,22.5,218,5,8,-0.5737722679043243,-0.8190148866680802,22.5,23.0,20.0,20.5,21.716666666666665,True,False,True
2022-08-07,20.0,219,6,8,-0.5877852522924734,-0.8090169943749472,20.0,20.5,21.0,18.5,20.191666666666666,False,True,True
2022-08-07,22.5,219,6,8,-0.5877852522924734,-0.8090169943749472,22.5,23.0,20.0,20.5,21.8,True,False,True
2022-08-08,22.5,220,0,8,-0.6016240632249227,-0.7987793728863648,22.5,23.0,20.0,20.5,21.883333333333333,True,False,True
2022-08-08,20.0,220,0,8,-0.6016240632249227,-0.7987793728863648,20.0,20.5,21.0,18.5,20.158333333333335,False,True,True
2022-08-09,20.0,221,1,8,-0.6152845999633277,-0.7883050558305253,20.0,20.5,21.0,18.5,20.125,False,True,True
2022-08-09,22.5,221,1,8,-0.6152845999633277,-0.7883050558305253,22.5,22.5,20.0,20.5,21.966666666666665,True,False,True
2022-08-10,20.0,222,2,8,-0.6287628145958345,-0.7775971469736268,20.0,20.5,21.0,18.5,20.091666666666665,False,True,True
2022-08-10,22.5,222,2,8,-0.6287628145958345,-0.7775971469736268,22.5,22.5,20.0,20.5,22.05,True,False,True
2022-08-11,22.5,223,3,8,-0.6420547132365636,-0.7666588193001592,22.5,22.5,20.0,20.5,22.133333333333333,True,False,True
2022-08-11,20.0,223,3,8,-0.6420547132365636,-0.7666588193001592,20.0,20.0,21.0,18.5,20.058333333333334,False,True,True
2022-08-12,22.5,224,4,8,-0.655156357209085,-0.7554933140726804,22.5,22.5,20.0,20.5,22.216666666666665,True,False,True
2022-08-12,20.0,224,4,8,-0.655156357209085,-0.7554933140726804,20.0,20.0,19.0,18.5,20.091666666666665,False,True,True
2022-08-13,20.0,225,5,8,-0.6680638642135333,-0.7441039398713608,20.0,20.0,19.0,18.5,20.125,False,True,True
2022-08-13,22.25,225,5,8,-0.6680638642135333,-0.7441039398713608,22.5,22.5,20.0,20.5,22.291666666666668,True,False,True
2022-08-14,20.0,226,6,8,-0.6807734094770159,-0.7324940716135792,20.0,20.0,19.0,18.5,20.158333333333335,False,True,True
2022-08-14,22.0,226,6,8,-0.6807734094770159,-0.7324940716135792,22.25,22.5,20.0,20.5,22.358333333333334,True,False,True
2022-08-15,20.0,227,0,8,-0.6932812268869771,-0.7206671495538615,20.0,20.0,19.0,18.5,20.191666666666666,False,True,True
2022-08-15,22.0,227,0,8,-0.6932812268869771,-0.7206671495538615,22.0,22.5,20.0,20.5,22.425,True,False,True
2022-08-16,20.0,228,1,8,-0.7055836101071774,-0.70862667826446,20.0,20.0,19.0,18.5,20.225,False,True,True
2022-08-16,22.0,228,1,8,-0.7055836101071774,-0.70862667826446,22.0,22.5,20.0,20.5,22.491666666666667,True,False,True
2022-08-17,20.0,229,2,8,-0.7176769136759615,-0.6963762255968726,20.0,20.0,20.0,18.5,20.225,False,True,True
2022-08-17,22.0,229,2,8,-0.7176769136759615,-0.6963762255968726,22.0,22.5,21.0,20.5,22.525,True,False,True
2022-08-18,20.0,230,3,8,-0.7295575540864876,-0.6839194216246105,20.0,20.0,20.0,18.5,20.225,False,True,True
2022-08-18,22.0,230,3,8,-0.7295575540864876,-0.6839194216246105,22.0,22.5,21.0,20.5,22.558333333333334,True,False,True
2022-08-19,22.0,231,4,8,-0.7412220108485957,-0.6712599575675315,22.0,22.5,21.0,20.5,22.591666666666665,True,False,True
2022-08-19,20.0,231,4,8,-0.7412220108485957,-0.6712599575675315,20.0,20.0,20.0,18.5,20.225,False,True,True
2022-08-20,20.0,232,5,8,-0.7526668275320083,-0.6584015846980489,20.0,20.0,20.25,18.5,20.216666666666665,False,True,True
2022-08-20,22.0,232,5,8,-0.7526668275320083,-0.6584015846980489,22.0,22.25,23.0,20.5,22.558333333333334,True,False,True
2022-08-21,22.0,233,6,8,-0.7638886127905429,-0.64534811322955,22.0,22.0,23.0,20.5,22.525,True,False,True
2022-08-21,20.0,233,6,8,-0.7638886127905429,-0.64534811322955,20.0,20.0,20.5,18.5,20.2,False,True,True
2022-08-22,22.0,234,0,8,-0.7748840413670406,-0.6321034111873488,22.0,22.0,23.0,20.5,22.491666666666667,True,False,True
2022-08-22,20.0,234,0,8,-0.7748840413670406,-0.6321034111873488,20.0,20.0,20.5,18.5,20.183333333333334,False,True,True
2022-08-23,22.0,235,1,8,-0.7856498550787144,-0.6186714032625032,22.0,22.0,23.0,20.5,22.458333333333332,True,False,True
2022-08-23,20.0,235,1,8,-0.7856498550787144,-0.6186714032625032,20.0,20.0,20.5,18.5,20.166666666666668,False,True,True
2022-08-24,22.0,236,2,8,-0.7961828637826154,-0.6050560696488494,22.0,22.0,23.0,20.5,22.425,True,False,True
2022-08-24,20.0,236,2,8,-0.7961828637826154,-0.6050560696488494,20.0,20.0,20.5,18.5,20.15,False,True,True
2022-08-25,20.0,237,3,8,-0.8064799463209447,-0.5912614448635782,20.0,20.0,20.5,18.5,20.133333333333333,False,True,True
2022-08-25,23.0,237,3,8,-0.8064799463209447,-0.5912614448635782,22.0,22.0,23.0,20.5,22.425,True,False,True
2022-08-26,20.0,238,4,8,-0.8165380514459157,-0.5772916165517278,20.0,20.0,20.5,18.5,20.116666666666667,False,True,True
2022-08-26,23.0,238,4,8,-0.8165380514459157,-0.5772916165517278,23.0,22.0,23.0,20.5,22.425,True,False,True
2022-08-27,20.0,239,5,8,-0.8263541987239094,-0.5631507242749187,20.0,20.0,20.5,18.5,20.1,False,True,True
2022-08-27,23.0,239,5,8,-0.8263541987239094,-0.5631507242749187,23.0,22.0,23.0,20.5,22.425,True,False,True
2022-08-28,23.0,240,6,8,-0.8359254794186365,-0.5488429582847199,23.0,22.0,23.0,20.5,22.425,True,False,True
2022-08-28,20.0,240,6,8,-0.8359254794186365,-0.5488429582847199,20.0,20.0,20.5,18.5,20.083333333333332,False,True,True
2022-08-29,20.0,241,0,8,-0.8452490573530634,-0.5343725582809785,20.0,20.0,20.5,18.5,20.066666666666666,False,True,True
2022-08-29,23.0,241,0,8,-0.8452490573530634,-0.5343725582809785,23.0,22.0,23.0,20.5,22.425,True,False,True
2022-08-30,23.0,242,1,8,-0.8543221697498269,-0.5197438121555157,23.0,22.0,23.0,20.5,22.425,True,False,True
2022-08-30,20.0,242,1,8,-0.8543221697498269,-0.5197438121555157,20.0,20.0,20.5,18.5,20.05,False,True,True
2022-08-31,20.0,243,2,8,-0.8631421280499115,-0.5049610547215202,20.0,20.0,20.5,18.5,20.033333333333335,False,True,True
2022-08-31,23.0,243,2,8,-0.8631421280499115,-0.5049610547215202,23.0,22.0,23.0,20.5,22.425,True,False,True
2022-09-01,20.0,244,3,9,-0.8717063187093217,-0.4900286664290594,20.0,20.0,20.5,18.5,20.016666666666666,False,True,True
2022-09-01,23.0,244,3,9,-0.8717063187093217,-0.4900286664290594,23.0,23.0,22.5,20.5,22.441666666666666,True,False,True
2022-09-02,23.0,245,4,9,-0.8800122039735356,-0.4749510720670502,23.0,23.0,22.5,20.5,22.458333333333332,True,False,True
2022-09-02,20.0,245,4,9,-0.8800122039735356,-0.4749510720670502,20.0,20.0,20.5,18.5,20.0,False,True,True
2022-09-03,23.0,246,5,9,-0.888057322629493,-0.4597327394521046,23.0,23.0,22.5,20.5,22.475,True,False,True
2022-09-03,20.0,246,5,9,-0.888057322629493,-0.4597327394521046,20.0,20.0,20.0,18.5,20.0,False,True,True
2022-09-04,20.0,247,6,9,-0.8958392907349089,-0.4443781781046134,20.0,20.0,20.0,18.5,20.0,False,True,True
2022-09-04,23.0,247,6,9,-0.8958392907349089,-0.4443781781046134,23.0,23.0,22.5,20.5,22.491666666666667,True,False,True
2022-09-05,20.0,248,0,9,-0.9033558023246842,-0.4288919379124841,20.0,20.0,20.0,18.5,20.0,False,True,True
2022-09-05,23.0,248,0,9,-0.9033558023246842,-0.4288919379124841,23.0,23.0,22.5,20.5,22.508333333333333,True,False,True
2022-09-06,20.0,249,1,9,-0.9106046300942162,-0.41327860778290443,20.0,20.0,20.0,18.5,20.0,False,True,True
2022-09-06,23.0,249,1,9,-0.9106046300942162,-0.41327860778290443,23.0,23.0,22.5,20.5,22.525,True,False,True
2022-09-07,23.0,250,2,9,-0.9175836260593934,-0.3975428142825566,23.0,23.0,22.5,20.5,22.541666666666668,True,False,True
2022-09-07,20.0,250,2,9,-0.9175836260593934,-0.3975428142825566,20.0,20.0,20.0,18.5,20.0,False,True,True
2022-09-08,20.0,251,3,9,-0.9242907221930934,-0.3816892202666586,20.0,20.0,20.0,18.5,20.0,False,True,True
2022-09-08,23.0,251,3,9,-0.9242907221930934,-0.3816892202666586,23.0,23.0,22.5,20.5,22.558333333333334,True,False,True
2022-09-09,23.0,252,4,9,-0.9307239310379793,-0.3657225234972692,23.0,23.0,22.5,20.5,22.575,True,False,True
2022-09-09,20.0,252,4,9,-0.9307239310379793,-0.3657225234972692,20.0,20.0,20.0,18.5,20.0,False,True,True
2022-09-10,23.0,253,5,9,-0.9368813462954315,-0.34964745525122826,23.0,23.0,22.5,20.5,22.591666666666665,True,False,True
2022-09-10,20.0,253,5,9,-0.9368813462954315,-0.34964745525122826,20.0,20.0,20.0,18.5,20.0,False,True,True
2022-09-11,23.0,254,6,9,-0.9427611433904206,-0.33346877891818705,23.0,23.0,22.5,20.5,22.608333333333334,True,False,True
2022-09-11,20.0,254,6,9,-0.9427611433904206,-0.33346877891818705,20.0,20.0,20.0,18.5,20.0,False,True,True
2022-09-12,20.0,255,0,9,-0.9483615800121716,-0.31719128858910595,20.0,20.0,20.0,18.5,20.0,False,True,True
2022-09-12,23.0,255,0,9,-0.9483615800121716,-0.31719128858910595,23.0,23.0,22.25,20.5,22.633333333333333,True,False,True
2022-09-13,23.0,256,1,9,-0.9536809966304455,-0.300819807635668,23.0,23.0,22.0,20.5,22.666666666666668,True,False,True
2022-09-13,20.0,256,1,9,-0.9536809966304455,-0.300819807635668,20.0,20.0,20.0,18.5,20.0,False,True,True
2022-09-14,23.0,257,2,9,-0.9587178169872964,-0.2843591872810036,23.0,23.0,22.0,20.5,22.7,True,False,True
2022-09-14,20.0,257,2,9,-0.9587178169872964,-0.2843591872810036,20.0,20.0,20.0,18.5,20.0,False,True,True
2022-09-15,23.0,258,3,9,-0.9634705485641486,-0.26781430516217486,23.0,23.0,22.0,20.5,22.733333333333334,True,False,True
2022-09-15,20.0,258,3,9,-0.9634705485641486,-0.26781430516217486,20.0,20.0,20.0,18.5,20.0,False,True,True
2022-09-16,20.0,259,4,9,-0.9679377830240642,-0.25119006388481957,20.0,20.0,20.0,18.5,20.0,False,True,True
2022-09-16,23.0,259,4,9,-0.9679377830240642,-0.25119006388481957,23.0,23.0,22.0,20.5,22.766666666666666,True,False,True
2022-09-17,23.0,260,5,9,-0.9721181966290612,-0.23449138957041052,23.0,23.0,22.0,20.5,22.8,True,False,True
2022-09-17,20.0,260,5,9,-0.9721181966290612,-0.23449138957041052,20.0,20.0,20.0,18.5,20.0,False,True,True
2022-09-18,23.0,261,6,9,-0.9760105506323682,-0.21772323039653224,23.0,23.0,22.0,20.5,22.833333333333332,True,False,True
2022-09-18,20.0,261,6,9,-0.9760105506323682,-0.21772323039653224,20.0,20.0,20.0,18.5,20.0,False,True,True
2022-09-19,20.0,262,0,9,-0.9796136916454901,-0.20089055513063528,20.0,20.0,20.0,18.5,20.0,False,True,True
2022-09-19,23.0,262,0,9,-0.9796136916454901,-0.20089055513063528,23.0,23.0,22.0,20.5,22.866666666666667,True,False,True
2022-09-20,23.0,263,1,9,-0.9829265519799822,-0.18399835165767986,23.0,23.0,22.0,20.5,22.9,True,False,True
2022-09-20,20.0,263,1,9,-0.9829265519799822,-0.18399835165767986,20.0,20.0,20.0,18.5,20.0,False,True,True
2022-09-21,20.0,264,2,9,-0.9859481499638303,-0.1670516255021195,20.0,20.0,20.0,18.5,20.0,False,True,True
2022-09-21,23.0,264,2,9,-0.9859481499638303,-0.1670516255021195,23.0,23.0,22.0,20.5,22.933333333333334,True,False,True
2022-09-22,23.0,265,3,9,-0.9886775902323404,-0.15005539834465262,23.0,23.0,22.0,20.5,22.966666666666665,True,False,True
2022-09-22,20.0,265,3,9,-0.9886775902323404,-0.15005539834465262,20.0,20.0,20.0,18.5,20.0,False,True,True
2022-09-23,20.0,266,4,9,-0.9911140639934546,-0.13301470653419636,20.0,20.0,20.0,18.5,20.0,False,True,True
2022-09-23,23.0,266,4,9,-0.9911140639934546,-0.13301470653419636,23.0,23.0,22.0,20.5,23.0,True,False,True
2022-09-24,20.0,267,5,9,-0.9932568492674143,-0.11593459959550066,20.0,20.0,20.0,18.5,20.0,False,True,True
2022-09-24,23.0,267,5,9,-0.9932568492674143,-0.11593459959550066,23.0,23.0,23.0,20.5,23.0,True,False,True
2022-09-25,23.0,268,6,9,-0.9951053111006974,-0.09882013873287211,23.0,23.0,23.0,20.5,23.0,True,False,True
2022-09-25,20.0,268,6,9,-0.9951053111006974,-0.09882013873287211,20.0,20.0,20.0,18.5,20.0,False,True,True
2022-09-26,23.0,269,0,9,-0.99665890175417,-0.08167639533042288,23.0,23.0,23.0,20.5,23.0,True,False,True
2022-09-26,20.0,269,0,9,-0.99665890175417,-0.08167639533042288,20.0,20.0,20.0,18.5,20.0,False,True,True
2022-09-27,20.0,270,1,9,-0.9979171608653922,-0.06450844944931625,20.0,20.0,20.0,18.5,20.0,False,True,True
2022-09-27,23.0,270,1,9,-0.9979171608653922,-0.06450844944931625,23.0,23.0,23.0,20.5,23.0,True,False,True
2022-09-28,20.0,271,2,9,-0.9988797155850335,-0.04732138832243232,20.0,20.0,20.0,19.0,20.0,False,True,True
2022-09-28,23.0,271,2,9,-0.9988797155850335,-0.04732138832243232,23.0,23.0,23.0,20.5,23.0,True,False,True
2022-09-29,23.0,272,3,9,-0.9995462806873573,-0.03012030484690836,23.0,23.0,23.0,20.5,23.0,True,False,True
2022-09-29,20.0,272,3,9,-0.9995462806873573,-0.03012030484690836,20.0,20.0,20.0,19.0,20.0,False,True,True
2022-09-30,23.0,273,4,9,-0.9999166586547379,-0.012910296075008843,23.0,23.0,23.0,20.5,23.0,True,False,True
2022-09-30,20.0,273,4,9,-0.9999166586547379,-0.012910296075008843,20.0,20.0,20.0,19.0,20.0,False,True,True
2022-10-01,20.0,274,5,10,-0.9999907397361901,0.004303538296243821,20.0,20.0,20.0,19.0,20.0,False,True,True
2022-10-01,23.0,274,5,10,-0.9999907397361901,0.004303538296243821,23.0,23.0,23.0,20.5,23.0,True,False,True
2022-10-02,23.0,275,6,10,-0.9997685019798909,0.021516097436222233,23.0,23.0,23.0,20.5,23.0,True,False,True
2022-10-02,20.0,275,6,10,-0.9997685019798909,0.021516097436222233,20.0,20.0,20.0,19.0,20.0,False,True,True
2022-10-03,23.0,276,0,10,-0.9992500112396835,0.03872228089217399,23.0,23.0,23.0,20.5,23.0,True,False,True
2022-10-03,20.0,276,0,10,-0.9992500112396835,0.03872228089217399,20.0,20.0,20.0,19.0,20.0,False,True,True
2022-10-04,23.0,277,1,10,-0.9984354211555643,0.05591699010060302,23.0,23.0,23.0,20.5,23.0,True,False,True
2022-10-04,20.0,277,1,10,-0.9984354211555643,0.05591699010060302,20.0,20.0,20.0,19.0,20.0,False,True,True
2022-10-05,20.0,278,2,10,-0.9973249731081555,0.07309512989807776,20.0,20.0,20.0,19.0,20.0,False,True,True
2022-10-05,23.0,278,2,10,-0.9973249731081555,0.07309512989807776,23.0,23.0,23.0,20.5,23.0,True,False,True
2022-10-06,23.0,279,3,10,-0.9959189961471792,0.0902516100310407,23.0,23.0,23.0,20.5,23.0,True,False,True
2022-10-06,20.0,279,3,10,-0.9959189961471792,0.0902516100310407,20.0,20.0,20.0,19.0,20.0,False,True,True
2022-10-07,20.0,280,4,10,-0.994217906893952,0.10738134666416306,20.0,20.0,20.0,19.0,20.0,False,True,True
2022-10-07,23.0,280,4,10,-0.994217906893952,0.10738134666416306,23.0,23.0,23.0,20.5,23.0,True,False,True
2022-10-08,23.0,281,5,10,-0.9922222094179324,0.12447926388678869,23.0,23.0,23.0,20.5,23.0,True,False,True
2022-10-08,20.0,281,5,10,-0.9922222094179324,0.12447926388678869,20.0,20.0,20.0,19.0,20.0,False,True,True
2022-10-09,20.0,282,6,10,-0.989932495087353,0.141540295217043,20.0,20.0,20.0,19.0,20.0,False,True,True
2022-10-09,23.0,282,6,10,-0.989932495087353,0.141540295217043,23.0,23.0,23.0,20.5,23.0,True,False,True
2022-10-10,23.0,283,0,10,-0.9873494423939864,0.15855938510313475,23.0,23.0,23.0,20.5,23.0,True,False,True
2022-10-10,20.0,283,0,10,-0.9873494423939864,0.15855938510313475,20.0,20.0,20.0,19.0,20.0,False,True,True
2022-10-11,20.0,284,1,10,-0.9844738167520923,0.17553149042142777,20.0,20.0,20.0,19.0,20.0,False,True,True
2022-10-11,23.0,284,1,10,-0.9844738167520923,0.17553149042142777,23.0,23.0,23.0,20.5,23.0,True,False,True
2022-10-12,23.0,285,2,10,-0.9813064702716093,0.19245158197082995,23.0,23.0,23.0,20.5,23.0,True,False,True
2022-10-12,20.0,285,2,10,-0.9813064702716093,0.19245158197082995,20.0,20.0,20.0,19.0,20.0,False,True,True
2022-10-13,20.0,286,3,10,-0.9778483415056567,0.20931464596304888,20.0,20.0,20.0,19.0,20.0,False,True,True
2022-10-13,23.0,286,3,10,-0.9778483415056567,0.20931464596304888,23.0,23.0,23.0,20.5,23.0,True,False,True
2022-10-14,23.0,287,4,10,-0.9741004551724206,0.22611568550828803,23.0,23.0,23.0,20.5,23.0,True,False,True
2022-10-14,20.0,287,4,10,-0.9741004551724206,0.22611568550828803,20.0,20.0,20.0,19.0,20.0,False,True,True
2022-10-15,23.0,288,5,10,-0.970063921851507,0.2428497220959358,23.0,23.0,23.0,20.5,23.0,True,False,True
2022-10-15,20.0,288,5,10,-0.970063921851507,0.2428497220959358,20.0,20.0,20.0,19.0,20.0,False,True,True
2022-10-16,23.0,289,6,10,-0.965739937654855,0.25951179706979943,23.0,23.0,23.0,20.5,23.0,True,False,True
2022-10-16,20.0,289,6,10,-0.965739937654855,0.25951179706979943,20.0,20.0,20.0,19.0,20.0,False,True,True
2022-10-17,20.0,290,0,10,-0.9611297838723007,0.27609697309746883,20.0,20.0,20.0,19.0,20.0,False,True,True
2022-10-17,23.0,290,0,10,-0.9611297838723007,0.27609697309746883,23.0,23.0,23.0,20.5,23.0,True,False,True
2022-10-18,20.0,291,1,10,-0.9562348265919058,0.2926003356333479,20.0,20.0,20.0,19.0,20.0,False,True,True
2022-10-18,23.0,291,1,10,-0.9562348265919058,0.2926003356333479,23.0,23.0,23.0,20.5,23.0,True,False,True
2022-10-19,20.0,292,2,10,-0.9510565162951536,0.30901699437494723,20.0,20.0,20.0,18.0,20.0,False,True,True
2022-10-19,23.0,292,2,10,-0.9510565162951536,0.30901699437494723,23.0,23.0,23.0,20.0,23.0,True,False,True
2022-10-20,20.0,293,3,10,-0.9455963874271428,0.3253420847119795,20.0,20.0,20.0,18.0,20.0,False,True,True
2022-10-20,23.0,293,3,10,-0.9455963874271428,0.3253420847119795,23.0,23.0,23.0,20.0,23.0,True,False,True
2022-10-21,23.0,294,4,10,-0.9398560579418953,0.341570769167856,23.0,23.0,23.0,20.0,23.0,True,False,True
2022-10-21,20.0,294,4,10,-0.9398560579418953,0.341570769167856,20.0,20.0,20.0,18.0,20.0,False,True,True
2022-10-22,23.0,295,5,10,-0.9338372288229252,0.35769823883312546,23.0,23.0,23.0,20.0,23.0,True,False,True
2022-10-22,20.0,295,5,10,-0.9338372288229252,0.35769823883312546,20.0,20.0,20.0,18.0,20.0,False,True,True
2022-10-23,23.0,296,6,10,-0.9275416835791965,0.3737197147904692,23.0,23.0,23.0,20.0,23.0,True,False,True
2022-10-23,20.0,296,6,10,-0.9275416835791965,0.3737197147904692,20.0,20.0,20.0,18.0,20.0,False,True,True
2022-10-24,20.0,297,0,10,-0.9209712877166347,0.38963044953078774,20.0,20.0,20.0,18.0,20.0,False,True,True
2022-10-24,23.0,297,0,10,-0.9209712877166347,0.38963044953078774,23.0,23.0,23.0,20.0,23.0,True,False,True
2022-10-25,20.0,298,1,10,-0.9141279881853337,0.4054257283599973,20.0,20.0,20.0,18.0,20.0,False,True,True
2022-10-25,23.0,298,1,10,-0.9141279881853337,0.4054257283599973,23.0,23.0,23.0,20.0,23.0,True,False,True
2022-10-26,20.0,299,2,10,-0.9070138128026362,0.42110087079608916,20.0,20.0,20.0,18.0,20.0,False,True,True
2022-10-26,23.0,299,2,10,-0.9070138128026362,0.42110087079608916,23.0,23.0,23.0,20.0,23.0,True,False,True
2022-10-27,20.0,300,3,10,-0.8996308696522434,0.4366512319560638,20.0,20.0,20.0,18.0,20.0,False,True,True
2022-10-27,23.0,300,3,10,-0.8996308696522434,0.4366512319560638,23.0,23.0,23.0,20.0,23.0,True,False,True
2022-10-28,20.0,301,4,10,-0.8919813464595487,0.45207220393230374,20.0,20.0,20.0,18.0,20.0,False,True,True
2022-10-28,23.0,301,4,10,-0.8919813464595487,0.45207220393230374,23.0,23.0,23.0,20.0,23.0,True,False,True
2022-10-29,20.0,302,5,10,-0.8840675099433637,0.46735921715800205,20.0,20.0,20.0,18.0,20.0,False,True,True
2022-10-29,23.0,302,5,10,-0.8840675099433637,0.46735921715800205,23.0,23.0,23.0,20.0,23.0,True,False,True
2022-10-30,20.0,303,6,10,-0.8758917051442433,0.48250774176121763,20.0,20.0,20.0,18.0,20.0,False,True,True
2022-10-30,23.0,303,6,10,-0.8758917051442433,0.48250774176121763,23.0,23.0,23.0,20.0,23.0,True,False,True
2022-10-31,20.0,304,0,10,-0.8674563547295971,0.4975132889071803,20.0,20.0,20.0,18.0,20.0,False,True,True
2022-10-31,23.0,304,0,10,-0.8674563547295971,0.4975132889071803,23.0,23.0,23.0,20.0,23.0,True,False,True
2022-11-01,20.0,305,1,11,-0.858763958275803,0.5123714121284235,20.0,20.0,20.0,18.0,20.0,False,True,True
2022-11-01,23.0,305,1,11,-0.858763958275803,0.5123714121284235,23.0,23.0,23.0,20.0,23.0,True,False,True
2022-11-02,23.0,306,2,11,-0.8498170915275277,0.5270777086423724,23.0,23.0,23.0,20.0,23.0,True,False,True
2022-11-02,20.0,306,2,11,-0.8498170915275277,0.5270777086423724,20.0,20.0,20.0,18.0,20.0,False,True,True
2022-11-03,23.0,307,3,11,-0.8406184056344783,0.5416278206559811,23.0,23.0,23.0,20.0,23.0,True,False,True
2022-11-03,20.0,307,3,11,-0.8406184056344783,0.5416278206559811,20.0,20.0,20.0,18.0,20.0,False,True,True
2022-11-04,20.0,308,4,11,-0.8311706263658079,0.5560174366570446,20.0,20.0,20.0,18.0,20.0,False,True,True
2022-11-04,23.0,308,4,11,-0.8311706263658079,0.5560174366570446,23.0,23.0,23.0,20.0,23.0,True,False,True
2022-11-05,23.0,309,5,11,-0.8214765533024145,0.5702422926917867,23.0,23.0,23.0,20.0,23.0,True,False,True
2022-11-05,20.0,309,5,11,-0.8214765533024145,0.5702422926917867,20.0,20.0,20.0,18.0,20.0,False,True,True
2022-11-06,23.0,310,6,11,-0.8115390590073611,0.5842981736283683,23.0,23.0,23.0,20.5,23.0,True,False,True
2022-11-06,20.0,310,6,11,-0.8115390590073611,0.5842981736283683,20.0,20.0,20.0,19.0,20.0,False,True,True
2022-11-07,20.5,311,0,11,-0.801361088174677,0.5981809144059158,23.0,23.0,23.0,20.0,22.916666666666668,True,False,True
2022-11-07,18.5,311,0,11,-0.801361088174677,0.5981809144059158,20.0,20.0,20.0,18.0,19.95,False,True,True
2022-11-08,18.5,312,1,11,-0.7909456567567774,0.6118864012687242,18.5,20.0,20.0,18.0,19.9,False,True,True
2022-11-08,20.5,312,1,11,-0.7909456567567774,0.6118864012687242,20.5,23.0,23.0,20.0,22.833333333333332,True,False,True
2022-11-09,18.5,313,2,11,-0.780295851070776,0.6254105729852457,18.5,20.0,20.0,18.0,19.85,False,True,True
2022-11-09,20.5,313,2,11,-0.780295851070776,0.6254105729852457,20.5,23.0,23.0,20.0,22.75,True,False,True
2022-11-10,18.5,314,3,11,-0.7694148268839381,0.6387494220515268,18.5,20.0,20.0,18.0,19.8,False,True,True
2022-11-10,20.5,314,3,11,-0.7694148268839381,0.6387494220515268,20.5,23.0,23.0,20.0,22.666666666666668,True,False,True
2022-11-11,20.5,315,4,11,-0.7583058084785625,0.6518989958787125,20.5,23.0,23.0,20.0,22.583333333333332,True,False,True
2022-11-11,18.5,315,4,11,-0.7583058084785625,0.6518989958787125,18.5,20.0,20.0,18.0,19.75,False,True,True
2022-11-12,20.5,316,5,11,-0.7469720876965551,0.6648553979642866,20.5,23.0,23.0,20.0,22.5,True,False,True
2022-11-12,18.5,316,5,11,-0.7469720876965551,0.6648553979642866,18.5,20.0,20.0,18.0,19.7,False,True,True
2022-11-13,18.5,317,6,11,-0.7354170229639858,0.6776147890466887,18.5,20.0,20.0,18.0,19.65,False,True,True
2022-11-13,20.5,317,6,11,-0.7354170229639858,0.6776147890466887,20.5,23.0,23.0,20.0,22.416666666666668,True,False,True
2022-11-14,20.5,318,0,11,-0.7236440382959124,0.690173388242972,20.5,20.5,23.0,20.0,22.333333333333332,True,False,True
2022-11-14,18.5,318,0,11,-0.7236440382959124,0.690173388242972,18.5,18.5,20.0,18.0,19.6,False,True,True
2022-11-15,18.5,319,1,11,-0.711656622281775,0.7025274741691566,18.5,18.5,20.0,18.0,19.55,False,True,True
2022-11-15,20.5,319,1,11,-0.711656622281775,0.7025274741691566,20.5,20.5,23.0,20.0,22.25,True,False,True
2022-11-16,20.5,320,2,11,-0.6994583270516471,0.7146733860429608,20.5,20.5,23.0,20.0,22.166666666666668,True,False,True
2022-11-16,18.5,320,2,11,-0.6994583270516471,0.7146733860429608,18.5,18.5,20.0,18.0,19.5,False,True,True
2022-11-17,18.5,321,3,11,-0.6870527672236675,0.7266075247685652,18.5,18.5,20.0,18.0,19.45,False,True,True
2022-11-17,20.5,321,3,11,-0.6870527672236675,0.7266075247685652,20.5,20.5,23.0,20.0,22.083333333333332,True,False,True
2022-11-18,20.5,322,4,11,-0.6744436188329457,0.7383263540031063,20.5,20.5,23.0,19.5,22.0,True,False,True
2022-11-18,18.5,322,4,11,-0.6744436188329457,0.7383263540031063,18.5,18.5,20.0,18.0,19.4,False,True,True
2022-11-19,20.5,323,5,11,-0.661634618242279,0.749826401204568,20.5,20.5,23.0,18.5,21.916666666666668,True,False,True
2022-11-19,18.5,323,5,11,-0.661634618242279,0.749826401204568,18.5,18.5,20.0,16.5,19.35,False,True,True
2022-11-20,20.5,324,6,11,-0.6486295610349818,0.7611042586607742,20.5,20.5,23.0,18.5,21.833333333333332,True,False,True
2022-11-20,18.5,324,6,11,-0.6486295610349818,0.7611042586607742,18.5,18.5,20.0,16.5,19.3,False,True,True
2022-11-21,18.5,325,0,11,-0.6354323008901775,0.7721565844991641,18.5,18.5,20.0,16.5,19.25,False,True,True
2022-11-21,20.5,325,0,11,-0.6354323008901775,0.7721565844991641,20.5,20.5,23.0,18.5,21.75,True,False,True
2022-11-22,18.5,326,1,11,-0.622046748440868,0.7829801036770624,18.5,18.5,20.0,16.5,19.2,False,True,True
2022-11-22,20.5,326,1,11,-0.622046748440868,0.7829801036770624,20.5,20.5,23.0,18.5,21.666666666666668,True,False,True
2022-11-23,20.5,327,2,11,-0.6084768701151264,0.7935716089521472,20.5,20.5,23.0,18.5,21.583333333333332,True,False,True
2022-11-23,18.5,327,2,11,-0.6084768701151264,0.7935716089521472,18.5,18.5,20.0,16.5,19.15,False,True,True
2022-11-24,18.5,328,3,11,-0.594726686960764,0.8039279618328208,18.5,18.5,20.0,16.5,19.1,False,True,True
2022-11-24,20.5,328,3,11,-0.594726686960764,0.8039279618328208,20.5,20.5,23.0,18.5,21.5,True,False,True
2022-11-25,20.5,329,4,11,-0.5808002734538013,0.8140460935082175,20.5,20.5,23.0,18.5,21.416666666666668,True,False,True
2022-11-25,18.5,329,4,11,-0.5808002734538013,0.8140460935082175,18.5,18.5,20.0,16.5,19.05,False,True,True
2022-11-26,18.5,330,5,11,-0.5667017562911184,0.8239230057575536,18.5,18.5,20.0,16.5,19.0,False,True,True
2022-11-26,20.5,330,5,11,-0.5667017562911184,0.8239230057575536,20.5,20.5,23.0,18.5,21.333333333333332,True,False,True
2022-11-27,20.5,331,6,11,-0.5524353131676203,0.8335557718385695,20.5,20.5,23.0,18.5,21.25,True,False,True
2022-11-27,18.5,331,6,11,-0.5524353131676203,0.8335557718385695,18.5,18.5,20.0,16.5,18.95,False,True,True
2022-11-28,18.5,332,0,11,-0.5380051715382992,0.8429415373547832,18.5,18.5,20.0,16.5,18.9,False,True,True
2022-11-28,20.5,332,0,11,-0.5380051715382992,0.8429415373547832,20.5,20.5,23.0,18.5,21.166666666666668,True,False,True
2022-11-29,18.5,333,1,11,-0.5234156073655503,0.8520775211013093,18.5,18.5,20.0,16.5,18.85,False,True,True
2022-11-29,20.5,333,1,11,-0.5234156073655503,0.8520775211013093,20.5,20.5,23.0,18.5,21.083333333333332,True,False,True
2022-11-30,18.5,334,2,11,-0.5086709438521042,0.8609610158889945,18.5,18.5,20.0,16.5,18.8,False,True,True
2022-11-30,20.5,334,2,11,-0.5086709438521042,0.8609610158889945,20.5,20.5,23.0,18.5,21.0,True,False,True
2022-12-01,18.5,335,3,12,-0.49377555015997737,0.8695893893466109,18.5,18.5,20.0,16.5,18.75,False,True,True
2022-12-01,20.5,335,3,12,-0.49377555015997737,0.8695893893466109,20.5,20.5,23.0,18.5,20.916666666666668,True,False,True
2022-12-02,20.5,336,4,12,-0.4787338401157883,0.8779600847008883,20.5,20.5,23.0,18.5,20.833333333333332,True,False,True
2022-12-02,18.5,336,4,12,-0.4787338401157883,0.8779600847008883,18.5,18.5,20.0,16.5,18.7,False,True,True
2022-12-03,18.5,337,5,12,-0.4635502709028512,0.8860706215341378,18.5,18.5,20.0,16.5,18.65,False,True,True
2022-12-03,20.5,337,5,12,-0.4635502709028512,0.8860706215341378,20.5,20.5,23.0,18.5,20.75,True,False,True
2022-12-04,18.5,338,6,12,-0.4482293417404106,0.893918596519257,18.5,18.5,20.0,16.5,18.6,False,True,True
2022-12-04,20.5,338,6,12,-0.4482293417404106,0.893918596519257,20.5,20.5,23.0,18.5,20.666666666666668,True,False,True
2022-12-05,18.5,339,0,12,-0.4327755925504317,0.9015016841318838,18.5,18.5,20.0,16.5,18.55,False,True,True
2022-12-05,20.5,339,0,12,-0.4327755925504317,0.9015016841318838,20.5,20.5,23.0,18.5,20.583333333333332,True,False,True
2022-12-06,18.5,340,1,12,-0.41719360261231697,0.9088176373395028,18.5,18.5,20.0,16.5,18.5,False,True,True
2022-12-06,20.5,340,1,12,-0.41719360261231697,0.9088176373395028,20.5,20.5,23.0,18.5,20.5,True,False,True
2022-12-07,20.5,341,2,12,-0.4014879892059737,0.9158642882672868,20.5,20.5,20.5,18.5,20.5,True,False,True
2022-12-07,18.5,341,2,12,-0.4014879892059737,0.9158642882672868,18.5,18.5,18.5,16.5,18.5,False,True,True
2022-12-08,20.5,342,3,12,-0.38566340624360745,0.9226395488404875,20.5,20.5,20.5,18.5,20.5,True,False,True
2022-12-08,18.5,342,3,12,-0.38566340624360745,0.9226395488404875,18.5,18.5,18.5,16.5,18.5,False,True,True
2022-12-09,20.5,343,4,12,-0.3697245428906732,0.9291414114031743,20.5,20.5,20.5,18.5,20.5,True,False,True
2022-12-09,18.5,343,4,12,-0.3697245428906732,0.9291414114031743,18.5,18.5,18.5,16.5,18.5,False,True,True
2022-12-10,18.5,344,5,12,-0.3536761221763721,0.935367949313148,18.5,18.5,18.5,16.5,18.5,False,True,True
2022-12-10,20.5,344,5,12,-0.3536761221763721,0.935367949313148,20.5,20.5,20.5,18.5,20.5,True,False,True
2022-12-11,18.5,345,6,12,-0.33752289959411347,0.941317317512847,18.5,18.5,18.5,16.5,18.5,False,True,True
2022-12-11,20.5,345,6,12,-0.33752289959411347,0.941317317512847,20.5,20.5,20.5,18.5,20.5,True,False,True
2022-12-12,18.5,346,0,12,-0.32126966169236515,0.9469877530760751,18.5,18.5,18.5,16.5,18.5,False,True,True
2022-12-12,20.5,346,0,12,-0.32126966169236515,0.9469877530760751,20.5,20.5,20.5,18.5,20.5,True,False,True
2022-12-13,18.5,347,1,12,-0.3049212246562894,0.9523775757303973,18.5,18.5,18.5,16.5,18.5,False,True,True
2022-12-13,20.5,347,1,12,-0.3049212246562894,0.9523775757303973,20.5,20.5,20.5,18.5,20.5,True,False,True
2022-12-14,18.5,348,2,12,-0.2884824328806098,0.9574851883550389,18.5,18.5,18.5,16.5,18.5,False,True,True
2022-12-14,20.5,348,2,12,-0.2884824328806098,0.9574851883550389,20.5,20.5,20.5,18.5,20.5,True,False,True
2022-12-15,18.5,349,3,12,-0.27195815753410524,0.9623090774541487,18.5,18.5,18.5,16.5,18.5,False,True,True
2022-12-15,20.5,349,3,12,-0.27195815753410524,0.9623090774541487,20.5,20.5,20.5,18.5,20.5,True,False,True
2022-12-16,18.5,350,4,12,-0.2553532951161881,0.9668478136052773,18.5,18.5,18.5,16.5,18.5,False,True,True
2022-12-16,20.5,350,4,12,-0.2553532951161881,0.9668478136052773,20.5,20.5,20.5,18.5,20.5,True,False,True
2022-12-17,18.5,351,5,12,-0.23867276600594997,0.9711000518829505,18.5,18.5,18.5,16.5,18.5,False,True,True
2022-12-17,20.5,351,5,12,-0.23867276600594997,0.9711000518829505,20.5,20.5,20.5,18.5,20.5,True,False,True
2022-12-18,18.5,352,6,12,-0.22192151300416674,0.9750645322571945,18.5,18.5,18.5,16.5,18.5,False,True,True
2022-12-18,20.5,352,6,12,-0.22192151300416674,0.9750645322571945,20.5,20.5,20.5,18.5,20.5,True,False,True
2022-12-19,20.5,353,0,12,-0.20510449986861926,0.9787400799669153,20.5,20.5,20.5,18.5,20.5,True,False,True
2022-12-19,18.5,353,0,12,-0.20510449986861926,0.9787400799669153,18.5,18.5,18.5,16.5,18.5,False,True,True
2022-12-20,18.5,354,1,12,-0.1882267098432439,0.9821256058680006,18.5,18.5,18.5,16.5,18.5,False,True,True
2022-12-20,20.5,354,1,12,-0.1882267098432439,0.9821256058680006,20.5,20.5,20.5,18.5,20.5,True,False,True
2022-12-21,18.5,355,2,12,-0.1712931441814778,0.9852201067560606,18.5,18.5,18.5,16.5,18.5,False,True,True
2022-12-21,20.5,355,2,12,-0.1712931441814778,0.9852201067560606,20.5,20.5,20.5,18.5,20.5,True,False,True
2022-12-22,18.5,356,3,12,-0.154308820664281,0.9880226656636976,18.5,18.5,18.5,16.5,18.5,False,True,True
2022-12-22,20.5,356,3,12,-0.154308820664281,0.9880226656636976,20.5,20.5,20.5,18.5,20.5,True,False,True
2022-12-23,20.5,357,4,12,-0.13727877211326517,0.9905324521322227,20.5,20.5,20.5,18.5,20.5,True,False,True
2022-12-23,18.5,357,4,12,-0.13727877211326517,0.9905324521322227,18.5,18.5,18.5,16.5,18.5,False,True,True
2022-12-24,20.5,358,5,12,-0.12020804489935275,0.9927487224577402,20.5,20.5,20.5,18.5,20.5,True,False,True
2022-12-24,18.5,358,5,12,-0.12020804489935275,0.9927487224577402,18.5,18.5,18.5,16.5,18.5,False,True,True
2022-12-25,20.5,359,6,12,-0.10310169744743544,0.9946708199115211,20.5,20.5,20.5,18.5,20.5,True,False,True
2022-12-25,18.5,359,6,12,-0.10310169744743544,0.9946708199115211,18.5,18.5,18.5,16.5,18.5,False,True,True
2022-12-26,20.5,360,0,12,-0.0859647987374467,0.9962981749346077,20.5,20.5,20.5,18.5,20.5,True,False,True
2022-12-26,18.5,360,0,12,-0.0859647987374467,0.9962981749346077,18.5,18.5,18.5,16.5,18.5,False,True,True
2022-12-27,18.5,361,1,12,-0.06880242680232064,0.9976303053065857,18.5,18.5,18.5,16.5,18.5,False,True,True
2022-12-27,20.5,361,1,12,-0.06880242680232064,0.9976303053065857,20.5,20.5,20.5,18.5,20.5,True,False,True
2022-12-28,18.0,362,2,12,-0.05161966722325418,0.9986668162884759,18.5,18.5,18.5,16.5,18.483333333333334,False,True,True
2022-12-28,20.5,362,2,12,-0.05161966722325418,0.9986668162884759,20.5,20.5,20.5,18.5,20.5,True,False,True
2022-12-29,20.5,363,3,12,-0.034421611622745804,0.9994074007397048,20.5,20.5,20.5,18.5,20.5,True,False,True
2022-12-29,17.5,363,3,12,-0.034421611622745804,0.9994074007397048,18.0,18.5,18.5,16.5,18.45,False,True,True
2022-12-30,17.5,364,4,12,-0.01721335615583528,0.9998518392091162,17.5,18.5,18.5,16.5,18.416666666666668,False,True,True
2022-12-30,20.5,364,4,12,-0.01721335615583528,0.9998518392091162,20.5,20.5,20.5,18.5,20.5,True,False,True
2022-12-31,17.5,365,5,12,6.432490598706546e-16,1.0,17.5,18.5,18.5,16.5,18.383333333333333,False,True,True
2022-12-31,20.5,365,5,12,6.432490598706546e-16,1.0,20.5,20.5,20.5,18.5,20.5,True,False,True
2023-01-01,20.5,1,6,1,0.017213356155834685,0.9998518392091162,20.5,20.5,20.5,18.25,20.5,True,False,True
2023-01-01,17.5,1,6,1,0.017213356155834685,0.9998518392091162,17.5,18.5,18.5,16.25,18.35,False,True,True
2023-01-02,20.5,2,0,1,0.03442161162274574,0.9994074007397048,20.5,20.5,20.5,18.0,20.5,True,False,True
2023-01-02,17.5,2,0,1,0.03442161162274574,0.9994074007397048,17.5,18.5,18.5,16.0,18.316666666666666,False,True,True
2023-01-03,20.5,3,1,1,0.051619667223253764,0.998666816288476,20.5,20.5,20.5,18.0,20.5,True,False,True
2023-01-03,17.5,3,1,1,0.051619667223253764,0.998666816288476,17.5,18.5,18.5,16.0,18.283333333333335,False,True,True
2023-01-04,20.5,4,2,1,0.06880242680231986,0.9976303053065857,20.5,20.5,20.5,18.0,20.5,True,False,True
2023-01-04,17.5,4,2,1,0.06880242680231986,0.9976303053065857,17.5,18.0,18.5,16.0,18.25,False,True,True
2023-01-05,20.5,5,3,1,0.08596479873744647,0.9962981749346078,20.5,20.5,20.5,18.0,20.5,True,False,True
2023-01-05,17.5,5,3,1,0.08596479873744647,0.9962981749346078,17.5,17.5,18.5,16.0,18.216666666666665,False,True,True
2023-01-06,20.5,6,4,1,0.10310169744743485,0.9946708199115211,20.5,20.5,20.5,18.0,20.5,True,False,True
2023-01-06,17.5,6,4,1,0.10310169744743485,0.9946708199115211,17.5,17.5,18.5,16.0,18.183333333333334,False,True,True
2023-01-07,17.5,7,5,1,0.1202080448993527,0.9927487224577402,17.5,17.5,18.5,16.0,18.15,False,True,True
2023-01-07,20.5,7,5,1,0.1202080448993527,0.9927487224577402,20.5,20.5,20.5,18.0,20.5,True,False,True
2023-01-08,20.5,8,6,1,0.13727877211326478,0.9905324521322229,20.5,20.5,20.5,18.0,20.5,True,False,True
2023-01-08,17.5,8,6,1,0.13727877211326478,0.9905324521322229,17.5,17.5,18.5,16.0,18.116666666666667,False,True,True
2023-01-09,17.5,9,0,1,0.15430882066428117,0.9880226656636976,17.5,17.5,18.5,16.0,18.083333333333332,False,True,True
2023-01-09,20.5,9,0,1,0.15430882066428117,0.9880226656636976,20.5,20.5,20.5,18.0,20.5,True,False,True
2023-01-10,17.5,10,1,1,0.1712931441814776,0.9852201067560606,17.5,17.5,18.5,16.0,18.05,False,True,True
2023-01-10,20.5,10,1,1,0.1712931441814776,0.9852201067560606,20.5,20.5,20.5,18.0,20.5,True,False,True
2023-01-11,20.5,11,2,1,0.1882267098432442,0.9821256058680006,20.5,20.5,20.5,18.0,20.5,True,False,True
2023-01-11,17.5,11,2,1,0.1882267098432442,0.9821256058680006,17.5,17.5,18.5,16.0,18.016666666666666,False,True,True
2023-01-12,20.5,12,3,1,0.2051044998686192,0.9787400799669153,20.5,20.5,20.5,18.0,20.5,True,False,True
2023-01-12,17.5,12,3,1,0.2051044998686192,0.9787400799669153,17.5,17.5,18.5,16.0,17.983333333333334,False,True,True
2023-01-13,20.5,13,4,1,0.2219215130041655,0.9750645322571948,20.5,20.5,20.5,18.0,20.5,True,False,True
2023-01-13,17.5,13,4,1,0.2219215130041655,0.9750645322571948,17.5,17.5,18.5,16.0,17.95,False,True,True
2023-01-14,20.5,14,5,1,0.2386727660059501,0.9711000518829505,20.5,20.5,20.5,18.0,20.5,True,False,True
2023-01-14,17.5,14,5,1,0.2386727660059501,0.9711000518829505,17.5,17.5,18.5,16.0,17.916666666666668,False,True,True
2023-01-15,20.5,15,6,1,0.255353295116187,0.9668478136052775,20.5,20.5,20.5,18.0,20.5,True,False,True
2023-01-15,17.5,15,6,1,0.255353295116187,0.9668478136052775,17.5,17.5,18.5,16.0,17.883333333333333,False,True,True
2023-01-16,20.5,16,0,1,0.2719581575341055,0.9623090774541486,20.5,20.5,20.5,18.0,20.5,True,False,True
2023-01-16,17.5,16,0,1,0.2719581575341055,0.9623090774541486,17.5,17.5,18.5,16.0,17.85,False,True,True
2023-01-17,17.5,17,1,1,0.288482432880609,0.9574851883550393,17.5,17.5,18.5,16.0,17.816666666666666,False,True,True
2023-01-17,20.5,17,1,1,0.288482432880609,0.9574851883550393,20.5,20.5,20.5,18.0,20.5,True,False,True
2023-01-18,20.5,18,2,1,0.30492122465628907,0.9523775757303974,20.5,20.5,20.5,18.0,20.5,True,False,True
2023-01-18,17.5,18,2,1,0.30492122465628907,0.9523775757303974,17.5,17.5,18.5,16.0,17.783333333333335,False,True,True
2023-01-19,17.5,19,3,1,0.3212696616923644,0.9469877530760753,17.5,17.5,18.5,16.0,17.75,False,True,True
2023-01-19,20.5,19,3,1,0.3212696616923644,0.9469877530760753,20.5,20.5,20.5,18.0,20.5,True,False,True
2023-01-20,17.5,20,4,1,0.3375228995941133,0.9413173175128471,17.5,17.5,18.5,16.0,17.716666666666665,False,True,True
2023-01-20,20.5,20,4,1,0.3375228995941133,0.9413173175128471,20.5,20.5,20.5,18.0,20.5,True,False,True
2023-01-21,20.5,21,5,1,0.3536761221763716,0.9353679493131483,20.5,20.5,20.5,18.0,20.5,True,False,True
2023-01-21,17.5,21,5,1,0.3536761221763716,0.9353679493131483,17.5,17.5,18.5,16.0,17.683333333333334,False,True,True
2023-01-22,17.5,22,6,1,0.3697245428906731,0.9291414114031743,17.5,17.5,18.5,16.0,17.65,False,True,True
2023-01-22,20.5,22,6,1,0.3697245428906731,0.9291414114031743,20.5,20.5,20.5,18.0,20.5,True,False,True
2023-01-23,20.5,23,0,1,0.38566340624360707,0.9226395488404876,20.5,20.5,20.5,18.0,20.5,True,False,True
2023-01-23,17.5,23,0,1,0.38566340624360707,0.9226395488404876,17.5,17.5,18.5,16.0,17.616666666666667,False,True,True
2023-01-24,17.5,24,1,1,0.401487989205973,0.9158642882672872,17.5,17.5,18.5,16.0,17.583333333333332,False,True,True
2023-01-24,20.5,24,1,1,0.401487989205973,0.9158642882672872,20.5,20.5,20.5,18.0,20.5,True,False,True
2023-01-25,20.5,25,2,1,0.4171936026123168,0.9088176373395029,20.5,20.5,20.5,18.0,20.5,True,False,True
2023-01-25,17.5,25,2,1,0.4171936026123168,0.9088176373395029,17.5,17.5,18.5,16.0,17.55,False,True,True
2023-01-26,20.5,26,3,1,0.4327755925504312,0.901501684131884,20.5,20.5,20.5,18.0,20.5,True,False,True
2023-01-26,17.5,26,3,1,0.4327755925504312,0.901501684131884,17.5,17.5,18.5,17.0,17.516666666666666,False,True,True
2023-01-27,17.5,27,4,1,0.4482293417404106,0.893918596519257,17.5,17.5,18.0,17.0,17.5,False,True,True
2023-01-27,20.5,27,4,1,0.4482293417404106,0.893918596519257,20.5,20.5,20.5,18.0,20.5,True,False,True
2023-01-28,20.5,28,5,1,0.4635502709028509,0.886070621534138,20.5,20.5,20.5,18.0,20.5,True,False,True
2023-01-28,17.5,28,5,1,0.4635502709028509,0.886070621534138,17.5,17.5,17.5,17.0,17.5,False,True,True
2023-01-29,17.5,29,6,1,0.47873384011578846,0.8779600847008882,17.5,17.5,17.5,17.0,17.5,False,True,True
2023-01-29,20.5,29,6,1,0.47873384011578846,0.8779600847008882,20.5,20.5,20.5,18.0,20.5,True,False,True
2023-01-30,20.5,30,0,1,0.49377555015997715,0.869589389346611,20.5,20.5,20.5,19.0,20.5,True,False,True
2023-01-30,17.5,30,0,1,0.49377555015997715,0.869589389346611,17.5,17.5,17.5,19.0,17.5,False,True,True
2023-01-31,20.5,31,1,1,0.5086709438521044,0.8609610158889943,20.5,20.5,20.5,18.9375,20.5,True,False,True
2023-01-31,17.5,31,1,1,0.5086709438521044,0.8609610158889943,17.5,17.5,17.5,19.0,17.5,False,True,True
2023-02-01,20.5,32,2,2,0.5234156073655503,0.8520775211013093,20.5,20.5,20.5,18.875,20.5,True,False,True
2023-02-01,17.5,32,2,2,0.5234156073655503,0.8520775211013093,17.5,17.5,17.5,19.0,17.5,False,True,True
2023-02-02,20.5,33,3,2,0.5380051715382996,0.8429415373547828,20.5,20.5,20.5,18.8125,20.5,True,False,True
2023-02-02,17.5,33,3,2,0.5380051715382996,0.8429415373547828,17.5,17.5,17.5,19.0,17.5,False,True,True
2023-02-03,17.5,34,4,2,0.5524353131676196,0.8335557718385699,17.5,17.5,17.5,19.0,17.5,False,True,True
2023-02-03,20.5,34,4,2,0.5524353131676196,0.8335557718385699,20.5,20.5,20.5,18.75,20.5,True,False,True
2023-02-04,20.5,35,5,2,0.5667017562911176,0.8239230057575542,20.5,20.5,20.5,18.6875,20.5,True,False,True
2023-02-04,17.5,35,5,2,0.5667017562911176,0.8239230057575542,17.5,17.5,17.5,19.0,17.5,False,True,True
2023-02-05,17.5,36,6,2,0.5808002734538009,0.8140460935082178,17.5,17.5,17.5,19.0,17.5,False,True,True
2023-02-05,20.5,36,6,2,0.5808002734538009,0.8140460935082178,20.5,20.5,20.5,18.625,20.5,True,False,True
2023-02-06,20.5,37,0,2,0.5947266869607634,0.8039279618328213,20.5,20.5,20.5,18.5625,20.5,True,False,True
2023-02-06,17.5,37,0,2,0.5947266869607634,0.8039279618328213,17.5,17.5,17.5,19.0,17.5,False,True,True
2023-02-07,19.0,38,1,2,0.6084768701151261,0.7935716089521474,20.5,20.5,20.5,18.5,20.45,True,False,True
2023-02-07,17.5,38,1,2,0.6084768701151261,0.7935716089521474,17.5,17.5,17.5,19.0,17.5,False,True,True
2023-02-08,17.5,39,2,2,0.6220467484408675,0.7829801036770629,17.5,17.5,17.5,19.0,17.5,False,True,True
2023-02-08,19.0,39,2,2,0.6220467484408675,0.7829801036770629,19.0,20.5,20.5,19.0,20.4,True,False,True
2023-02-09,18.875,40,3,2,0.6354323008901774,0.7721565844991642,19.0,20.5,20.5,19.0,20.345833333333335,True,False,True
2023-02-09,17.5,40,3,2,0.6354323008901774,0.7721565844991642,17.5,17.5,17.5,19.0,17.5,False,True,True
2023-02-10,17.5,41,4,2,0.6486295610349814,0.7611042586607747,17.5,17.5,17.5,19.0,17.5,False,True,True
2023-02-10,18.75,41,4,2,0.6486295610349814,0.7611042586607747,18.875,20.5,20.5,19.0,20.2875,True,False,True
2023-02-11,17.5,42,5,2,0.6616346182422783,0.7498264012045686,17.5,17.5,17.5,19.0,17.5,False,True,True
2023-02-11,18.625,42,5,2,0.6616346182422783,0.7498264012045686,18.75,20.5,20.5,19.0,20.225,True,False,True
2023-02-12,17.5,43,6,2,0.6744436188329455,0.7383263540031065,17.5,17.5,17.5,19.0,17.5,False,True,True
2023-02-12,18.5,43,6,2,0.6744436188329455,0.7383263540031065,18.625,20.5,20.5,19.0,20.158333333333335,True,False,True
2023-02-13,17.5,44,0,2,0.6870527672236669,0.7266075247685656,17.5,17.5,17.5,19.0,17.5,False,True,True
2023-02-13,18.5,44,0,2,0.6870527672236669,0.7266075247685656,18.5,20.5,20.5,19.0,20.091666666666665,True,False,True
2023-02-14,18.5,45,1,2,0.699458327051647,0.7146733860429609,18.5,19.0,20.5,19.0,20.025,True,False,True
2023-02-14,17.5,45,1,2,0.699458327051647,0.7146733860429609,17.5,17.5,17.5,19.0,17.5,False,True,True
2023-02-15,17.5,46,2,2,0.7116566222817746,0.7025274741691571,17.5,17.5,17.5,19.0,17.5,False,True,True
2023-02-15,18.5,46,2,2,0.7116566222817746,0.7025274741691571,18.5,19.0,20.5,19.0,19.958333333333332,True,False,True
2023-02-16,18.5,47,3,2,0.7236440382959124,0.6901733882429719,18.5,18.875,20.5,19.0,19.891666666666666,True,False,True
2023-02-16,17.5,47,3,2,0.7236440382959124,0.6901733882429719,17.5,17.5,17.5,19.0,17.5,False,True,True
2023-02-17,18.5,48,4,2,0.7354170229639855,0.6776147890466889,18.5,18.75,20.5,19.0,19.825,True,False,True
2023-02-17,17.5,48,4,2,0.7354170229639855,0.6776147890466889,17.5,17.5,17.5,19.0,17.5,False,True,True
2023-02-18,17.5,49,5,2,0.7469720876965552,0.6648553979642865,17.5,17.5,17.5,19.0,17.5,False,True,True
2023-02-18,18.5,49,5,2,0.7469720876965552,0.6648553979642865,18.5,18.625,20.5,19.0,19.758333333333333,True,False,True
2023-02-19,18.5,50,6,2,0.7583058084785624,0.6518989958787126,18.5,18.5,20.5,19.0,19.691666666666666,True,False,True
2023-02-19,17.5,50,6,2,0.7583058084785624,0.6518989958787126,17.5,17.5,17.5,19.0,17.5,False,True,True
2023-02-20,17.5,51,0,2,0.7694148268839378,0.6387494220515272,17.5,17.5,17.5,19.0,17.5,False,True,True
2023-02-20,18.5,51,0,2,0.7694148268839378,0.6387494220515272,18.5,18.5,20.5,19.0,19.625,True,False,True
2023-02-21,17.5,52,1,2,0.7802958510707755,0.6254105729852463,17.5,17.5,17.5,19.0,17.5,False,True,True
2023-02-21,18.5,52,1,2,0.7802958510707755,0.6254105729852463,18.5,18.5,20.5,19.0,19.558333333333334,True,False,True
2023-02-22,18.5,53,2,2,0.7909456567567772,0.6118864012687243,18.5,18.5,20.5,19.0,19.491666666666667,True,False,True
2023-02-22,17.5,53,2,2,0.7909456567567772,0.6118864012687243,17.5,17.5,17.5,19.0,17.5,False,True,True
2023-02-23,18.5,54,3,2,0.8013610881746766,0.5981809144059165,18.5,18.5,20.5,19.0,19.425,True,False,True
2023-02-23,17.5,54,3,2,0.8013610881746766,0.5981809144059165,17.5,17.5,17.5,19.0,17.5,False,True,True
2023-02-24,18.5,55,4,2,0.8115390590073611,0.5842981736283684,18.5,18.5,20.5,19.0,19.358333333333334,True,False,True
2023-02-24,17.5,55,4,2,0.8115390590073611,0.5842981736283684,17.5,17.5,17.5,19.0,17.5,False,True,True
2023-02-25,17.5,56,5,2,0.8214765533024142,0.5702422926917871,17.5,17.5,17.5,19.0,17.5,False,True,True
2023-02-25,18.5,56,5,2,0.8214765533024142,0.5702422926917871,18.5,18.5,20.5,19.0,19.291666666666668,True,False,True
2023-02-26,18.5,57,6,2,0.8311706263658079,0.5560174366570446,18.5,18.5,20.5,19.0,19.225,True,False,True
2023-02-26,17.5,57,6,2,0.8311706263658079,0.5560174366570446,17.5,17.5,17.5,19.0,17.5,False,True,True
2023-02-27,18.5,58,0,2,0.8406184056344782,0.5416278206559814,18.5,18.5,20.5,19.0,19.158333333333335,True,False,True
2023-02-27,17.5,58,0,2,0.8406184056344782,0.5416278206559814,17.5,17.5,17.5,19.0,17.5,False,True,True
2023-02-28,18.5,59,1,2,0.8498170915275278,0.5270777086423722,18.5,18.5,20.5,19.0,19.091666666666665,True,False,True
2023-02-28,17.5,59,1,2,0.8498170915275278,0.5270777086423722,17.5,17.5,17.5,19.0,17.5,False,True,True
2023-03-01,18.5,60,2,3,0.8587639582758029,0.5123714121284237,18.5,18.5,20.5,17.5,19.025,True,False,True
2023-03-01,17.5,60,2,3,0.8587639582758029,0.5123714121284237,17.5,17.5,17.5,21.0,17.5,False,True,True
2023-03-02,17.5,61,3,3,0.8674563547295969,0.49751328890718066,17.5,17.5,17.5,21.0,17.5,False,True,True
2023-03-02,18.5,61,3,3,0.8674563547295969,0.49751328890718066,18.5,18.5,20.5,17.5,18.958333333333332,True,False,True
2023-03-03,18.5,62,4,3,0.8758917051442429,0.48250774176121847,18.5,18.5,20.5,17.5,18.891666666666666,True,False,True
2023-03-03,17.5,62,4,3,0.8758917051442429,0.48250774176121847,17.5,17.5,17.5,21.0,17.5,False,True,True
2023-03-04,18.5,63,5,3,0.8840675099433636,0.4673592171580022,18.5,18.5,20.5,17.5,18.825,True,False,True
2023-03-04,17.0,63,5,3,0.8840675099433636,0.4673592171580022,17.5,17.5,17.5,21.0,17.483333333333334,False,True,True
2023-03-05,18.5,64,6,3,0.8919813464595485,0.45207220393230435,18.5,18.5,20.5,17.5,18.758333333333333,True,False,True
2023-03-05,16.5,64,6,3,0.8919813464595485,0.45207220393230435,17.0,17.5,17.5,21.0,17.45,False,True,True
2023-03-06,18.5,65,0,3,0.8996308696522433,0.43665123195606403,18.5,18.5,20.5,17.5,18.691666666666666,True,False,True
2023-03-06,16.5,65,0,3,0.8996308696522433,0.43665123195606403,16.5,17.5,17.5,21.0,17.416666666666668,False,True,True
2023-03-07,16.5,66,1,3,0.9070138128026359,0.4211008707960896,16.5,17.5,17.5,21.0,17.383333333333333,False,True,True
2023-03-07,19.5,66,1,3,0.9070138128026359,0.4211008707960896,18.5,18.5,20.5,17.5,18.658333333333335,True,False,True
2023-03-08,16.5,67,2,3,0.9141279881853337,0.40542572835999735,16.5,17.5,17.5,21.0,17.35,False,True,True
2023-03-08,19.5,67,2,3,0.9141279881853337,0.40542572835999735,19.5,18.5,20.5,17.5,18.625,True,False,True
2023-03-09,16.5,68,3,3,0.9209712877166346,0.38963044953078796,16.5,17.5,17.5,21.0,17.316666666666666,False,True,True
2023-03-09,19.5,68,3,3,0.9209712877166346,0.38963044953078796,19.5,18.5,19.0,17.5,18.641666666666666,True,False,True
2023-03-10,19.5,69,4,3,0.9275416835791966,0.37371971479046906,19.5,18.5,19.0,17.5,18.658333333333335,True,False,True
2023-03-10,16.5,69,4,3,0.9275416835791966,0.37371971479046906,16.5,17.5,17.5,21.0,17.283333333333335,False,True,True
2023-03-11,19.5,70,5,3,0.9338372288229252,0.35769823883312546,19.5,18.5,18.875,17.5,18.679166666666667,True,False,True
2023-03-11,16.5,70,5,3,0.9338372288229252,0.35769823883312546,16.5,17.0,17.5,21.0,17.25,False,True,True
2023-03-12,19.5,71,6,3,0.9398560579418954,0.3415707691678556,19.5,18.5,18.75,17.5,18.704166666666666,True,False,True
2023-03-12,16.5,71,6,3,0.9398560579418954,0.3415707691678556,16.5,16.5,17.5,21.0,17.216666666666665,False,True,True
2023-03-13,19.5,72,0,3,0.9455963874271426,0.3253420847119801,19.5,18.5,18.625,17.5,18.733333333333334,True,False,True
2023-03-13,16.5,72,0,3,0.9455963874271426,0.3253420847119801,16.5,16.5,17.5,21.0,17.183333333333334,False,True,True
2023-03-14,19.5,73,1,3,0.9510565162951535,0.30901699437494745,19.5,19.5,18.5,17.5,18.766666666666666,True,False,True
2023-03-14,16.5,73,1,3,0.9510565162951535,0.30901699437494745,16.5,16.5,17.5,21.0,17.15,False,True,True
2023-03-15,19.5,74,2,3,0.9562348265919056,0.29260033563334836,19.5,19.5,18.5,17.5,18.8,True,False,True
2023-03-15,16.5,74,2,3,0.9562348265919056,0.29260033563334836,16.5,16.5,17.5,21.0,17.116666666666667,False,True,True
2023-03-16,16.5,75,3,3,0.9611297838723007,0.27609697309746883,16.5,16.5,17.5,21.0,17.083333333333332,False,True,True
2023-03-16,19.5,75,3,3,0.9611297838723007,0.27609697309746883,19.5,19.5,18.5,17.5,18.833333333333332,True,False,True
2023-03-17,16.5,76,4,3,0.9657399376548549,0.2595117970697999,16.5,16.5,17.5,21.0,17.05,False,True,True
2023-03-17,19.5,76,4,3,0.9657399376548549,0.2595117970697999,19.5,19.5,18.5,17.5,18.866666666666667,True,False,True
2023-03-18,16.5,77,5,3,0.9700639218515071,0.2428497220959356,16.5,16.5,17.5,21.0,17.016666666666666,False,True,True
2023-03-18,19.5,77,5,3,0.9700639218515071,0.2428497220959356,19.5,19.5,18.5,17.5,18.9,True,False,True
2023-03-19,19.5,78,6,3,0.9741004551724205,0.22611568550828828,19.5,19.5,18.5,17.5,18.933333333333334,True,False,True
2023-03-19,16.5,78,6,3,0.9741004551724205,0.22611568550828828,16.5,16.5,17.5,21.0,16.983333333333334,False,True,True
2023-03-20,19.5,79,0,3,0.9778483415056568,0.20931464596304847,19.5,19.5,18.5,17.5,18.966666666666665,True,False,True
2023-03-20,16.5,79,0,3,0.9778483415056568,0.20931464596304847,16.5,16.5,17.5,21.0,16.95,False,True,True
2023-03-21,19.5,80,1,3,0.9813064702716093,0.19245158197082998,19.5,19.5,18.5,17.5,19.0,True,False,True
2023-03-21,16.5,80,1,3,0.9813064702716093,0.19245158197082998,16.5,16.5,17.5,21.0,16.916666666666668,False,True,True
2023-03-22,19.5,81,2,3,0.9844738167520922,0.1755314904214282,19.5,19.5,18.5,17.5,19.033333333333335,True,False,True
2023-03-22,16.5,81,2,3,0.9844738167520922,0.1755314904214282,16.5,16.5,17.5,21.0,16.883333333333333,False,True,True
2023-03-23,19.5,82,3,3,0.9873494423939864,0.15855938510313475,19.5,19.5,18.5,17.5,19.066666666666666,True,False,True
2023-03-23,16.5,82,3,3,0.9873494423939864,0.15855938510313475,16.5,16.5,17.5,21.0,16.85,False,True,True
2023-03-24,19.5,83,4,3,0.989932495087353,0.141540295217043,19.5,19.5,18.5,19.0,19.1,True,False,True
2023-03-24,16.5,83,4,3,0.989932495087353,0.141540295217043,16.5,16.5,17.5,21.0,16.816666666666666,False,True,True
2023-03-25,19.5,84,5,3,0.9922222094179323,0.12447926388678915,19.5,19.5,18.5,18.5,19.133333333333333,True,False,True
2023-03-25,16.5,84,5,3,0.9922222094179323,0.12447926388678915,16.5,16.5,17.5,21.0,16.783333333333335,False,True,True
2023-03-26,16.5,85,6,3,0.994217906893952,0.10738134666416309,16.5,16.5,17.5,21.0,16.75,False,True,True
2023-03-26,19.5,85,6,3,0.994217906893952,0.10738134666416309,19.5,19.5,18.5,18.5,19.166666666666668,True,False,True
2023-03-27,16.5,86,0,3,0.995918996147179,0.09025161003104117,16.5,16.5,17.5,21.0,16.716666666666665,False,True,True
2023-03-27,19.5,86,0,3,0.995918996147179,0.09025161003104117,19.5,19.5,18.5,18.5,19.2,True,False,True
2023-03-28,19.5,87,1,3,0.9973249731081555,0.07309512989807777,19.5,19.5,18.5,18.5,19.233333333333334,True,False,True
2023-03-28,16.5,87,1,3,0.9973249731081555,0.07309512989807777,16.5,16.5,17.5,21.0,16.683333333333334,False,True,True
2023-03-29,19.5,88,2,3,0.9984354211555643,0.055916990100603484,19.5,19.5,18.5,18.5,19.266666666666666,True,False,True
2023-03-29,16.5,88,2,3,0.9984354211555643,0.055916990100603484,16.5,16.5,17.5,21.0,16.65,False,True,True
2023-03-30,19.5,89,3,3,0.9992500112396835,0.03872228089217446,19.5,19.5,18.5,18.5,19.3,True,False,True
2023-03-30,16.5,89,3,3,0.9992500112396835,0.03872228089217446,16.5,16.5,17.5,21.0,16.616666666666667,False,True,True
2023-03-31,19.5,90,4,3,0.9997685019798909,0.021516097436222254,19.5,19.5,18.5,18.5,19.333333333333332,True,False,True
2023-03-31,16.5,90,4,3,0.9997685019798909,0.021516097436222254,16.5,16.5,17.5,21.0,16.583333333333332,False,True,True
2023-04-01,16.5,91,5,4,0.9999907397361901,0.004303538296244289,16.5,16.5,17.5,21.0,16.55,False,True,True
2023-04-01,19.5,91,5,4,0.9999907397361901,0.004303538296244289,19.5,19.5,18.5,18.5,19.366666666666667,True,False,True
2023-04-02,16.5,92,6,4,0.9999166586547379,-0.01291029607500882,16.5,16.5,17.5,21.0,16.516666666666666,False,True,True
2023-04-02,19.5,92,6,4,0.9999166586547379,-0.01291029607500882,19.5,19.5,18.5,18.5,19.4,True,False,True
2023-04-03,16.5,93,0,4,0.9995462806873573,-0.030120304846908114,16.5,16.5,17.0,21.0,16.5,False,True,True
2023-04-03,19.5,93,0,4,0.9995462806873573,-0.030120304846908114,19.5,19.5,18.5,18.5,19.433333333333334,True,False,True
2023-04-04,16.5,94,1,4,0.9988797155850336,-0.04732138832243185,16.5,16.5,16.5,21.0,16.5,False,True,True
2023-04-04,19.5,94,1,4,0.9988797155850336,-0.04732138832243185,19.5,19.5,18.5,18.5,19.466666666666665,True,False,True
2023-04-05,16.5,95,2,4,0.9979171608653922,-0.06450844944931623,16.5,16.5,16.5,21.0,16.5,False,True,True
2023-04-05,19.5,95,2,4,0.9979171608653922,-0.06450844944931623,19.5,19.5,18.5,18.5,19.5,True,False,True
2023-04-06,19.5,96,3,4,0.9966589017541702,-0.08167639533042241,19.5,19.5,19.5,18.5,19.5,True,False,True
2023-04-06,16.5,96,3,4,0.9966589017541702,-0.08167639533042241,16.5,16.5,16.5,21.0,16.5,False,True,True
2023-04-07,19.5,97,4,4,0.9951053111006976,-0.09882013873287143,19.5,19.5,19.5,18.5,19.5,True,False,True
2023-04-07,16.5,97,4,4,0.9951053111006976,-0.09882013873287143,16.5,16.5,16.5,21.0,16.5,False,True,True
2023-04-08,19.5,98,5,4,0.9932568492674143,-0.11593459959550041,19.5,19.5,19.5,18.5,19.5,True,False,True
2023-04-08,16.5,98,5,4,0.9932568492674143,-0.11593459959550041,16.5,16.5,16.5,21.0,16.5,False,True,True
2023-04-09,16.5,99,6,4,0.9911140639934547,-0.1330147065341959,16.5,16.5,16.5,21.0,16.5,False,True,True
2023-04-09,19.5,99,6,4,0.9911140639934547,-0.1330147065341959,19.5,19.5,19.5,18.5,19.5,True,False,True
2023-04-10,19.5,100,0,4,0.9886775902323405,-0.1500553983446526,19.5,19.5,19.5,18.5,19.5,True,False,True
2023-04-10,16.5,100,0,4,0.9886775902323405,-0.1500553983446526,16.5,16.5,16.5,21.0,16.5,False,True,True
2023-04-11,16.5,101,1,4,0.9859481499638304,-0.16705162550211924,16.5,16.5,16.5,21.0,16.5,False,True,True
2023-04-11,19.5,101,1,4,0.9859481499638304,-0.16705162550211924,19.5,19.5,19.5,18.5,19.5,True,False,True
2023-04-12,16.5,102,2,4,0.9829265519799822,-0.18399835165768005,16.5,16.5,16.5,21.0,16.5,False,True,True
2023-04-12,19.0,102,2,4,0.9829265519799822,-0.18399835165768005,19.5,19.5,19.5,18.5,19.483333333333334,True,False,True
2023-04-13,16.5,103,3,4,0.9796136916454901,-0.20089055513063506,16.5,16.5,16.5,21.0,16.5,False,True,True
2023-04-13,18.5,103,3,4,0.9796136916454901,-0.20089055513063506,19.0,19.5,19.5,18.5,19.45,True,False,True
2023-04-14,18.5,104,4,4,0.9760105506323683,-0.21772323039653177,18.5,19.5,19.5,18.5,19.416666666666668,True,False,True
2023-04-14,16.5,104,4,4,0.9760105506323683,-0.21772323039653177,16.5,16.5,16.5,21.0,16.5,False,True,True
2023-04-15,18.5,105,5,4,0.9721181966290613,-0.23449138957040985,18.5,19.5,19.5,18.5,19.383333333333333,True,False,True
2023-04-15,16.5,105,5,4,0.9721181966290613,-0.23449138957040985,16.5,16.5,16.5,21.0,16.5,False,True,True
2023-04-16,18.5,106,6,4,0.9679377830240642,-0.25119006388481935,18.5,19.5,19.5,18.5,19.35,True,False,True
2023-04-16,16.5,106,6,4,0.9679377830240642,-0.25119006388481935,16.5,16.5,16.5,21.0,16.5,False,True,True
2023-04-17,16.5,107,0,4,0.9634705485641488,-0.2678143051621742,16.5,16.5,16.5,21.0,16.5,False,True,True
2023-04-17,18.5,107,0,4,0.9634705485641488,-0.2678143051621742,18.5,19.5,19.5,18.5,19.316666666666666,True,False,True
2023-04-18,18.5,108,1,4,0.9587178169872964,-0.2843591872810034,18.5,19.5,19.5,18.0,19.283333333333335,True,False,True
2023-04-18,16.5,108,1,4,0.9587178169872964,-0.2843591872810034,16.5,16.5,16.5,20.0,16.5,False,True,True
2023-04-19,18.5,109,2,4,0.9536809966304457,-0.30081980763566735,18.5,19.0,19.5,18.0,19.25,True,False,True
2023-04-19,16.5,109,2,4,0.9536809966304457,-0.30081980763566735,16.5,16.5,16.5,20.0,16.5,False,True,True
2023-04-20,16.5,110,3,4,0.9483615800121715,-0.3171912885891061,16.5,16.5,16.5,20.0,16.5,False,True,True
2023-04-20,18.5,110,3,4,0.9483615800121715,-0.3171912885891061,18.5,18.5,19.5,18.0,19.216666666666665,True,False,True
2023-04-21,18.5,111,4,4,0.9427611433904207,-0.3334687789181868,18.5,18.5,19.5,18.0,19.183333333333334,True,False,True
2023-04-21,16.5,111,4,4,0.9427611433904207,-0.3334687789181868,16.5,16.5,16.5,20.0,16.5,False,True,True
2023-04-22,18.5,112,5,4,0.9368813462954315,-0.3496474552512284,18.5,18.5,19.5,18.0,19.15,True,False,True
2023-04-22,16.5,112,5,4,0.9368813462954315,-0.3496474552512284,16.5,16.5,16.5,20.0,16.5,False,True,True
2023-04-23,18.5,113,6,4,0.9307239310379795,-0.36572252349726897,18.5,18.5,19.5,18.0,19.116666666666667,True,False,True
2023-04-23,16.5,113,6,4,0.9307239310379795,-0.36572252349726897,16.5,16.5,16.5,20.0,16.5,False,True,True
2023-04-24,18.5,114,0,4,0.9242907221930933,-0.3816892202666588,18.5,18.5,19.5,18.0,19.083333333333332,True,False,True
2023-04-24,16.5,114,0,4,0.9242907221930933,-0.3816892202666588,16.5,16.5,16.5,20.0,16.5,False,True,True
2023-04-25,16.5,115,1,4,0.9175836260593937,-0.39754281428255595,16.5,16.5,16.5,20.0,16.5,False,True,True
2023-04-25,18.5,115,1,4,0.9175836260593937,-0.39754281428255595,18.5,18.5,19.5,18.0,19.05,True,False,True
2023-04-26,16.5,116,2,4,0.9106046300942162,-0.4132786077829042,16.5,16.5,16.5,20.0,16.5,False,True,True
2023-04-26,18.5,116,2,4,0.9106046300942162,-0.4132786077829042,18.5,18.5,19.5,18.0,19.016666666666666,True,False,True
2023-04-27,16.5,117,3,4,0.9033558023246845,-0.4288919379124835,16.5,16.5,16.5,20.0,16.5,False,True,True
2023-04-27,18.5,117,3,4,0.9033558023246845,-0.4288919379124835,18.5,18.5,19.5,18.0,18.983333333333334,True,False,True
2023-04-28,18.5,118,4,4,0.895839290734909,-0.4443781781046132,18.5,18.5,19.5,18.0,18.95,True,False,True
2023-04-28,16.5,118,4,4,0.895839290734909,-0.4443781781046132,16.5,16.5,16.5,20.0,16.5,False,True,True
2023-04-29,18.5,119,5,4,0.8880573226294932,-0.45973273945210397,18.5,18.5,19.5,18.0,18.916666666666668,True,False,True
2023-04-29,16.5,119,5,4,0.8880573226294932,-0.45973273945210397,16.5,16.5,16.5,20.0,16.5,False,True,True
2023-04-30,18.5,120,6,4,0.8800122039735357,-0.47495107206704995,18.5,18.5,19.5,18.0,18.883333333333333,True,False,True
2023-04-30,16.5,120,6,4,0.8800122039735357,-0.47495107206704995,16.5,16.5,16.5,20.0,16.5,False,True,True
2023-05-01,18.5,121,0,5,0.8717063187093218,-0.4900286664290592,18.5,18.5,19.5,18.0,18.85,True,False,True
2023-05-01,16.5,121,0,5,0.8717063187093218,-0.4900286664290592,16.5,16.5,16.5,20.0,16.5,False,True,True
2023-05-02,16.5,122,1,5,0.8631421280499114,-0.5049610547215204,16.5,16.5,16.5,20.0,16.5,False,True,True
2023-05-02,18.5,122,1,5,0.8631421280499114,-0.5049610547215204,18.5,18.5,19.5,18.0,18.816666666666666,True,False,True
2023-05-03,16.5,123,2,5,0.854322169749827,-0.5197438121555155,16.5,16.5,16.5,20.0,16.5,False,True,True
2023-05-03,18.5,123,2,5,0.854322169749827,-0.5197438121555155,18.5,18.5,19.5,18.0,18.783333333333335,True,False,True
2023-05-04,16.5,124,3,5,0.8452490573530633,-0.5343725582809786,16.5,16.5,16.5,20.0,16.5,False,True,True
2023-05-04,18.5,124,3,5,0.8452490573530633,-0.5343725582809786,18.5,18.5,19.5,18.0,18.75,True,False,True
2023-05-05,18.5,125,4,5,0.8359254794186372,-0.548842958284719,18.5,18.5,19.5,18.0,18.716666666666665,True,False,True
2023-05-05,16.5,125,4,5,0.8359254794186372,-0.548842958284719,16.5,16.5,16.5,20.0,16.5,False,True,True
2023-05-06,18.5,126,5,5,0.8263541987239096,-0.5631507242749186,18.5,18.5,19.5,18.0,18.683333333333334,True,False,True
2023-05-06,16.5,126,5,5,0.8263541987239096,-0.5631507242749186,16.5,16.5,16.5,20.0,16.5,False,True,True
2023-05-07,18.5,127,6,5,0.8165380514459161,-0.5772916165517272,18.5,18.5,19.5,18.0,18.65,True,False,True
2023-05-07,16.5,127,6,5,0.8165380514459161,-0.5772916165517272,16.5,16.5,16.5,20.0,16.5,False,True,True
2023-05-08,16.5,128,0,5,0.8064799463209448,-0.5912614448635781,16.5,16.5,16.5,20.0,16.5,False,True,True
2023-05-08,18.5,128,0,5,0.8064799463209448,-0.5912614448635781,18.5,18.5,19.5,18.0,18.616666666666667,True,False,True
2023-05-09,16.5,129,1,5,0.7961828637826158,-0.6050560696488488,16.5,16.5,16.5,20.0,16.5,False,True,True
2023-05-09,18.5,129,1,5,0.7961828637826158,-0.6050560696488488,18.5,18.5,19.5,18.0,18.583333333333332,True,False,True
2023-05-10,16.5,130,2,5,0.7856498550787147,-0.6186714032625031,16.5,16.5,16.5,20.0,16.5,False,True,True
2023-05-10,18.5,130,2,5,0.7856498550787147,-0.6186714032625031,18.5,18.5,19.5,18.0,18.55,True,False,True
2023-05-11,16.5,131,3,5,0.7748840413670407,-0.6321034111873487,16.5,16.5,16.5,20.0,16.5,False,True,True
2023-05-11,18.5,131,3,5,0.7748840413670407,-0.6321034111873487,18.5,18.5,19.5,18.0,18.516666666666666,True,False,True
2023-05-12,16.5,132,4,5,0.7638886127905428,-0.6453481132295501,16.5,16.5,16.5,20.0,16.5,False,True,True
2023-05-12,18.5,132,4,5,0.7638886127905428,-0.6453481132295501,18.5,18.5,19.0,18.0,18.5,True,False,True
2023-05-13,18.5,133,5,5,0.7526668275320085,-0.6584015846980488,18.5,18.5,18.5,18.0,18.5,True,False,True
2023-05-13,16.5,133,5,5,0.7526668275320085,-0.6584015846980488,16.5,16.5,16.5,20.0,16.5,False,True,True
2023-05-14,18.5,134,6,5,0.7412220108485958,-0.6712599575675313,18.5,18.5,18.5,18.0,18.5,True,False,True
2023-05-14,16.5,134,6,5,0.7412220108485958,-0.6712599575675313,16.5,16.5,16.5,20.0,16.5,False,True,True
2023-05-15,16.5,135,0,5,0.7295575540864875,-0.6839194216246106,16.5,16.5,16.5,20.0,16.5,False,True,True
2023-05-15,18.5,135,0,5,0.7295575540864875,-0.6839194216246106,18.5,18.5,18.5,18.0,18.5,True,False,True
2023-05-16,18.5,136,1,5,0.717676913675962,-0.6963762255968722,18.5,18.5,18.5,18.0,18.5,True,False,True
2023-05-16,16.5,136,1,5,0.717676913675962,-0.6963762255968722,16.5,16.5,16.5,20.0,16.5,False,True,True
2023-05-17,16.5,137,2,5,0.705583610107178,-0.7086266782644596,16.5,16.5,16.5,20.0,16.5,False,True,True
2023-05-17,18.5,137,2,5,0.705583610107178,-0.7086266782644596,18.5,18.5,18.5,18.0,18.5,True,False,True
2023-05-18,16.5,138,3,5,0.6932812268869777,-0.7206671495538609,16.5,16.5,16.5,20.0,16.5,False,True,True
2023-05-18,18.5,138,3,5,0.6932812268869777,-0.7206671495538609,18.5,18.5,18.5,18.0,18.5,True,False,True
2023-05-19,16.5,139,4,5,0.6807734094770161,-0.7324940716135789,16.5,16.5,16.5,20.0,16.5,False,True,True
2023-05-19,18.5,139,4,5,0.6807734094770161,-0.7324940716135789,18.5,18.5,18.5,18.0,18.5,True,False,True
2023-05-20,18.5,140,5,5,0.6680638642135335,-0.7441039398713607,18.5,18.5,18.5,18.0,18.5,True,False,True
2023-05-20,16.5,140,5,5,0.6680638642135335,-0.7441039398713607,16.5,16.5,16.5,20.0,16.5,False,True,True
2023-05-21,16.5,141,6,5,0.6551563572090853,-0.7554933140726803,16.5,16.5,16.5,20.0,16.5,False,True,True
2023-05-21,18.5,141,6,5,0.6551563572090853,-0.7554933140726803,18.5,18.5,18.5,18.0,18.5,True,False,True
2023-05-22,18.5,142,0,5,0.6420547132365637,-0.766658819300159,18.5,18.5,18.5,18.0,18.5,True,False,True
2023-05-22,16.5,142,0,5,0.6420547132365637,-0.766658819300159,16.5,16.5,16.5,20.0,16.5,False,True,True
2023-05-23,18.5,143,1,5,0.6287628145958344,-0.7775971469736269,18.5,18.5,18.5,18.0,18.5,True,False,True
2023-05-23,16.5,143,1,5,0.6287628145958344,-0.7775971469736269,16.5,16.5,16.5,20.0,16.5,False,True,True
2023-05-24,16.5,144,2,5,0.6152845999633276,-0.7883050558305255,16.5,16.5,16.5,20.0,16.5,False,True,True
2023-05-24,18.5,144,2,5,0.6152845999633276,-0.7883050558305255,18.5,18.5,18.5,18.0,18.5,True,False,True
2023-05-25,16.5,145,3,5,0.6016240632249226,-0.7987793728863649,16.5,16.5,16.5,20.0,16.5,False,True,True
2023-05-25,18.5,145,3,5,0.6016240632249226,-0.7987793728863649,18.5,18.5,18.5,18.0,18.5,True,False,True
2023-05-26,18.5,146,4,5,0.5877852522924732,-0.8090169943749473,18.5,18.5,18.5,18.0,18.5,True,False,True
2023-05-26,16.5,146,4,5,0.5877852522924732,-0.8090169943749473,16.5,16.5,16.5,21.5,16.5,False,True,True
2023-05-27,16.5,147,5,5,0.5737722679043246,-0.8190148866680801,16.5,16.5,16.5,23.0,16.5,False,True,True
2023-05-27,18.5,147,5,5,0.5737722679043246,-0.8190148866680801,18.5,18.5,18.5,22.0,18.5,True,False,True
2023-05-28,18.5,148,6,5,0.5595892624101765,-0.8287700871745038,18.5,18.5,18.5,22.0,18.5,True,False,True
2023-05-28,16.5,148,6,5,0.5595892624101765,-0.8287700871745038,16.5,16.5,16.5,23.0,16.5,False,True,True
2023-05-29,18.5,149,0,5,0.545240438540651,-0.8382797052177744,18.5,18.5,18.5,22.0,18.5,True,False,True
2023-05-29,16.5,149,0,5,0.545240438540651,-0.8382797052177744,16.5,16.5,16.5,23.0,16.5,False,True,True
2023-05-30,18.5,150,1,5,0.5307300481619334,-0.8475409228928311,18.5,18.5,18.5,22.0,18.5,True,False,True
2023-05-30,16.5,150,1,5,0.5307300481619334,-0.8475409228928311,16.5,16.5,16.5,23.0,16.5,False,True,True
2023-05-31,18.5,151,2,5,0.5160623910158528,-0.8565509959010036,18.5,18.5,18.5,22.0,18.5,True,False,True
2023-05-31,17.5,151,2,5,0.5160623910158528,-0.8565509959010036,16.5,16.5,16.5,23.0,16.533333333333335,False,True,True
2023-06-01,18.5,152,3,6,0.5012418134457758,-0.865307254363206,18.5,18.5,18.5,22.0,18.5,True,False,True
2023-06-01,17.5,152,3,6,0.5012418134457758,-0.865307254363206,17.5,16.5,16.5,23.0,16.566666666666666,False,True,True
2023-06-02,18.5,153,4,6,0.48627270710868997,-0.8738071036110808,18.5,18.5,18.5,22.0,18.5,True,False,True
2023-06-02,17.5,153,4,6,0.48627270710868997,-0.8738071036110808,17.5,16.5,16.5,23.0,16.6,False,True,True
2023-06-03,17.5,154,5,6,0.4711595076738638,-0.8820480249558537,17.5,16.5,16.5,23.0,16.633333333333333,False,True,True
2023-06-03,18.5,154,5,6,0.4711595076738638,-0.8820480249558537,18.5,18.5,18.5,22.0,18.5,True,False,True
2023-06-04,17.5,155,6,6,0.4559066935084588,-0.8900275764346767,17.5,16.5,16.5,23.0,16.666666666666668,False,True,True
2023-06-04,18.5,155,6,6,0.4559066935084588,-0.8900275764346767,18.5,18.5,18.5,22.0,18.5,True,False,True
2023-06-05,18.5,156,0,6,0.440518784350495,-0.8977433935342337,18.5,18.5,18.5,22.0,18.5,True,False,True
2023-06-05,17.5,156,0,6,0.440518784350495,-0.8977433935342337,17.5,16.5,16.5,23.0,16.7,False,True,True
2023-06-06,17.5,157,1,6,0.42500033996955416,-0.9051931898913974,17.5,16.5,16.5,23.0,16.733333333333334,False,True,True
2023-06-06,18.5,157,1,6,0.42500033996955416,-0.9051931898913974,18.5,18.5,18.5,22.0,18.5,True,False,True
2023-06-07,18.5,158,2,6,0.4093559588156213,-0.9123747579707273,18.5,18.5,18.5,22.0,18.5,True,False,True
2023-06-07,17.5,158,2,6,0.4093559588156213,-0.9123747579707273,17.5,17.5,16.5,23.0,16.766666666666666,False,True,True
2023-06-08,18.5,159,3,6,0.39359027665646673,-0.9192859697186104,18.5,18.5,18.5,22.0,18.5,True,False,True
2023-06-08,17.5,159,3,6,0.39359027665646673,-0.9192859697186104,17.5,17.5,16.5,23.0,16.8,False,True,True
2023-06-09,18.5,160,4,6,0.3777079652039649,-0.9259247771938498,18.5,18.5,18.5,22.0,18.5,True,False,True
2023-06-09,17.5,160,4,6,0.3777079652039649,-0.9259247771938498,17.5,17.5,16.5,23.0,16.833333333333332,False,True,True
2023-06-10,18.5,161,5,6,0.36171373072976765,-0.9322892131745133,18.5,18.5,18.5,22.0,18.5,True,False,True
2023-06-10,17.5,161,5,6,0.36171373072976765,-0.9322892131745133,17.5,17.5,16.5,23.0,16.866666666666667,False,True,True
2023-06-11,18.5,162,6,6,0.3456123126707335,-0.9383773917408641,18.5,18.5,18.5,22.0,18.5,True,False,True
2023-06-11,17.5,162,6,6,0.3456123126707335,-0.9383773917408641,17.5,17.5,16.5,23.0,16.9,False,True,True
2023-06-12,17.5,163,0,6,0.3294084822245304,-0.9441875088341993,17.5,17.5,16.5,23.0,16.933333333333334,False,True,True
2023-06-12,18.5,163,0,6,0.3294084822245304,-0.9441875088341993,18.5,18.5,18.5,22.0,18.5,True,False,True
2023-06-13,18.5,164,1,6,0.3131070409358269,-0.9497178427914316,18.5,18.5,18.5,22.0,18.5,True,False,True
2023-06-13,17.5,164,1,6,0.3131070409358269,-0.9497178427914316,17.5,17.5,16.5,23.0,16.966666666666665,False,True,True
2023-06-14,17.5,165,2,6,0.29671281927349075,-0.9549667548552551,17.5,17.5,16.5,23.0,17.0,False,True,True
2023-06-14,18.5,165,2,6,0.29671281927349075,-0.9549667548552551,18.5,18.5,18.5,22.0,18.5,True,False,True
2023-06-15,17.5,166,3,6,0.28023067519921585,-0.9599326896597447,17.5,17.5,16.5,23.0,17.033333333333335,False,True,True
2023-06-15,18.5,166,3,6,0.28023067519921585,-0.9599326896597447,18.5,18.5,18.5,22.0,18.5,True,False,True
2023-06-16,17.5,167,4,6,0.26366549272800704,-0.9646141756912435,17.5,17.5,16.5,23.0,17.066666666666666,False,True,True
2023-06-16,18.5,167,4,6,0.26366549272800704,-0.9646141756912435,18.5,18.5,18.5,22.0,18.5,True,False,True
2023-06-17,18.5,168,5,6,0.24702218048093552,-0.9690098257244062,18.5,18.5,18.5,22.0,18.5,True,False,True
2023-06-17,17.5,168,5,6,0.24702218048093552,-0.9690098257244062,17.5,17.5,16.5,23.0,17.1,False,True,True
2023-06-18,18.5,169,6,6,0.23030567023061221,-0.9731183372332619,18.5,18.5,18.5,22.0,18.5,True,False,True
2023-06-18,17.5,169,6,6,0.23030567023061221,-0.9731183372332619,17.5,17.5,16.5,23.0,17.133333333333333,False,True,True
2023-06-19,18.5,170,0,6,0.21352091543979612,-0.9769384927771817,18.5,18.5,18.5,22.0,18.5,True,False,True
2023-06-19,17.5,170,0,6,0.21352091543979612,-0.9769384927771817,17.5,17.5,16.5,23.0,17.166666666666668,False,True,True
2023-06-20,17.5,171,1,6,0.19667288979357647,-0.980469160361632,17.5,17.5,16.5,23.0,17.2,False,True,True
2023-06-20,18.5,171,1,6,0.19667288979357647,-0.980469160361632,18.5,18.5,18.5,22.0,18.5,True,False,True
2023-06-21,17.5,172,2,6,0.1797665857255624,-0.9837092937736097,17.5,17.5,16.5,21.0,17.233333333333334,False,True,True
2023-06-21,18.5,172,2,6,0.1797665857255624,-0.9837092937736097,18.5,18.5,18.5,20.0,18.5,True,False,True
2023-06-22,18.625,173,3,6,0.16280701293851715,-0.986657932891657,18.5,18.5,18.5,20.0,18.504166666666666,True,False,True
2023-06-22,17.5,173,3,6,0.16280701293851715,-0.986657932891657,17.5,17.5,16.5,21.0,17.266666666666666,False,True,True
2023-06-23,17.5,174,4,6,0.1457991969198751,-0.9893142039703663,17.5,17.5,16.5,21.0,17.3,False,True,True
2023-06-23,18.75,174,4,6,0.1457991969198751,-0.9893142039703663,18.625,18.5,18.5,20.0,18.5125,True,False,True
2023-06-24,18.875,175,5,6,0.12874817745258132,-0.99167731989929,18.75,18.5,18.5,20.0,18.525,True,False,True
2023-06-24,17.75,175,5,6,0.12874817745258132,-0.99167731989929,17.5,17.5,16.5,21.0,17.341666666666665,False,True,True
2023-06-25,19.0,176,6,6,0.11165900712169512,-0.993746580436178,18.875,18.5,18.5,20.0,18.541666666666668,True,False,True
2023-06-25,18.0,176,6,6,0.11165900712169512,-0.993746580436178,17.75,17.5,16.5,21.0,17.391666666666666,False,True,True
2023-06-26,19.0,177,0,6,0.09453674981719912,-0.9955213724144752,19.0,18.5,18.5,20.0,18.558333333333334,True,False,True
2023-06-26,18.0,177,0,6,0.09453674981719912,-0.9955213724144752,18.0,17.5,16.5,21.0,17.441666666666666,False,True,True
2023-06-27,19.0,178,1,6,0.07738647923346301,-0.9970011699250151,19.0,18.5,18.5,20.0,18.575,True,False,True
2023-06-27,18.0,178,1,6,0.07738647923346301,-0.9970011699250151,18.0,17.5,16.5,21.0,17.491666666666667,False,True,True
2023-06-28,18.0,179,2,6,0.06021327736579302,-0.9981855344718586,18.0,17.5,16.5,21.0,17.541666666666668,False,True,True
2023-06-28,19.0,179,2,6,0.06021327736579302,-0.9981855344718586,19.0,18.5,18.5,20.0,18.591666666666665,True,False,True
2023-06-29,18.0,180,3,6,0.04302223300453059,-0.99907411510223,18.0,17.5,16.5,21.0,17.591666666666665,False,True,True
2023-06-29,19.0,180,3,6,0.04302223300453059,-0.99907411510223,19.0,18.625,18.5,20.0,18.608333333333334,True,False,True
2023-06-30,19.0,181,4,6,0.02581844022713308,-0.9996666485105112,19.0,18.75,18.5,20.0,18.625,True,False,True
2023-06-30,18.0,181,4,6,0.02581844022713308,-0.9996666485105112,18.0,17.5,17.5,21.0,17.608333333333334,False,True,True
2023-07-01,18.0,182,5,7,0.008606996888688698,-0.9999629591162655,18.0,17.75,17.5,21.0,17.625,False,True,True
2023-07-01,19.0,182,5,7,0.008606996888688698,-0.9999629591162655,19.0,18.875,18.5,20.0,18.641666666666666,True,False,True
2023-07-02,19.0,183,6,7,-0.008606996888688009,-0.9999629591162655,19.0,19.0,18.5,20.0,18.658333333333335,True,False,True
2023-07-02,18.0,183,6,7,-0.008606996888688009,-0.9999629591162655,18.0,18.0,17.5,21.0,17.641666666666666,False,True,True
2023-07-03,19.0,184,0,7,-0.02581844022713239,-0.9996666485105112,19.0,19.0,18.5,20.0,18.675,True,False,True
2023-07-03,18.0,184,0,7,-0.02581844022713239,-0.9996666485105112,18.0,18.0,17.5,21.0,17.658333333333335,False,True,True
2023-07-04,19.0,185,1,7,-0.04302223300453034,-0.99907411510223,19.0,19.0,18.5,20.0,18.691666666666666,True,False,True
2023-07-04,18.0,185,1,7,-0.04302223300453034,-0.99907411510223,18.0,18.0,17.5,21.0,17.675,False,True,True
2023-07-05,18.0,186,2,7,-0.060213277365792774,-0.9981855344718586,18.0,18.0,17.5,21.0,17.691666666666666,False,True,True
2023-07-05,19.0,186,2,7,-0.060213277365792774,-0.9981855344718586,19.0,19.0,18.5,20.0,18.708333333333332,True,False,True
2023-07-06,18.0,187,3,7,-0.07738647923346322,-0.9970011699250151,18.0,18.0,17.5,21.0,17.708333333333332,False,True,True
2023-07-06,19.0,187,3,7,-0.07738647923346322,-0.9970011699250151,19.0,19.0,18.5,20.0,18.725,True,False,True
2023-07-07,18.0,188,4,7,-0.09453674981719933,-0.9955213724144752,18.0,18.0,17.5,21.0,17.725,False,True,True
2023-07-07,19.0,188,4,7,-0.09453674981719933,-0.9955213724144752,19.0,19.0,18.5,20.0,18.741666666666667,True,False,True
2023-07-08,19.0,189,5,7,-0.11165900712169444,-0.9937465804361781,19.0,19.0,18.5,20.0,18.758333333333333,True,False,True
2023-07-08,18.0,189,5,7,-0.11165900712169444,-0.9937465804361781,18.0,18.0,17.5,21.0,17.741666666666667,False,True,True
2023-07-09,19.0,190,6,7,-0.12874817745258066,-0.99167731989929,19.0,19.0,18.5,20.0,18.775,True,False,True
2023-07-09,18.0,190,6,7,-0.12874817745258066,-0.99167731989929,18.0,18.0,17.5,21.0,17.758333333333333,False,True,True
2023-07-10,18.0,191,0,7,-0.14579919691987442,-0.9893142039703664,18.0,18.0,17.5,21.0,17.775,False,True,True
2023-07-10,19.0,191,0,7,-0.14579919691987442,-0.9893142039703664,19.0,19.0,18.5,20.0,18.791666666666668,True,False,True
2023-07-11,19.0,192,1,7,-0.16280701293851646,-0.9866579328916572,19.0,19.0,18.5,20.0,18.808333333333334,True,False,True
2023-07-11,18.0,192,1,7,-0.16280701293851646,-0.9866579328916572,18.0,18.0,17.5,21.0,17.791666666666668,False,True,True
2023-07-12,19.0,193,2,7,-0.17976658572556214,-0.9837092937736098,19.0,19.0,18.5,20.0,18.825,True,False,True
2023-07-12,18.0,193,2,7,-0.17976658572556214,-0.9837092937736098,18.0,18.0,17.5,21.0,17.808333333333334,False,True,True
2023-07-13,19.0,194,3,7,-0.19667288979357622,-0.9804691603616321,19.0,19.0,18.5,20.0,18.841666666666665,True,False,True
2023-07-13,18.0,194,3,7,-0.19667288979357622,-0.9804691603616321,18.0,18.0,17.5,19.0,17.825,False,True,True
2023-07-14,18.0,195,4,7,-0.2135209154397959,-0.9769384927771817,18.0,18.0,17.5,19.0,17.841666666666665,False,True,True
2023-07-14,19.0,195,4,7,-0.2135209154397959,-0.9769384927771817,19.0,19.0,18.5,20.0,18.858333333333334,True,False,True
2023-07-15,19.0,196,5,7,-0.23030567023061196,-0.973118337233262,19.0,19.0,18.5,20.0,18.875,True,False,True
2023-07-15,18.0,196,5,7,-0.23030567023061196,-0.973118337233262,18.0,18.0,17.5,19.0,17.858333333333334,False,True,True
2023-07-16,18.0,197,6,7,-0.24702218048093527,-0.9690098257244063,18.0,18.0,17.5,19.0,17.875,False,True,True
2023-07-16,19.0,197,6,7,-0.24702218048093527,-0.9690098257244063,19.0,19.0,18.5,20.0,18.891666666666666,True,False,True
2023-07-17,18.0,198,0,7,-0.2636654927280072,-0.9646141756912435,18.0,18.0,17.5,19.0,17.891666666666666,False,True,True
2023-07-17,19.0,198,0,7,-0.2636654927280072,-0.9646141756912435,19.0,19.0,18.5,20.0,18.908333333333335,True,False,True
2023-07-18,18.0,199,1,7,-0.2802306751992161,-0.9599326896597445,18.0,18.0,17.5,20.0,17.908333333333335,False,True,True
2023-07-18,19.0,199,1,7,-0.2802306751992161,-0.9599326896597445,19.0,19.0,18.5,21.0,18.925,True,False,True
2023-07-19,19.0,200,2,7,-0.2967128192734901,-0.9549667548552553,19.0,19.0,18.5,21.0,18.941666666666666,True,False,True
2023-07-19,18.0,200,2,7,-0.2967128192734901,-0.9549667548552553,18.0,18.0,17.5,20.0,17.925,False,True,True
2023-07-20,19.0,201,3,7,-0.3131070409358267,-0.9497178427914317,19.0,19.0,18.5,21.0,18.958333333333332,True,False,True
2023-07-20,18.0,201,3,7,-0.3131070409358267,-0.9497178427914317,18.0,18.0,17.5,20.0,17.941666666666666,False,True,True
2023-07-21,19.0,202,4,7,-0.3294084822245302,-0.9441875088341994,19.0,19.0,18.5,23.0,18.975,True,False,True
2023-07-21,18.0,202,4,7,-0.3294084822245302,-0.9441875088341994,18.0,18.0,17.5,20.25,17.958333333333332,False,True,True
2023-07-22,18.75,203,5,7,-0.3456123126707333,-0.9383773917408642,18.0,18.0,17.5,20.5,18.0,False,True,True
2023-07-22,19.75,203,5,7,-0.3456123126707333,-0.9383773917408642,19.0,19.0,18.625,23.0,19.0125,True,False,True
2023-07-23,20.5,204,6,7,-0.3617137307297674,-0.9322892131745134,19.75,19.0,18.75,23.0,19.070833333333333,True,False,True
2023-07-23,19.5,204,6,7,-0.3617137307297674,-0.9322892131745134,18.75,18.0,17.5,20.5,18.066666666666666,False,True,True
2023-07-24,19.5,205,0,7,-0.37770796520396466,-0.9259247771938499,19.5,18.0,17.75,20.5,18.125,False,True,True
2023-07-24,20.5,205,0,7,-0.37770796520396466,-0.9259247771938499,20.5,19.0,18.875,23.0,19.125,True,False,True
2023-07-25,20.5,206,1,7,-0.39359027665646645,-0.9192859697186105,20.5,19.0,19.0,23.0,19.175,True,False,True
2023-07-25,19.5,206,1,7,-0.39359027665646645,-0.9192859697186105,19.5,18.0,18.0,20.5,18.175,False,True,True
2023-07-26,20.0,207,2,7,-0.4093559588156211,-0.9123747579707274,19.5,18.0,18.0,20.5,18.241666666666667,False,True,True
2023-07-26,21.0,207,2,7,-0.4093559588156211,-0.9123747579707274,20.5,19.0,19.0,23.0,19.241666666666667,True,False,True
2023-07-27,21.0,208,3,7,-0.42500033996955394,-0.9051931898913975,21.0,19.0,19.0,23.0,19.308333333333334,True,False,True
2023-07-27,20.0,208,3,7,-0.42500033996955394,-0.9051931898913975,20.0,18.0,18.0,20.5,18.308333333333334,False,True,True
2023-07-28,20.0,209,4,7,-0.4405187843504952,-0.8977433935342336,20.0,18.0,18.0,20.5,18.375,False,True,True
2023-07-28,21.0,209,4,7,-0.4405187843504952,-0.8977433935342336,21.0,19.0,19.0,23.0,19.375,True,False,True
2023-07-29,20.0,210,5,7,-0.455906693508459,-0.8900275764346766,20.0,18.75,18.0,20.5,18.441666666666666,False,True,True
2023-07-29,21.0,210,5,7,-0.455906693508459,-0.8900275764346766,21.0,19.75,19.0,23.0,19.441666666666666,True,False,True
2023-07-30,20.0,211,6,7,-0.47115950767386394,-0.8820480249558535,20.0,19.5,18.0,20.5,18.508333333333333,False,True,True
2023-07-30,21.0,211,6,7,-0.47115950767386394,-0.8820480249558535,21.0,20.5,19.0,23.0,19.508333333333333,True,False,True
2023-07-31,21.0,212,0,7,-0.4862727071086902,-0.8738071036110807,21.0,20.5,19.0,23.0,19.575,True,False,True
2023-07-31,20.0,212,0,7,-0.4862727071086902,-0.8738071036110807,20.0,19.5,18.0,20.5,18.575,False,True,True
2023-08-01,20.0,213,1,8,-0.5012418134457756,-0.8653072543632061,20.0,19.5,18.0,20.5,18.641666666666666,False,True,True
2023-08-01,21.0,213,1,8,-0.5012418134457756,-0.8653072543632061,21.0,20.5,19.0,23.0,19.641666666666666,True,False,True
2023-08-02,20.0,214,2,8,-0.5160623910158526,-0.8565509959010037,20.0,20.0,18.0,20.5,18.708333333333332,False,True,True
2023-08-02,21.0,214,2,8,-0.5160623910158526,-0.8565509959010037,21.0,21.0,19.0,22.5,19.708333333333332,True,False,True
2023-08-03,20.375,215,3,8,-0.5307300481619331,-0.8475409228928312,20.0,20.0,18.0,20.5,18.7875,False,True,True
2023-08-03,21.0,215,3,8,-0.5307300481619331,-0.8475409228928312,21.0,21.0,19.0,22.5,19.775,True,False,True
2023-08-04,21.0,216,4,8,-0.5452404385406507,-0.8382797052177745,21.0,21.0,19.0,22.5,19.841666666666665,True,False,True
2023-08-04,20.75,216,4,8,-0.5452404385406507,-0.8382797052177745,20.375,20.0,18.0,20.0,18.879166666666666,False,True,True
2023-08-05,20.75,217,5,8,-0.5595892624101763,-0.828770087174504,20.75,20.0,18.0,20.0,18.970833333333335,False,True,True
2023-08-05,21.0,217,5,8,-0.5595892624101763,-0.828770087174504,21.0,21.0,19.0,22.5,19.908333333333335,True,False,True
2023-08-06,20.75,218,6,8,-0.5737722679043243,-0.8190148866680802,20.75,20.0,18.0,20.0,19.0625,False,True,True
2023-08-06,21.0,218,6,8,-0.5737722679043243,-0.8190148866680802,21.0,21.0,19.0,22.5,19.975,True,False,True
2023-08-07,20.75,219,0,8,-0.5877852522924734,-0.8090169943749472,20.75,20.0,18.0,20.0,19.154166666666665,False,True,True
2023-08-07,21.0,219,0,8,-0.5877852522924734,-0.8090169943749472,21.0,21.0,19.0,22.5,20.041666666666668,True,False,True
2023-08-08,20.75,220,1,8,-0.6016240632249227,-0.7987793728863648,20.75,20.0,18.0,20.0,19.245833333333334,False,True,True
2023-08-08,21.0,220,1,8,-0.6016240632249227,-0.7987793728863648,21.0,21.0,19.0,22.5,20.108333333333334,True,False,True
2023-08-09,20.75,221,2,8,-0.6152845999633277,-0.7883050558305253,20.75,20.0,18.0,20.0,19.3375,False,True,True
2023-08-09,21.0,221,2,8,-0.6152845999633277,-0.7883050558305253,21.0,21.0,19.0,22.5,20.175,True,False,True
2023-08-10,20.75,222,3,8,-0.6287628145958345,-0.7775971469736268,20.75,20.375,18.0,20.0,19.429166666666667,False,True,True
2023-08-10,21.0,222,3,8,-0.6287628145958345,-0.7775971469736268,21.0,21.0,19.0,22.5,20.241666666666667,True,False,True
2023-08-11,20.75,223,4,8,-0.6420547132365636,-0.7666588193001592,20.75,20.75,18.0,20.0,19.520833333333332,False,True,True
2023-08-11,21.0,223,4,8,-0.6420547132365636,-0.7666588193001592,21.0,21.0,19.0,22.5,20.308333333333334,True,False,True
2023-08-12,21.0,224,5,8,-0.655156357209085,-0.7554933140726804,21.0,21.0,19.0,22.5,20.375,True,False,True
2023-08-12,20.75,224,5,8,-0.655156357209085,-0.7554933140726804,20.75,20.75,18.0,20.0,19.6125,False,True,True
2023-08-13,20.75,225,6,8,-0.6680638642135333,-0.7441039398713608,20.75,20.75,18.0,20.0,19.704166666666666,False,True,True
2023-08-13,21.0,225,6,8,-0.6680638642135333,-0.7441039398713608,21.0,21.0,19.0,22.25,20.441666666666666,True,False,True
2023-08-14,20.75,226,0,8,-0.6807734094770159,-0.7324940716135792,20.75,20.75,18.0,20.0,19.795833333333334,False,True,True
2023-08-14,21.0,226,0,8,-0.6807734094770159,-0.7324940716135792,21.0,21.0,19.0,22.0,20.508333333333333,True,False,True
2023-08-15,20.75,227,1,8,-0.6932812268869771,-0.7206671495538615,20.75,20.75,18.0,20.0,19.8875,False,True,True
2023-08-15,21.0,227,1,8,-0.6932812268869771,-0.7206671495538615,21.0,21.0,19.0,22.0,20.575,True,False,True
2023-08-16,20.75,228,2,8,-0.7055836101071774,-0.70862667826446,20.75,20.75,18.0,20.0,19.979166666666668,False,True,True
2023-08-16,21.0,228,2,8,-0.7055836101071774,-0.70862667826446,21.0,21.0,19.0,22.0,20.641666666666666,True,False,True
2023-08-17,21.0,229,3,8,-0.7176769136759615,-0.6963762255968726,21.0,21.0,19.0,22.0,20.708333333333332,True,False,True
2023-08-17,20.75,229,3,8,-0.7176769136759615,-0.6963762255968726,20.75,20.75,18.0,20.0,20.070833333333333,False,True,True
