pubDate,avgPrice,day_of_year,day_of_week,month,doy_sin,doy_cos,avgPrice_lag_1,avgPrice_lag_7,avgPrice_lag_30,avgPrice_lag_365,avgPrice_MA_30,specInfo_活,prodPcat_贝壳类,prodPcat_其他类
2022-07-17,12.0,198,6,7,-0.2636654927280072,-0.9646141756912435,12.0,12.5,12.5,12.5,12.416666666666666,True,True,False
2022-07-17,12.5,198,6,7,-0.2636654927280072,-0.9646141756912435,12.5,12.5,12.5,12.0,12.5,True,False,True
2022-07-18,12.0,199,0,7,-0.2802306751992161,-0.9599326896597445,12.0,12.5,12.5,12.5,12.4,True,True,False
2022-07-18,12.5,199,0,7,-0.2802306751992161,-0.9599326896597445,12.5,12.5,12.5,12.25,12.5,True,False,True
2022-07-19,12.0,200,1,7,-0.2967128192734901,-0.9549667548552553,12.0,12.5,12.5,12.5,12.383333333333333,True,True,False
2022-07-19,12.5,200,1,7,-0.2967128192734901,-0.9549667548552553,12.5,12.5,12.5,12.5,12.5,True,False,True
2022-07-20,12.0,201,2,7,-0.3131070409358267,-0.9497178427914317,12.0,12.0,12.5,12.5,12.366666666666667,True,True,False
2022-07-20,12.5,201,2,7,-0.3131070409358267,-0.9497178427914317,12.5,12.5,12.5,12.75,12.5,True,False,True
2022-07-21,12.0,202,3,7,-0.3294084822245302,-0.9441875088341994,12.0,12.0,12.5,12.5,12.35,True,True,False
2022-07-21,12.5,202,3,7,-0.3294084822245302,-0.9441875088341994,12.5,12.5,12.5,13.0,12.5,True,False,True
2022-07-22,12.0,203,4,7,-0.3456123126707333,-0.9383773917408642,12.0,12.0,12.5,12.5,12.333333333333334,True,True,False
2022-07-22,12.5,203,4,7,-0.3456123126707333,-0.9383773917408642,12.5,12.5,12.5,13.0,12.5,True,False,True
2022-07-23,12.0,204,5,7,-0.3617137307297674,-0.9322892131745134,12.0,12.0,12.5,12.5,12.316666666666666,True,True,False
2022-07-23,12.5,204,5,7,-0.3617137307297674,-0.9322892131745134,12.5,12.5,12.5,13.0,12.5,True,False,True
2022-07-24,12.5,205,6,7,-0.37770796520396466,-0.9259247771938499,12.5,12.5,12.5,13.0,12.5,True,False,True
2022-07-24,12.0,205,6,7,-0.37770796520396466,-0.9259247771938499,12.0,12.0,12.5,12.5,12.3,True,True,False
2022-07-25,12.5,206,0,7,-0.39359027665646645,-0.9192859697186105,12.5,12.5,12.5,13.0,12.5,True,False,True
2022-07-25,12.0,206,0,7,-0.39359027665646645,-0.9192859697186105,12.0,12.0,12.5,12.5,12.283333333333333,True,True,False
2022-07-26,12.5,207,1,7,-0.4093559588156211,-0.9123747579707274,12.5,12.5,12.5,12.0,12.5,True,False,True
2022-07-26,12.0,207,1,7,-0.4093559588156211,-0.9123747579707274,12.0,12.0,12.5,12.5,12.266666666666667,True,True,False
2022-07-27,12.5,208,2,7,-0.42500033996955394,-0.9051931898913975,12.5,12.5,12.5,12.0,12.5,True,False,True
2022-07-27,12.0,208,2,7,-0.42500033996955394,-0.9051931898913975,12.0,12.0,12.5,12.5,12.25,True,True,False
2022-07-28,12.0,209,3,7,-0.4405187843504952,-0.8977433935342336,12.0,12.0,12.5,12.5,12.233333333333333,True,True,False
2022-07-28,12.5,209,3,7,-0.4405187843504952,-0.8977433935342336,12.5,12.5,12.5,12.0,12.5,True,False,True
2022-07-29,12.0,210,4,7,-0.455906693508459,-0.8900275764346766,12.0,12.0,12.5,12.5,12.216666666666667,True,True,False
2022-07-29,12.5,210,4,7,-0.455906693508459,-0.8900275764346766,12.5,12.5,12.5,12.0,12.5,True,False,True
2022-07-30,12.0,211,5,7,-0.47115950767386394,-0.8820480249558535,12.0,12.0,12.5,12.5,12.2,True,True,False
2022-07-30,12.5,211,5,7,-0.47115950767386394,-0.8820480249558535,12.5,12.5,12.5,12.0,12.5,True,False,True
2022-07-31,12.5,212,6,7,-0.4862727071086902,-0.8738071036110807,12.5,12.5,12.5,12.0,12.5,True,False,True
2022-07-31,12.0,212,6,7,-0.4862727071086902,-0.8738071036110807,12.0,12.0,12.5,12.5,12.183333333333334,True,True,False
2022-08-01,12.5,213,0,8,-0.5012418134457756,-0.8653072543632061,12.5,12.5,12.5,12.0,12.5,True,False,True
2022-08-01,12.0,213,0,8,-0.5012418134457756,-0.8653072543632061,12.0,12.0,12.5,12.5,12.166666666666666,True,True,False
2022-08-02,12.5,214,1,8,-0.5160623910158526,-0.8565509959010037,12.5,12.5,12.5,12.0,12.5,True,False,True
2022-08-02,12.0,214,1,8,-0.5160623910158526,-0.8565509959010037,12.0,12.0,12.5,12.5,12.15,True,True,False
2022-08-03,12.5,215,2,8,-0.5307300481619331,-0.8475409228928312,12.5,12.5,12.5,12.0,12.5,True,False,True
2022-08-03,12.0,215,2,8,-0.5307300481619331,-0.8475409228928312,12.0,12.0,12.5,12.5,12.133333333333333,True,True,False
2022-08-04,12.0,216,3,8,-0.5452404385406507,-0.8382797052177745,12.0,12.0,12.5,12.5,12.116666666666667,True,True,False
2022-08-04,12.5,216,3,8,-0.5452404385406507,-0.8382797052177745,12.5,12.5,12.5,12.0,12.5,True,False,True
2022-08-05,12.0,217,4,8,-0.5595892624101763,-0.828770087174504,12.0,12.0,12.5,12.5,12.1,True,True,False
2022-08-05,12.5,217,4,8,-0.5595892624101763,-0.828770087174504,12.5,12.5,12.5,12.0,12.5,True,False,True
2022-08-06,12.5,218,5,8,-0.5737722679043243,-0.8190148866680802,12.5,12.5,12.5,12.0,12.5,True,False,True
2022-08-06,12.0,218,5,8,-0.5737722679043243,-0.8190148866680802,12.0,12.0,12.5,12.5,12.083333333333334,True,True,False
2022-08-07,12.5,219,6,8,-0.5877852522924734,-0.8090169943749472,12.5,12.5,12.5,12.0,12.5,True,False,True
2022-08-07,12.0,219,6,8,-0.5877852522924734,-0.8090169943749472,12.0,12.0,12.5,12.5,12.066666666666666,True,True,False
2022-08-08,12.0,220,0,8,-0.6016240632249227,-0.7987793728863648,12.0,12.0,12.5,12.5,12.05,True,True,False
2022-08-08,12.5,220,0,8,-0.6016240632249227,-0.7987793728863648,12.5,12.5,12.5,12.0,12.5,True,False,True
2022-08-09,12.5,221,1,8,-0.6152845999633277,-0.7883050558305253,12.5,12.5,12.5,12.0,12.5,True,False,True
2022-08-09,12.0,221,1,8,-0.6152845999633277,-0.7883050558305253,12.0,12.0,12.5,12.5,12.033333333333333,True,True,False
2022-08-10,12.5,222,2,8,-0.6287628145958345,-0.7775971469736268,12.5,12.5,12.5,12.0,12.5,True,False,True
2022-08-10,12.0,222,2,8,-0.6287628145958345,-0.7775971469736268,12.0,12.0,12.5,12.5,12.016666666666667,True,True,False
2022-08-11,12.0,223,3,8,-0.6420547132365636,-0.7666588193001592,12.0,12.0,12.5,12.5,12.0,True,True,False
2022-08-11,12.5,223,3,8,-0.6420547132365636,-0.7666588193001592,12.5,12.5,12.5,12.0,12.5,True,False,True
2022-08-12,12.0,224,4,8,-0.655156357209085,-0.7554933140726804,12.0,12.0,12.0,12.5,12.0,True,True,False
2022-08-12,12.5,224,4,8,-0.655156357209085,-0.7554933140726804,12.5,12.5,12.5,12.0,12.5,True,False,True
2022-08-13,12.5,225,5,8,-0.6680638642135333,-0.7441039398713608,12.5,12.5,12.5,12.0,12.5,True,False,True
2022-08-13,12.0,225,5,8,-0.6680638642135333,-0.7441039398713608,12.0,12.0,12.0,12.5,12.0,True,True,False
2022-08-14,12.5,226,6,8,-0.6807734094770159,-0.7324940716135792,12.5,12.5,12.5,12.0,12.5,True,False,True
2022-08-14,12.0,226,6,8,-0.6807734094770159,-0.7324940716135792,12.0,12.0,12.0,12.5,12.0,True,True,False
2022-08-15,12.5,227,0,8,-0.6932812268869771,-0.7206671495538615,12.5,12.5,12.5,12.0,12.5,True,False,True
2022-08-15,12.0,227,0,8,-0.6932812268869771,-0.7206671495538615,12.0,12.0,12.0,12.5,12.0,True,True,False
2022-08-16,12.5,228,1,8,-0.7055836101071774,-0.70862667826446,12.5,12.5,12.5,12.0,12.5,True,False,True
2022-08-16,12.0,228,1,8,-0.7055836101071774,-0.70862667826446,12.0,12.0,12.0,12.5,12.0,True,True,False
2022-08-17,12.5,229,2,8,-0.7176769136759615,-0.6963762255968726,12.5,12.5,12.5,12.0,12.5,True,False,True
2022-08-17,12.0,229,2,8,-0.7176769136759615,-0.6963762255968726,12.0,12.0,12.0,12.5,12.0,True,True,False
2022-08-18,12.5,230,3,8,-0.7295575540864876,-0.6839194216246105,12.5,12.5,12.5,12.0,12.5,True,False,True
2022-08-18,12.0,230,3,8,-0.7295575540864876,-0.6839194216246105,12.0,12.0,12.0,12.5,12.0,True,True,False
2022-08-19,12.0,231,4,8,-0.7412220108485957,-0.6712599575675315,12.0,12.0,12.0,12.5,12.0,True,True,False
2022-08-19,12.5,231,4,8,-0.7412220108485957,-0.6712599575675315,12.5,12.5,12.5,12.0,12.5,True,False,True
2022-08-20,12.5,232,5,8,-0.7526668275320083,-0.6584015846980489,12.5,12.5,12.5,12.0,12.5,True,False,True
2022-08-20,12.0,232,5,8,-0.7526668275320083,-0.6584015846980489,12.0,12.0,12.0,12.5,12.0,True,True,False
2022-08-21,12.0,233,6,8,-0.7638886127905429,-0.64534811322955,12.0,12.0,12.0,12.5,12.0,True,True,False
2022-08-21,12.5,233,6,8,-0.7638886127905429,-0.64534811322955,12.5,12.5,12.5,12.0,12.5,True,False,True
2022-08-22,12.0,234,0,8,-0.7748840413670406,-0.6321034111873488,12.0,12.0,12.0,12.5,12.0,True,True,False
2022-08-22,12.5,234,0,8,-0.7748840413670406,-0.6321034111873488,12.5,12.5,12.5,12.0,12.5,True,False,True
2022-08-23,12.0,235,1,8,-0.7856498550787144,-0.6186714032625032,12.0,12.0,12.0,12.5,12.0,True,True,False
2022-08-23,12.5,235,1,8,-0.7856498550787144,-0.6186714032625032,12.5,12.5,12.5,12.0,12.5,True,False,True
2022-08-24,12.0,236,2,8,-0.7961828637826154,-0.6050560696488494,12.0,12.0,12.0,12.5,12.0,True,True,False
2022-08-24,12.5,236,2,8,-0.7961828637826154,-0.6050560696488494,12.5,12.5,12.5,12.0,12.5,True,False,True
2022-08-25,12.5,237,3,8,-0.8064799463209447,-0.5912614448635782,12.5,12.5,12.5,12.0,12.5,True,False,True
2022-08-25,12.0,237,3,8,-0.8064799463209447,-0.5912614448635782,12.0,12.0,12.0,12.5,12.0,True,True,False
2022-08-26,12.5,238,4,8,-0.8165380514459157,-0.5772916165517278,12.5,12.5,12.5,12.0,12.5,True,False,True
2022-08-26,12.0,238,4,8,-0.8165380514459157,-0.5772916165517278,12.0,12.0,12.0,12.5,12.0,True,True,False
2022-08-27,12.5,239,5,8,-0.8263541987239094,-0.5631507242749187,12.5,12.5,12.5,12.0,12.5,True,False,True
2022-08-27,12.0,239,5,8,-0.8263541987239094,-0.5631507242749187,12.0,12.0,12.0,12.5,12.0,True,True,False
2022-08-28,12.0,240,6,8,-0.8359254794186365,-0.5488429582847199,12.0,12.0,12.0,12.5,12.0,True,True,False
2022-08-28,12.5,240,6,8,-0.8359254794186365,-0.5488429582847199,12.5,12.5,12.5,12.0,12.5,True,False,True
2022-08-29,12.5,241,0,8,-0.8452490573530634,-0.5343725582809785,12.5,12.5,12.5,12.0,12.5,True,False,True
2022-08-29,12.0,241,0,8,-0.8452490573530634,-0.5343725582809785,12.0,12.0,12.0,12.5,12.0,True,True,False
2022-08-30,12.0,242,1,8,-0.8543221697498269,-0.5197438121555157,12.0,12.0,12.0,12.5,12.0,True,True,False
2022-08-30,12.5,242,1,8,-0.8543221697498269,-0.5197438121555157,12.5,12.5,12.5,12.0,12.5,True,False,True
2022-08-31,12.5,243,2,8,-0.8631421280499115,-0.5049610547215202,12.5,12.5,12.5,12.0,12.5,True,False,True
2022-08-31,12.0,243,2,8,-0.8631421280499115,-0.5049610547215202,12.0,12.0,12.0,12.5,12.0,True,True,False
2022-09-01,12.5,244,3,9,-0.8717063187093217,-0.4900286664290594,12.5,12.5,12.5,12.0,12.5,True,False,True
2022-09-01,12.0,244,3,9,-0.8717063187093217,-0.4900286664290594,12.0,12.0,12.0,12.5,12.0,True,True,False
2022-09-02,12.0,245,4,9,-0.8800122039735356,-0.4749510720670502,12.0,12.0,12.0,12.5,12.0,True,True,False
2022-09-02,12.5,245,4,9,-0.8800122039735356,-0.4749510720670502,12.5,12.5,12.5,12.0,12.5,True,False,True
2022-09-03,12.0,246,5,9,-0.888057322629493,-0.4597327394521046,12.0,12.0,12.0,12.5,12.0,True,True,False
2022-09-03,12.5,246,5,9,-0.888057322629493,-0.4597327394521046,12.5,12.5,12.5,12.0,12.5,True,False,True
2022-09-04,12.5,247,6,9,-0.8958392907349089,-0.4443781781046134,12.5,12.5,12.5,12.0,12.5,True,False,True
2022-09-04,12.0,247,6,9,-0.8958392907349089,-0.4443781781046134,12.0,12.0,12.0,12.5,12.0,True,True,False
2022-09-05,12.5,248,0,9,-0.9033558023246842,-0.4288919379124841,12.5,12.5,12.5,12.0,12.5,True,False,True
2022-09-05,12.0,248,0,9,-0.9033558023246842,-0.4288919379124841,12.0,12.0,12.0,12.5,12.0,True,True,False
2022-09-06,12.5,249,1,9,-0.9106046300942162,-0.41327860778290443,12.5,12.5,12.5,12.0,12.5,True,False,True
2022-09-06,12.0,249,1,9,-0.9106046300942162,-0.41327860778290443,12.0,12.0,12.0,12.5,12.0,True,True,False
2022-09-07,12.0,250,2,9,-0.9175836260593934,-0.3975428142825566,12.0,12.0,12.0,12.5,12.0,True,True,False
2022-09-07,12.5,250,2,9,-0.9175836260593934,-0.3975428142825566,12.5,12.5,12.5,12.0,12.5,True,False,True
2022-09-08,12.5,251,3,9,-0.9242907221930934,-0.3816892202666586,12.5,12.5,12.5,12.0,12.5,True,False,True
2022-09-08,12.0,251,3,9,-0.9242907221930934,-0.3816892202666586,12.0,12.0,12.0,12.5,12.0,True,True,False
2022-09-09,12.0,252,4,9,-0.9307239310379793,-0.3657225234972692,12.0,12.0,12.0,12.5,12.0,True,True,False
2022-09-09,12.5,252,4,9,-0.9307239310379793,-0.3657225234972692,12.5,12.5,12.5,12.0,12.5,True,False,True
2022-09-10,12.0,253,5,9,-0.9368813462954315,-0.34964745525122826,12.0,12.0,12.0,12.5,12.0,True,True,False
2022-09-10,12.5,253,5,9,-0.9368813462954315,-0.34964745525122826,12.5,12.5,12.5,12.0,12.5,True,False,True
2022-09-11,12.0,254,6,9,-0.9427611433904206,-0.33346877891818705,12.0,12.0,12.0,12.5,12.0,True,True,False
2022-09-11,12.5,254,6,9,-0.9427611433904206,-0.33346877891818705,12.5,12.5,12.5,12.0,12.5,True,False,True
2022-09-12,12.5,255,0,9,-0.9483615800121716,-0.31719128858910595,12.5,12.5,12.5,12.0,12.5,True,False,True
2022-09-12,12.0,255,0,9,-0.9483615800121716,-0.31719128858910595,12.0,12.0,12.0,12.5,12.0,True,True,False
2022-09-13,12.0,256,1,9,-0.9536809966304455,-0.300819807635668,12.0,12.0,12.0,12.5,12.0,True,True,False
2022-09-13,12.5,256,1,9,-0.9536809966304455,-0.300819807635668,12.5,12.5,12.5,12.0,12.5,True,False,True
2022-09-14,12.0,257,2,9,-0.9587178169872964,-0.2843591872810036,12.0,12.0,12.0,12.5,12.0,True,True,False
2022-09-14,12.5,257,2,9,-0.9587178169872964,-0.2843591872810036,12.5,12.5,12.5,12.0,12.5,True,False,True
2022-09-15,12.0,258,3,9,-0.9634705485641486,-0.26781430516217486,12.0,12.0,12.0,12.5,12.0,True,True,False
2022-09-15,12.5,258,3,9,-0.9634705485641486,-0.26781430516217486,12.5,12.5,12.5,12.0,12.5,True,False,True
2022-09-16,12.5,259,4,9,-0.9679377830240642,-0.25119006388481957,12.5,12.5,12.5,12.0,12.5,True,False,True
2022-09-16,12.0,259,4,9,-0.9679377830240642,-0.25119006388481957,12.0,12.0,12.0,12.5,12.0,True,True,False
2022-09-17,12.0,260,5,9,-0.9721181966290612,-0.23449138957041052,12.0,12.0,12.0,12.5,12.0,True,True,False
2022-09-17,12.5,260,5,9,-0.9721181966290612,-0.23449138957041052,12.5,12.5,12.5,12.0,12.5,True,False,True
2022-09-18,12.0,261,6,9,-0.9760105506323682,-0.21772323039653224,12.0,12.0,12.0,12.5,12.0,True,True,False
2022-09-18,12.5,261,6,9,-0.9760105506323682,-0.21772323039653224,12.5,12.5,12.5,12.0,12.5,True,False,True
2022-09-19,12.5,262,0,9,-0.9796136916454901,-0.20089055513063528,12.5,12.5,12.5,12.0,12.5,True,False,True
2022-09-19,12.0,262,0,9,-0.9796136916454901,-0.20089055513063528,12.0,12.0,12.0,12.5,12.0,True,True,False
2022-09-20,12.0,263,1,9,-0.9829265519799822,-0.18399835165767986,12.0,12.0,12.0,12.5,12.0,True,True,False
2022-09-20,12.5,263,1,9,-0.9829265519799822,-0.18399835165767986,12.5,12.5,12.5,12.0,12.5,True,False,True
2022-09-21,12.5,264,2,9,-0.9859481499638303,-0.1670516255021195,12.5,12.5,12.5,12.0,12.5,True,False,True
2022-09-21,12.0,264,2,9,-0.9859481499638303,-0.1670516255021195,12.0,12.0,12.0,12.5,12.0,True,True,False
2022-09-22,12.0,265,3,9,-0.9886775902323404,-0.15005539834465262,12.0,12.0,12.0,12.5,12.0,True,True,False
2022-09-22,12.5,265,3,9,-0.9886775902323404,-0.15005539834465262,12.5,12.5,12.5,12.0,12.5,True,False,True
2022-09-23,12.5,266,4,9,-0.9911140639934546,-0.13301470653419636,12.5,12.5,12.5,12.0,12.5,True,False,True
2022-09-23,12.0,266,4,9,-0.9911140639934546,-0.13301470653419636,12.0,12.0,12.0,12.5,12.0,True,True,False
2022-09-24,12.5,267,5,9,-0.9932568492674143,-0.11593459959550066,12.5,12.5,12.5,12.0,12.5,True,False,True
2022-09-24,12.0,267,5,9,-0.9932568492674143,-0.11593459959550066,12.0,12.0,12.0,12.5,12.0,True,True,False
2022-09-25,12.0,268,6,9,-0.9951053111006974,-0.09882013873287211,12.0,12.0,12.0,12.5,12.0,True,True,False
2022-09-25,12.5,268,6,9,-0.9951053111006974,-0.09882013873287211,12.5,12.5,12.5,12.0,12.5,True,False,True
2022-09-26,12.0,269,0,9,-0.99665890175417,-0.08167639533042288,12.0,12.0,12.0,12.5,12.0,True,True,False
2022-09-26,12.5,269,0,9,-0.99665890175417,-0.08167639533042288,12.5,12.5,12.5,12.0,12.5,True,False,True
2022-09-27,12.5,270,1,9,-0.9979171608653922,-0.06450844944931625,12.5,12.5,12.5,12.0,12.5,True,False,True
2022-09-27,12.0,270,1,9,-0.9979171608653922,-0.06450844944931625,12.0,12.0,12.0,12.5,12.0,True,True,False
2022-09-28,12.5,271,2,9,-0.9988797155850335,-0.04732138832243232,12.5,12.5,12.5,12.0,12.5,True,False,True
2022-09-28,12.0,271,2,9,-0.9988797155850335,-0.04732138832243232,12.0,12.0,12.0,12.5,12.0,True,True,False
2022-09-29,12.0,272,3,9,-0.9995462806873573,-0.03012030484690836,12.0,12.0,12.0,12.5,12.0,True,True,False
2022-09-29,12.5,272,3,9,-0.9995462806873573,-0.03012030484690836,12.5,12.5,12.5,12.0,12.5,True,False,True
2022-09-30,12.0,273,4,9,-0.9999166586547379,-0.012910296075008843,12.0,12.0,12.0,12.5,12.0,True,True,False
2022-09-30,12.5,273,4,9,-0.9999166586547379,-0.012910296075008843,12.5,12.5,12.5,12.0,12.5,True,False,True
2022-10-01,12.5,274,5,10,-0.9999907397361901,0.004303538296243821,12.5,12.5,12.5,12.0,12.5,True,False,True
2022-10-01,12.0,274,5,10,-0.9999907397361901,0.004303538296243821,12.0,12.0,12.0,12.5,12.0,True,True,False
2022-10-02,12.0,275,6,10,-0.9997685019798909,0.021516097436222233,12.0,12.0,12.0,12.5,12.0,True,True,False
2022-10-02,12.5,275,6,10,-0.9997685019798909,0.021516097436222233,12.5,12.5,12.5,12.0,12.5,True,False,True
2022-10-03,12.0,276,0,10,-0.9992500112396835,0.03872228089217399,12.0,12.0,12.0,12.5,12.0,True,True,False
2022-10-03,12.5,276,0,10,-0.9992500112396835,0.03872228089217399,12.5,12.5,12.5,12.0,12.5,True,False,True
2022-10-04,12.0,277,1,10,-0.9984354211555643,0.05591699010060302,12.0,12.0,12.0,12.5,12.0,True,True,False
2022-10-04,12.5,277,1,10,-0.9984354211555643,0.05591699010060302,12.5,12.5,12.5,12.0,12.5,True,False,True
2022-10-05,12.5,278,2,10,-0.9973249731081555,0.07309512989807776,12.5,12.5,12.5,12.0,12.5,True,False,True
2022-10-05,12.0,278,2,10,-0.9973249731081555,0.07309512989807776,12.0,12.0,12.0,12.5,12.0,True,True,False
2022-10-06,12.0,279,3,10,-0.9959189961471792,0.0902516100310407,12.0,12.0,12.0,12.5,12.0,True,True,False
2022-10-06,12.5,279,3,10,-0.9959189961471792,0.0902516100310407,12.5,12.5,12.5,12.0,12.5,True,False,True
2022-10-07,12.5,280,4,10,-0.994217906893952,0.10738134666416306,12.5,12.5,12.5,12.0,12.5,True,False,True
2022-10-07,12.0,280,4,10,-0.994217906893952,0.10738134666416306,12.0,12.0,12.0,12.5,12.0,True,True,False
2022-10-08,12.0,281,5,10,-0.9922222094179324,0.12447926388678869,12.0,12.0,12.0,12.5,12.0,True,True,False
2022-10-08,12.5,281,5,10,-0.9922222094179324,0.12447926388678869,12.5,12.5,12.5,12.0,12.5,True,False,True
2022-10-09,12.5,282,6,10,-0.989932495087353,0.141540295217043,12.5,12.5,12.5,12.0,12.5,True,False,True
2022-10-09,12.0,282,6,10,-0.989932495087353,0.141540295217043,12.0,12.0,12.0,12.5,12.0,True,True,False
2022-10-10,12.0,283,0,10,-0.9873494423939864,0.15855938510313475,12.0,12.0,12.0,12.5,12.0,True,True,False
2022-10-10,12.5,283,0,10,-0.9873494423939864,0.15855938510313475,12.5,12.5,12.5,12.0,12.5,True,False,True
2022-10-11,12.5,284,1,10,-0.9844738167520923,0.17553149042142777,12.5,12.5,12.5,12.0,12.5,True,False,True
2022-10-11,12.0,284,1,10,-0.9844738167520923,0.17553149042142777,12.0,12.0,12.0,12.5,12.0,True,True,False
2022-10-12,12.0,285,2,10,-0.9813064702716093,0.19245158197082995,12.0,12.0,12.0,12.5,12.0,True,True,False
2022-10-12,12.5,285,2,10,-0.9813064702716093,0.19245158197082995,12.5,12.5,12.5,12.0,12.5,True,False,True
2022-10-13,12.5,286,3,10,-0.9778483415056567,0.20931464596304888,12.5,12.5,12.5,12.0,12.5,True,False,True
2022-10-13,12.0,286,3,10,-0.9778483415056567,0.20931464596304888,12.0,12.0,12.0,12.5,12.0,True,True,False
2022-10-14,12.0,287,4,10,-0.9741004551724206,0.22611568550828803,12.0,12.0,12.0,12.5,12.0,True,True,False
2022-10-14,12.5,287,4,10,-0.9741004551724206,0.22611568550828803,12.5,12.5,12.5,12.0,12.5,True,False,True
2022-10-15,12.0,288,5,10,-0.970063921851507,0.2428497220959358,12.0,12.0,12.0,12.5,12.0,True,True,False
2022-10-15,12.5,288,5,10,-0.970063921851507,0.2428497220959358,12.5,12.5,12.5,12.0,12.5,True,False,True
2022-10-16,12.0,289,6,10,-0.965739937654855,0.25951179706979943,12.0,12.0,12.0,12.5,12.0,True,True,False
2022-10-16,12.5,289,6,10,-0.965739937654855,0.25951179706979943,12.5,12.5,12.5,12.0,12.5,True,False,True
2022-10-17,12.5,290,0,10,-0.9611297838723007,0.27609697309746883,12.5,12.5,12.5,12.0,12.5,True,False,True
2022-10-17,12.0,290,0,10,-0.9611297838723007,0.27609697309746883,12.0,12.0,12.0,12.5,12.0,True,True,False
2022-10-18,12.5,291,1,10,-0.9562348265919058,0.2926003356333479,12.5,12.5,12.5,12.0,12.5,True,False,True
2022-10-18,12.0,291,1,10,-0.9562348265919058,0.2926003356333479,12.0,12.0,12.0,12.5,12.0,True,True,False
2022-10-19,12.5,292,2,10,-0.9510565162951536,0.30901699437494723,12.5,12.5,12.5,12.0,12.5,True,False,True
2022-10-19,12.0,292,2,10,-0.9510565162951536,0.30901699437494723,12.0,12.0,12.0,12.5,12.0,True,True,False
2022-10-20,12.5,293,3,10,-0.9455963874271428,0.3253420847119795,12.5,12.5,12.5,12.0,12.5,True,False,True
2022-10-20,12.0,293,3,10,-0.9455963874271428,0.3253420847119795,12.0,12.0,12.0,12.5,12.0,True,True,False
2022-10-21,12.0,294,4,10,-0.9398560579418953,0.341570769167856,12.0,12.0,12.0,12.5,12.0,True,True,False
2022-10-21,12.5,294,4,10,-0.9398560579418953,0.341570769167856,12.5,12.5,12.5,12.0,12.5,True,False,True
2022-10-22,12.0,295,5,10,-0.9338372288229252,0.35769823883312546,12.0,12.0,12.0,12.5,12.0,True,True,False
2022-10-22,12.5,295,5,10,-0.9338372288229252,0.35769823883312546,12.5,12.5,12.5,12.0,12.5,True,False,True
2022-10-23,12.0,296,6,10,-0.9275416835791965,0.3737197147904692,12.0,12.0,12.0,12.5,12.0,True,True,False
2022-10-23,12.5,296,6,10,-0.9275416835791965,0.3737197147904692,12.5,12.5,12.5,12.0,12.5,True,False,True
2022-10-24,12.5,297,0,10,-0.9209712877166347,0.38963044953078774,12.5,12.5,12.5,12.0,12.5,True,False,True
2022-10-24,12.0,297,0,10,-0.9209712877166347,0.38963044953078774,12.0,12.0,12.0,12.5,12.0,True,True,False
2022-10-25,12.5,298,1,10,-0.9141279881853337,0.4054257283599973,12.5,12.5,12.5,12.0,12.5,True,False,True
2022-10-25,12.0,298,1,10,-0.9141279881853337,0.4054257283599973,12.0,12.0,12.0,12.5,12.0,True,True,False
2022-10-26,12.5,299,2,10,-0.9070138128026362,0.42110087079608916,12.5,12.5,12.5,12.0,12.5,True,False,True
2022-10-26,12.0,299,2,10,-0.9070138128026362,0.42110087079608916,12.0,12.0,12.0,12.5,12.0,True,True,False
2022-10-27,12.5,300,3,10,-0.8996308696522434,0.4366512319560638,12.5,12.5,12.5,12.0,12.5,True,False,True
2022-10-27,12.0,300,3,10,-0.8996308696522434,0.4366512319560638,12.0,12.0,12.0,12.5,12.0,True,True,False
2022-10-28,12.5,301,4,10,-0.8919813464595487,0.45207220393230374,12.5,12.5,12.5,12.0,12.5,True,False,True
2022-10-28,12.0,301,4,10,-0.8919813464595487,0.45207220393230374,12.0,12.0,12.0,12.5,12.0,True,True,False
2022-10-29,12.5,302,5,10,-0.8840675099433637,0.46735921715800205,12.5,12.5,12.5,12.0,12.5,True,False,True
2022-10-29,12.0,302,5,10,-0.8840675099433637,0.46735921715800205,12.0,12.0,12.0,12.5,12.0,True,True,False
2022-10-30,12.5,303,6,10,-0.8758917051442433,0.48250774176121763,12.5,12.5,12.5,12.0,12.5,True,False,True
2022-10-30,12.0,303,6,10,-0.8758917051442433,0.48250774176121763,12.0,12.0,12.0,12.5,12.0,True,True,False
2022-10-31,12.5,304,0,10,-0.8674563547295971,0.4975132889071803,12.5,12.5,12.5,12.0,12.5,True,False,True
2022-10-31,12.0,304,0,10,-0.8674563547295971,0.4975132889071803,12.0,12.0,12.0,12.5,12.0,True,True,False
2022-11-01,12.5,305,1,11,-0.858763958275803,0.5123714121284235,12.5,12.5,12.5,12.0,12.5,True,False,True
2022-11-01,12.0,305,1,11,-0.858763958275803,0.5123714121284235,12.0,12.0,12.0,12.5,12.0,True,True,False
2022-11-02,12.0,306,2,11,-0.8498170915275277,0.5270777086423724,12.0,12.0,12.0,12.5,12.0,True,True,False
2022-11-02,12.5,306,2,11,-0.8498170915275277,0.5270777086423724,12.5,12.5,12.5,12.0,12.5,True,False,True
2022-11-03,12.0,307,3,11,-0.8406184056344783,0.5416278206559811,12.0,12.0,12.0,12.5,12.0,True,True,False
2022-11-03,12.5,307,3,11,-0.8406184056344783,0.5416278206559811,12.5,12.5,12.5,12.0,12.5,True,False,True
2022-11-04,12.5,308,4,11,-0.8311706263658079,0.5560174366570446,12.5,12.5,12.5,12.0,12.5,True,False,True
2022-11-04,12.0,308,4,11,-0.8311706263658079,0.5560174366570446,12.0,12.0,12.0,12.5,12.0,True,True,False
2022-11-05,12.0,309,5,11,-0.8214765533024145,0.5702422926917867,12.0,12.0,12.0,12.5,12.0,True,True,False
2022-11-05,12.5,309,5,11,-0.8214765533024145,0.5702422926917867,12.5,12.5,12.5,12.0,12.5,True,False,True
2022-11-06,12.0,310,6,11,-0.8115390590073611,0.5842981736283683,12.0,12.0,12.0,12.5,12.0,True,True,False
2022-11-06,12.5,310,6,11,-0.8115390590073611,0.5842981736283683,12.5,12.5,12.5,12.0,12.5,True,False,True
2022-11-07,12.0,311,0,11,-0.801361088174677,0.5981809144059158,12.0,12.0,12.0,12.5,12.0,True,True,False
2022-11-07,12.5,311,0,11,-0.801361088174677,0.5981809144059158,12.5,12.5,12.5,12.0,12.5,True,False,True
2022-11-08,12.5,312,1,11,-0.7909456567567774,0.6118864012687242,12.5,12.5,12.5,12.0,12.5,True,False,True
2022-11-08,12.0,312,1,11,-0.7909456567567774,0.6118864012687242,12.0,12.0,12.0,12.5,12.0,True,True,False
2022-11-09,12.5,313,2,11,-0.780295851070776,0.6254105729852457,12.5,12.5,12.5,12.0,12.5,True,False,True
2022-11-09,12.0,313,2,11,-0.780295851070776,0.6254105729852457,12.0,12.0,12.0,12.5,12.0,True,True,False
2022-11-10,12.5,314,3,11,-0.7694148268839381,0.6387494220515268,12.5,12.5,12.5,12.0,12.5,True,False,True
2022-11-10,12.0,314,3,11,-0.7694148268839381,0.6387494220515268,12.0,12.0,12.0,12.5,12.0,True,True,False
2022-11-11,12.0,315,4,11,-0.7583058084785625,0.6518989958787125,12.0,12.0,12.0,12.5,12.0,True,True,False
2022-11-11,12.5,315,4,11,-0.7583058084785625,0.6518989958787125,12.5,12.5,12.5,12.0,12.5,True,False,True
2022-11-12,12.0,316,5,11,-0.7469720876965551,0.6648553979642866,12.0,12.0,12.0,12.5,12.0,True,True,False
2022-11-12,12.5,316,5,11,-0.7469720876965551,0.6648553979642866,12.5,12.5,12.5,12.0,12.5,True,False,True
2022-11-13,12.5,317,6,11,-0.7354170229639858,0.6776147890466887,12.5,12.5,12.5,12.0,12.5,True,False,True
2022-11-13,12.0,317,6,11,-0.7354170229639858,0.6776147890466887,12.0,12.0,12.0,12.5,12.0,True,True,False
2022-11-14,12.0,318,0,11,-0.7236440382959124,0.690173388242972,12.0,12.0,12.0,12.5,12.0,True,True,False
2022-11-14,12.5,318,0,11,-0.7236440382959124,0.690173388242972,12.5,12.5,12.5,12.0,12.5,True,False,True
2022-11-15,12.5,319,1,11,-0.711656622281775,0.7025274741691566,12.5,12.5,12.5,12.0,12.5,True,False,True
2022-11-15,12.0,319,1,11,-0.711656622281775,0.7025274741691566,12.0,12.0,12.0,12.5,12.0,True,True,False
2022-11-16,12.0,320,2,11,-0.6994583270516471,0.7146733860429608,12.0,12.0,12.0,12.5,12.0,True,True,False
2022-11-16,12.5,320,2,11,-0.6994583270516471,0.7146733860429608,12.5,12.5,12.5,12.0,12.5,True,False,True
2022-11-17,12.5,321,3,11,-0.6870527672236675,0.7266075247685652,12.5,12.5,12.5,12.0,12.5,True,False,True
2022-11-17,12.0,321,3,11,-0.6870527672236675,0.7266075247685652,12.0,12.0,12.0,12.5,12.0,True,True,False
2022-11-18,12.0,322,4,11,-0.6744436188329457,0.7383263540031063,12.0,12.0,12.0,12.5,12.0,True,True,False
2022-11-18,12.5,322,4,11,-0.6744436188329457,0.7383263540031063,12.5,12.5,12.5,12.0,12.5,True,False,True
2022-11-19,12.0,323,5,11,-0.661634618242279,0.749826401204568,12.0,12.0,12.0,12.5,12.0,True,True,False
2022-11-19,12.5,323,5,11,-0.661634618242279,0.749826401204568,12.5,12.5,12.5,12.0,12.5,True,False,True
2022-11-20,12.0,324,6,11,-0.6486295610349818,0.7611042586607742,12.0,12.0,12.0,12.5,12.0,True,True,False
2022-11-20,12.5,324,6,11,-0.6486295610349818,0.7611042586607742,12.5,12.5,12.5,12.0,12.5,True,False,True
2022-11-21,12.5,325,0,11,-0.6354323008901775,0.7721565844991641,12.5,12.5,12.5,12.0,12.5,True,False,True
2022-11-21,12.0,325,0,11,-0.6354323008901775,0.7721565844991641,12.0,12.0,12.0,12.5,12.0,True,True,False
2022-11-22,12.5,326,1,11,-0.622046748440868,0.7829801036770624,12.5,12.5,12.5,12.0,12.5,True,False,True
2022-11-22,12.0,326,1,11,-0.622046748440868,0.7829801036770624,12.0,12.0,12.0,12.5,12.0,True,True,False
2022-11-23,12.0,327,2,11,-0.6084768701151264,0.7935716089521472,12.0,12.0,12.0,12.5,12.0,True,True,False
2022-11-23,12.5,327,2,11,-0.6084768701151264,0.7935716089521472,12.5,12.5,12.5,12.0,12.5,True,False,True
2022-11-24,12.5,328,3,11,-0.594726686960764,0.8039279618328208,12.5,12.5,12.5,12.0,12.5,True,False,True
2022-11-24,12.0,328,3,11,-0.594726686960764,0.8039279618328208,12.0,12.0,12.0,12.5,12.0,True,True,False
2022-11-25,12.0,329,4,11,-0.5808002734538013,0.8140460935082175,12.0,12.0,12.0,12.5,12.0,True,True,False
2022-11-25,12.5,329,4,11,-0.5808002734538013,0.8140460935082175,12.5,12.5,12.5,12.0,12.5,True,False,True
2022-11-26,12.5,330,5,11,-0.5667017562911184,0.8239230057575536,12.5,12.5,12.5,12.0,12.5,True,False,True
2022-11-26,12.0,330,5,11,-0.5667017562911184,0.8239230057575536,12.0,12.0,12.0,12.5,12.0,True,True,False
2022-11-27,12.0,331,6,11,-0.5524353131676203,0.8335557718385695,12.0,12.0,12.0,12.5,12.0,True,True,False
2022-11-27,12.5,331,6,11,-0.5524353131676203,0.8335557718385695,12.5,12.5,12.5,12.0,12.5,True,False,True
2022-11-28,12.5,332,0,11,-0.5380051715382992,0.8429415373547832,12.5,12.5,12.5,12.0,12.5,True,False,True
2022-11-28,12.0,332,0,11,-0.5380051715382992,0.8429415373547832,12.0,12.0,12.0,12.5,12.0,True,True,False
2022-11-29,12.5,333,1,11,-0.5234156073655503,0.8520775211013093,12.5,12.5,12.5,12.0,12.5,True,False,True
2022-11-29,12.0,333,1,11,-0.5234156073655503,0.8520775211013093,12.0,12.0,12.0,12.5,12.0,True,True,False
2022-11-30,12.5,334,2,11,-0.5086709438521042,0.8609610158889945,12.5,12.5,12.5,12.0,12.5,True,False,True
2022-11-30,12.0,334,2,11,-0.5086709438521042,0.8609610158889945,12.0,12.0,12.0,12.5,12.0,True,True,False
2022-12-01,12.5,335,3,12,-0.49377555015997737,0.8695893893466109,12.5,12.5,12.5,12.0,12.5,True,False,True
2022-12-01,12.5,335,3,12,-0.49377555015997737,0.8695893893466109,12.0,12.0,12.0,12.5,12.016666666666667,True,True,False
2022-12-02,13.0,336,4,12,-0.4787338401157883,0.8779600847008883,12.5,12.0,12.0,12.5,12.05,True,True,False
2022-12-02,12.5,336,4,12,-0.4787338401157883,0.8779600847008883,12.5,12.5,12.5,12.0,12.5,True,False,True
2022-12-03,12.5,337,5,12,-0.4635502709028512,0.8860706215341378,12.5,12.5,12.5,12.0,12.5,True,False,True
2022-12-03,13.0,337,5,12,-0.4635502709028512,0.8860706215341378,13.0,12.0,12.0,12.5,12.083333333333334,True,True,False
2022-12-04,12.5,338,6,12,-0.4482293417404106,0.893918596519257,12.5,12.5,12.5,12.0,12.5,True,False,True
2022-12-04,13.0,338,6,12,-0.4482293417404106,0.893918596519257,13.0,12.0,12.0,12.5,12.116666666666667,True,True,False
2022-12-05,12.5,339,0,12,-0.4327755925504317,0.9015016841318838,12.5,12.5,12.5,12.0,12.5,True,False,True
2022-12-05,13.0,339,0,12,-0.4327755925504317,0.9015016841318838,13.0,12.0,12.0,12.5,12.15,True,True,False
2022-12-06,12.5,340,1,12,-0.41719360261231697,0.9088176373395028,12.5,12.5,12.5,12.0,12.5,True,False,True
2022-12-06,13.0,340,1,12,-0.41719360261231697,0.9088176373395028,13.0,12.0,12.0,12.5,12.183333333333334,True,True,False
2022-12-07,13.0,341,2,12,-0.4014879892059737,0.9158642882672868,13.0,12.0,12.0,12.5,12.216666666666667,True,True,False
2022-12-07,12.5,341,2,12,-0.4014879892059737,0.9158642882672868,12.5,12.5,12.5,12.0,12.5,True,False,True
2022-12-08,13.0,342,3,12,-0.38566340624360745,0.9226395488404875,13.0,12.5,12.0,12.5,12.25,True,True,False
2022-12-08,12.5,342,3,12,-0.38566340624360745,0.9226395488404875,12.5,12.5,12.5,12.0,12.5,True,False,True
2022-12-09,13.0,343,4,12,-0.3697245428906732,0.9291414114031743,13.0,13.0,12.0,12.5,12.283333333333333,True,True,False
2022-12-09,12.5,343,4,12,-0.3697245428906732,0.9291414114031743,12.5,12.5,12.5,12.0,12.5,True,False,True
2022-12-10,12.5,344,5,12,-0.3536761221763721,0.935367949313148,12.5,12.5,12.5,12.0,12.5,True,False,True
2022-12-10,13.0,344,5,12,-0.3536761221763721,0.935367949313148,13.0,13.0,12.0,12.5,12.316666666666666,True,True,False
2022-12-11,12.5,345,6,12,-0.33752289959411347,0.941317317512847,12.5,12.5,12.5,12.0,12.5,True,False,True
2022-12-11,13.0,345,6,12,-0.33752289959411347,0.941317317512847,13.0,13.0,12.0,12.5,12.35,True,True,False
2022-12-12,12.5,346,0,12,-0.32126966169236515,0.9469877530760751,12.5,12.5,12.5,12.0,12.5,True,False,True
2022-12-12,13.0,346,0,12,-0.32126966169236515,0.9469877530760751,13.0,13.0,12.0,12.5,12.383333333333333,True,True,False
2022-12-13,12.5,347,1,12,-0.3049212246562894,0.9523775757303973,12.5,12.5,12.5,12.0,12.5,True,False,True
2022-12-13,13.0,347,1,12,-0.3049212246562894,0.9523775757303973,13.0,13.0,12.0,12.5,12.416666666666666,True,True,False
2022-12-14,12.5,348,2,12,-0.2884824328806098,0.9574851883550389,12.5,12.5,12.5,12.0,12.5,True,False,True
2022-12-14,13.0,348,2,12,-0.2884824328806098,0.9574851883550389,13.0,13.0,12.0,12.5,12.45,True,True,False
2022-12-15,12.5,349,3,12,-0.27195815753410524,0.9623090774541487,12.5,12.5,12.5,12.0,12.5,True,False,True
2022-12-15,13.0,349,3,12,-0.27195815753410524,0.9623090774541487,13.0,13.0,12.0,12.5,12.483333333333333,True,True,False
2022-12-16,12.5,350,4,12,-0.2553532951161881,0.9668478136052773,12.5,12.5,12.5,12.0,12.5,True,False,True
2022-12-16,13.0,350,4,12,-0.2553532951161881,0.9668478136052773,13.0,13.0,12.0,12.5,12.516666666666667,True,True,False
2022-12-17,12.5,351,5,12,-0.23867276600594997,0.9711000518829505,12.5,12.5,12.5,12.0,12.5,True,False,True
2022-12-17,13.0,351,5,12,-0.23867276600594997,0.9711000518829505,13.0,13.0,12.0,12.5,12.55,True,True,False
2022-12-18,12.5,352,6,12,-0.22192151300416674,0.9750645322571945,12.5,12.5,12.5,12.0,12.5,True,False,True
2022-12-18,13.0,352,6,12,-0.22192151300416674,0.9750645322571945,13.0,13.0,12.0,12.5,12.583333333333334,True,True,False
2022-12-19,13.0,353,0,12,-0.20510449986861926,0.9787400799669153,13.0,13.0,12.0,12.5,12.616666666666667,True,True,False
2022-12-19,12.5,353,0,12,-0.20510449986861926,0.9787400799669153,12.5,12.5,12.5,12.0,12.5,True,False,True
2022-12-20,12.5,354,1,12,-0.1882267098432439,0.9821256058680006,12.5,12.5,12.5,12.0,12.5,True,False,True
2022-12-20,13.0,354,1,12,-0.1882267098432439,0.9821256058680006,13.0,13.0,12.0,12.5,12.65,True,True,False
2022-12-21,12.5,355,2,12,-0.1712931441814778,0.9852201067560606,12.5,12.5,12.5,12.0,12.5,True,False,True
2022-12-21,13.0,355,2,12,-0.1712931441814778,0.9852201067560606,13.0,13.0,12.0,12.5,12.683333333333334,True,True,False
2022-12-22,12.5,356,3,12,-0.154308820664281,0.9880226656636976,12.5,12.5,12.5,12.0,12.5,True,False,True
2022-12-22,13.0,356,3,12,-0.154308820664281,0.9880226656636976,13.0,13.0,12.0,12.5,12.716666666666667,True,True,False
2022-12-23,13.0,357,4,12,-0.13727877211326517,0.9905324521322227,13.0,13.0,12.0,12.5,12.75,True,True,False
2022-12-23,12.5,357,4,12,-0.13727877211326517,0.9905324521322227,12.5,12.5,12.5,12.0,12.5,True,False,True
2022-12-24,13.0,358,5,12,-0.12020804489935275,0.9927487224577402,13.0,13.0,12.0,12.5,12.783333333333333,True,True,False
2022-12-24,12.5,358,5,12,-0.12020804489935275,0.9927487224577402,12.5,12.5,12.5,12.0,12.5,True,False,True
2022-12-25,13.0,359,6,12,-0.10310169744743544,0.9946708199115211,13.0,13.0,12.0,12.5,12.816666666666666,True,True,False
2022-12-25,12.5,359,6,12,-0.10310169744743544,0.9946708199115211,12.5,12.5,12.5,12.0,12.5,True,False,True
2022-12-26,13.0,360,0,12,-0.0859647987374467,0.9962981749346077,13.0,13.0,12.0,12.5,12.85,True,True,False
2022-12-26,12.5,360,0,12,-0.0859647987374467,0.9962981749346077,12.5,12.5,12.5,12.0,12.5,True,False,True
2022-12-27,12.5,361,1,12,-0.06880242680232064,0.9976303053065857,12.5,12.5,12.5,12.0,12.5,True,False,True
2022-12-27,13.0,361,1,12,-0.06880242680232064,0.9976303053065857,13.0,13.0,12.0,12.5,12.883333333333333,True,True,False
2022-12-28,12.5,362,2,12,-0.05161966722325418,0.9986668162884759,12.5,12.5,12.5,12.0,12.5,True,False,True
2022-12-28,13.0,362,2,12,-0.05161966722325418,0.9986668162884759,13.0,13.0,12.0,12.5,12.916666666666666,True,True,False
2022-12-29,13.0,363,3,12,-0.034421611622745804,0.9994074007397048,13.0,13.0,12.0,12.5,12.95,True,True,False
2022-12-29,12.5,363,3,12,-0.034421611622745804,0.9994074007397048,12.5,12.5,12.5,12.0,12.5,True,False,True
2022-12-30,12.5,364,4,12,-0.01721335615583528,0.9998518392091162,12.5,12.5,12.5,12.0,12.5,True,False,True
2022-12-30,13.0,364,4,12,-0.01721335615583528,0.9998518392091162,13.0,13.0,12.0,12.5,12.983333333333333,True,True,False
2022-12-31,12.5,365,5,12,6.432490598706546e-16,1.0,12.5,12.5,12.5,12.0,12.5,True,False,True
2022-12-31,13.0,365,5,12,6.432490598706546e-16,1.0,13.0,13.0,12.5,12.5,13.0,True,True,False
2023-01-01,13.0,1,6,1,0.017213356155834685,0.9998518392091162,13.0,13.0,13.0,12.5,13.0,True,True,False
2023-01-01,12.5,1,6,1,0.017213356155834685,0.9998518392091162,12.5,12.5,12.5,12.0,12.5,True,False,True
2023-01-02,13.0,2,0,1,0.03442161162274574,0.9994074007397048,13.0,13.0,13.0,12.5,13.0,True,True,False
2023-01-02,12.5,2,0,1,0.03442161162274574,0.9994074007397048,12.5,12.5,12.5,12.0,12.5,True,False,True
2023-01-03,13.0,3,1,1,0.051619667223253764,0.998666816288476,13.0,13.0,13.0,12.5,13.0,True,True,False
2023-01-03,12.5,3,1,1,0.051619667223253764,0.998666816288476,12.5,12.5,12.5,12.0,12.5,True,False,True
2023-01-04,13.0,4,2,1,0.06880242680231986,0.9976303053065857,13.0,13.0,13.0,12.5,13.0,True,True,False
2023-01-04,12.5,4,2,1,0.06880242680231986,0.9976303053065857,12.5,12.5,12.5,12.0,12.5,True,False,True
2023-01-05,13.0,5,3,1,0.08596479873744647,0.9962981749346078,13.0,13.0,13.0,12.5,13.0,True,True,False
2023-01-05,12.5,5,3,1,0.08596479873744647,0.9962981749346078,12.5,12.5,12.5,12.0,12.5,True,False,True
2023-01-06,13.0,6,4,1,0.10310169744743485,0.9946708199115211,13.0,13.0,13.0,12.5,13.0,True,True,False
2023-01-06,12.5,6,4,1,0.10310169744743485,0.9946708199115211,12.5,12.5,12.5,12.0,12.5,True,False,True
2023-01-07,12.5,7,5,1,0.1202080448993527,0.9927487224577402,12.5,12.5,12.5,12.0,12.5,True,False,True
2023-01-07,13.0,7,5,1,0.1202080448993527,0.9927487224577402,13.0,13.0,13.0,12.5,13.0,True,True,False
2023-01-08,13.0,8,6,1,0.13727877211326478,0.9905324521322229,13.0,13.0,13.0,12.5,13.0,True,True,False
2023-01-08,12.5,8,6,1,0.13727877211326478,0.9905324521322229,12.5,12.5,12.5,12.0,12.5,True,False,True
2023-01-09,12.5,9,0,1,0.15430882066428117,0.9880226656636976,12.5,12.5,12.5,12.0,12.5,True,False,True
2023-01-09,13.0,9,0,1,0.15430882066428117,0.9880226656636976,13.0,13.0,13.0,12.5,13.0,True,True,False
2023-01-10,12.5,10,1,1,0.1712931441814776,0.9852201067560606,12.5,12.5,12.5,12.0,12.5,True,False,True
2023-01-10,13.0,10,1,1,0.1712931441814776,0.9852201067560606,13.0,13.0,13.0,12.5,13.0,True,True,False
2023-01-11,13.0,11,2,1,0.1882267098432442,0.9821256058680006,13.0,13.0,13.0,12.5,13.0,True,True,False
2023-01-11,12.5,11,2,1,0.1882267098432442,0.9821256058680006,12.5,12.5,12.5,12.0,12.5,True,False,True
2023-01-12,13.0,12,3,1,0.2051044998686192,0.9787400799669153,13.0,13.0,13.0,12.5,13.0,True,True,False
2023-01-12,12.5,12,3,1,0.2051044998686192,0.9787400799669153,12.5,12.5,12.5,12.0,12.5,True,False,True
2023-01-13,13.0,13,4,1,0.2219215130041655,0.9750645322571948,13.0,13.0,13.0,12.5,13.0,True,True,False
2023-01-13,12.5,13,4,1,0.2219215130041655,0.9750645322571948,12.5,12.5,12.5,12.0,12.5,True,False,True
2023-01-14,13.0,14,5,1,0.2386727660059501,0.9711000518829505,13.0,13.0,13.0,12.5,13.0,True,True,False
2023-01-14,12.5,14,5,1,0.2386727660059501,0.9711000518829505,12.5,12.5,12.5,12.333333333333334,12.5,True,False,True
2023-01-15,13.0,15,6,1,0.255353295116187,0.9668478136052775,13.0,13.0,13.0,12.5,13.0,True,True,False
2023-01-15,12.5,15,6,1,0.255353295116187,0.9668478136052775,12.5,12.5,12.5,12.666666666666666,12.5,True,False,True
2023-01-16,13.0,16,0,1,0.2719581575341055,0.9623090774541486,13.0,13.0,13.0,12.5,13.0,True,True,False
2023-01-16,12.5,16,0,1,0.2719581575341055,0.9623090774541486,12.5,12.5,12.5,13.0,12.5,True,False,True
2023-01-17,12.5,17,1,1,0.288482432880609,0.9574851883550393,12.5,12.5,12.5,13.0,12.5,True,False,True
2023-01-17,13.0,17,1,1,0.288482432880609,0.9574851883550393,13.0,13.0,13.0,12.5,13.0,True,True,False
2023-01-18,13.0,18,2,1,0.30492122465628907,0.9523775757303974,13.0,13.0,13.0,12.5,13.0,True,True,False
2023-01-18,12.5,18,2,1,0.30492122465628907,0.9523775757303974,12.5,12.5,12.5,13.0,12.5,True,False,True
2023-01-19,12.5,19,3,1,0.3212696616923644,0.9469877530760753,12.5,12.5,12.5,13.0,12.5,True,False,True
2023-01-19,13.0,19,3,1,0.3212696616923644,0.9469877530760753,13.0,13.0,13.0,12.5,13.0,True,True,False
2023-01-20,12.5,20,4,1,0.3375228995941133,0.9413173175128471,12.5,12.5,12.5,13.0,12.5,True,False,True
2023-01-20,13.0,20,4,1,0.3375228995941133,0.9413173175128471,13.0,13.0,13.0,12.5,13.0,True,True,False
2023-01-21,13.0,21,5,1,0.3536761221763716,0.9353679493131483,13.0,13.0,13.0,12.5,13.0,True,True,False
2023-01-21,12.5,21,5,1,0.3536761221763716,0.9353679493131483,12.5,12.5,12.5,13.0,12.5,True,False,True
2023-01-22,12.5,22,6,1,0.3697245428906731,0.9291414114031743,12.5,12.5,12.5,13.0,12.5,True,False,True
2023-01-22,13.0,22,6,1,0.3697245428906731,0.9291414114031743,13.0,13.0,13.0,12.5,13.0,True,True,False
2023-01-23,13.0,23,0,1,0.38566340624360707,0.9226395488404876,13.0,13.0,13.0,12.5,13.0,True,True,False
2023-01-23,12.5,23,0,1,0.38566340624360707,0.9226395488404876,12.5,12.5,12.5,13.0,12.5,True,False,True
2023-01-24,12.5,24,1,1,0.401487989205973,0.9158642882672872,12.5,12.5,12.5,13.0,12.5,True,False,True
2023-01-24,13.0,24,1,1,0.401487989205973,0.9158642882672872,13.0,13.0,13.0,12.5,13.0,True,True,False
2023-01-25,13.0,25,2,1,0.4171936026123168,0.9088176373395029,13.0,13.0,13.0,12.5,13.0,True,True,False
2023-01-25,12.5,25,2,1,0.4171936026123168,0.9088176373395029,12.5,12.5,12.5,13.0,12.5,True,False,True
2023-01-26,13.0,26,3,1,0.4327755925504312,0.901501684131884,13.0,13.0,13.0,12.5,13.0,True,True,False
2023-01-26,12.5,26,3,1,0.4327755925504312,0.901501684131884,12.5,12.5,12.5,13.0,12.5,True,False,True
2023-01-27,12.5,27,4,1,0.4482293417404106,0.893918596519257,12.5,12.5,12.5,13.0,12.5,True,False,True
2023-01-27,13.0,27,4,1,0.4482293417404106,0.893918596519257,13.0,13.0,13.0,12.5,13.0,True,True,False
2023-01-28,13.0,28,5,1,0.4635502709028509,0.886070621534138,13.0,13.0,13.0,12.5,13.0,True,True,False
2023-01-28,12.5,28,5,1,0.4635502709028509,0.886070621534138,12.5,12.5,12.5,13.1,12.5,True,False,True
2023-01-29,12.5,29,6,1,0.47873384011578846,0.8779600847008882,12.5,12.5,12.5,13.2,12.5,True,False,True
2023-01-29,13.0,29,6,1,0.47873384011578846,0.8779600847008882,13.0,13.0,13.0,12.5,13.0,True,True,False
2023-01-30,13.0,30,0,1,0.49377555015997715,0.869589389346611,13.0,13.0,13.0,12.5,13.0,True,True,False
2023-01-30,12.5,30,0,1,0.49377555015997715,0.869589389346611,12.5,12.5,12.5,13.3,12.5,True,False,True
2023-01-31,13.0,31,1,1,0.5086709438521044,0.8609610158889943,13.0,13.0,13.0,12.5,13.0,True,True,False
2023-01-31,12.5,31,1,1,0.5086709438521044,0.8609610158889943,12.5,12.5,12.5,13.4,12.5,True,False,True
2023-02-01,13.0,32,2,2,0.5234156073655503,0.8520775211013093,13.0,13.0,13.0,12.5,13.0,True,True,False
2023-02-01,12.5,32,2,2,0.5234156073655503,0.8520775211013093,12.5,12.5,12.5,13.5,12.5,True,False,True
2023-02-02,13.0,33,3,2,0.5380051715382996,0.8429415373547828,13.0,13.0,13.0,12.5,13.0,True,True,False
2023-02-02,12.5,33,3,2,0.5380051715382996,0.8429415373547828,12.5,12.5,12.5,13.6,12.5,True,False,True
2023-02-03,12.5,34,4,2,0.5524353131676196,0.8335557718385699,12.5,12.5,12.5,13.7,12.5,True,False,True
2023-02-03,13.0,34,4,2,0.5524353131676196,0.8335557718385699,13.0,13.0,13.0,12.5,13.0,True,True,False
2023-02-04,13.0,35,5,2,0.5667017562911176,0.8239230057575542,13.0,13.0,13.0,12.5,13.0,True,True,False
2023-02-04,12.5,35,5,2,0.5667017562911176,0.8239230057575542,12.5,12.5,12.5,13.8,12.5,True,False,True
2023-02-05,12.5,36,6,2,0.5808002734538009,0.8140460935082178,12.5,12.5,12.5,13.9,12.5,True,False,True
2023-02-05,13.0,36,6,2,0.5808002734538009,0.8140460935082178,13.0,13.0,13.0,12.5,13.0,True,True,False
2023-02-06,13.0,37,0,2,0.5947266869607634,0.8039279618328213,13.0,13.0,13.0,12.5,13.0,True,True,False
2023-02-06,12.5,37,0,2,0.5947266869607634,0.8039279618328213,12.5,12.5,12.5,14.0,12.5,True,False,True
2023-02-07,13.0,38,1,2,0.6084768701151261,0.7935716089521474,13.0,13.0,13.0,12.5,13.0,True,True,False
2023-02-07,12.5,38,1,2,0.6084768701151261,0.7935716089521474,12.5,12.5,12.5,14.1,12.5,True,False,True
2023-02-08,12.5,39,2,2,0.6220467484408675,0.7829801036770629,12.5,12.5,12.5,14.2,12.5,True,False,True
2023-02-08,13.0,39,2,2,0.6220467484408675,0.7829801036770629,13.0,13.0,13.0,12.5,13.0,True,True,False
2023-02-09,13.0,40,3,2,0.6354323008901774,0.7721565844991642,13.0,13.0,13.0,12.5,13.0,True,True,False
2023-02-09,12.5,40,3,2,0.6354323008901774,0.7721565844991642,12.5,12.5,12.5,14.3,12.5,True,False,True
2023-02-10,12.5,41,4,2,0.6486295610349814,0.7611042586607747,12.5,12.5,12.5,14.4,12.5,True,False,True
2023-02-10,13.0,41,4,2,0.6486295610349814,0.7611042586607747,13.0,13.0,13.0,12.5,13.0,True,True,False
2023-02-11,12.5,42,5,2,0.6616346182422783,0.7498264012045686,12.5,12.5,12.5,14.5,12.5,True,False,True
2023-02-11,13.0,42,5,2,0.6616346182422783,0.7498264012045686,13.0,13.0,13.0,12.5,13.0,True,True,False
2023-02-12,12.5,43,6,2,0.6744436188329455,0.7383263540031065,12.5,12.5,12.5,14.6,12.5,True,False,True
2023-02-12,13.0,43,6,2,0.6744436188329455,0.7383263540031065,13.0,13.0,13.0,12.5,13.0,True,True,False
2023-02-13,12.5,44,0,2,0.6870527672236669,0.7266075247685656,12.5,12.5,12.5,14.7,12.5,True,False,True
2023-02-13,13.0,44,0,2,0.6870527672236669,0.7266075247685656,13.0,13.0,13.0,12.5,13.0,True,True,False
2023-02-14,13.0,45,1,2,0.699458327051647,0.7146733860429609,13.0,13.0,13.0,12.5,13.0,True,True,False
2023-02-14,12.5,45,1,2,0.699458327051647,0.7146733860429609,12.5,12.5,12.5,14.8,12.5,True,False,True
2023-02-15,12.5,46,2,2,0.7116566222817746,0.7025274741691571,12.5,12.5,12.5,14.9,12.5,True,False,True
2023-02-15,13.0,46,2,2,0.7116566222817746,0.7025274741691571,13.0,13.0,13.0,12.5,13.0,True,True,False
2023-02-16,13.0,47,3,2,0.7236440382959124,0.6901733882429719,13.0,13.0,13.0,12.5,13.0,True,True,False
2023-02-16,12.5,47,3,2,0.7236440382959124,0.6901733882429719,12.5,12.5,12.5,15.0,12.5,True,False,True
2023-02-17,13.0,48,4,2,0.7354170229639855,0.6776147890466889,13.0,13.0,13.0,12.5,13.0,True,True,False
2023-02-17,12.5,48,4,2,0.7354170229639855,0.6776147890466889,12.5,12.5,12.5,15.0,12.5,True,False,True
2023-02-18,12.5,49,5,2,0.7469720876965552,0.6648553979642865,12.5,12.5,12.5,15.0,12.5,True,False,True
2023-02-18,13.0,49,5,2,0.7469720876965552,0.6648553979642865,13.0,13.0,13.0,12.5,13.0,True,True,False
2023-02-19,13.0,50,6,2,0.7583058084785624,0.6518989958787126,13.0,13.0,13.0,12.5,13.0,True,True,False
2023-02-19,12.5,50,6,2,0.7583058084785624,0.6518989958787126,12.5,12.5,12.5,15.0,12.5,True,False,True
2023-02-20,12.5,51,0,2,0.7694148268839378,0.6387494220515272,12.5,12.5,12.5,15.0,12.5,True,False,True
2023-02-20,13.0,51,0,2,0.7694148268839378,0.6387494220515272,13.0,13.0,13.0,12.5,13.0,True,True,False
2023-02-21,12.5,52,1,2,0.7802958510707755,0.6254105729852463,12.5,12.5,12.5,15.0,12.5,True,False,True
2023-02-21,13.0,52,1,2,0.7802958510707755,0.6254105729852463,13.0,13.0,13.0,12.5,13.0,True,True,False
2023-02-22,13.0,53,2,2,0.7909456567567772,0.6118864012687243,13.0,13.0,13.0,12.5,13.0,True,True,False
2023-02-22,12.5,53,2,2,0.7909456567567772,0.6118864012687243,12.5,12.5,12.5,15.0,12.5,True,False,True
2023-02-23,13.0,54,3,2,0.8013610881746766,0.5981809144059165,13.0,13.0,13.0,12.5,13.0,True,True,False
2023-02-23,12.5,54,3,2,0.8013610881746766,0.5981809144059165,12.5,12.5,12.5,15.0,12.5,True,False,True
2023-02-24,13.0,55,4,2,0.8115390590073611,0.5842981736283684,13.0,13.0,13.0,12.5,13.0,True,True,False
2023-02-24,12.5,55,4,2,0.8115390590073611,0.5842981736283684,12.5,12.5,12.5,15.0,12.5,True,False,True
2023-02-25,12.5,56,5,2,0.8214765533024142,0.5702422926917871,12.5,12.5,12.5,15.0,12.5,True,False,True
2023-02-25,13.0,56,5,2,0.8214765533024142,0.5702422926917871,13.0,13.0,13.0,12.5,13.0,True,True,False
2023-02-26,13.0,57,6,2,0.8311706263658079,0.5560174366570446,13.0,13.0,13.0,12.5,13.0,True,True,False
2023-02-26,12.5,57,6,2,0.8311706263658079,0.5560174366570446,12.5,12.5,12.5,15.0,12.5,True,False,True
2023-02-27,13.0,58,0,2,0.8406184056344782,0.5416278206559814,13.0,13.0,13.0,12.5,13.0,True,True,False
2023-02-27,12.5,58,0,2,0.8406184056344782,0.5416278206559814,12.5,12.5,12.5,15.0,12.5,True,False,True
2023-02-28,13.0,59,1,2,0.8498170915275278,0.5270777086423722,13.0,13.0,13.0,12.5,13.0,True,True,False
2023-02-28,12.5,59,1,2,0.8498170915275278,0.5270777086423722,12.5,12.5,12.5,15.0,12.5,True,False,True
2023-03-01,13.0,60,2,3,0.8587639582758029,0.5123714121284237,13.0,13.0,13.0,12.5,13.0,True,True,False
2023-03-01,12.5,60,2,3,0.8587639582758029,0.5123714121284237,12.5,12.5,12.5,15.0,12.5,True,False,True
2023-03-02,12.5,61,3,3,0.8674563547295969,0.49751328890718066,12.5,12.5,12.5,15.0,12.5,True,False,True
2023-03-02,13.0,61,3,3,0.8674563547295969,0.49751328890718066,13.0,13.0,13.0,12.5,13.0,True,True,False
2023-03-03,13.0,62,4,3,0.8758917051442429,0.48250774176121847,13.0,13.0,13.0,12.5,13.0,True,True,False
2023-03-03,12.5,62,4,3,0.8758917051442429,0.48250774176121847,12.5,12.5,12.5,15.0,12.5,True,False,True
2023-03-04,13.0,63,5,3,0.8840675099433636,0.4673592171580022,13.0,13.0,13.0,12.5,13.0,True,True,False
2023-03-04,12.5,63,5,3,0.8840675099433636,0.4673592171580022,12.5,12.5,12.5,15.0,12.5,True,False,True
2023-03-05,13.0,64,6,3,0.8919813464595485,0.45207220393230435,13.0,13.0,13.0,12.5,13.0,True,True,False
2023-03-05,12.5,64,6,3,0.8919813464595485,0.45207220393230435,12.5,12.5,12.5,15.0,12.5,True,False,True
2023-03-06,13.0,65,0,3,0.8996308696522433,0.43665123195606403,13.0,13.0,13.0,12.5,13.0,True,True,False
2023-03-06,12.5,65,0,3,0.8996308696522433,0.43665123195606403,12.5,12.5,12.5,15.0,12.5,True,False,True
2023-03-07,12.5,66,1,3,0.9070138128026359,0.4211008707960896,12.5,12.5,12.5,15.0,12.5,True,False,True
2023-03-07,13.0,66,1,3,0.9070138128026359,0.4211008707960896,13.0,13.0,13.0,12.5,13.0,True,True,False
2023-03-08,12.5,67,2,3,0.9141279881853337,0.40542572835999735,12.5,12.5,12.5,15.0,12.5,True,False,True
2023-03-08,13.0,67,2,3,0.9141279881853337,0.40542572835999735,13.0,13.0,13.0,12.5,13.0,True,True,False
2023-03-09,12.5,68,3,3,0.9209712877166346,0.38963044953078796,12.5,12.5,12.5,15.0,12.5,True,False,True
2023-03-09,13.0,68,3,3,0.9209712877166346,0.38963044953078796,13.0,13.0,13.0,12.5,13.0,True,True,False
2023-03-10,13.0,69,4,3,0.9275416835791966,0.37371971479046906,13.0,13.0,13.0,12.5,13.0,True,True,False
2023-03-10,12.5,69,4,3,0.9275416835791966,0.37371971479046906,12.5,12.5,12.5,15.0,12.5,True,False,True
2023-03-11,13.0,70,5,3,0.9338372288229252,0.35769823883312546,13.0,13.0,13.0,12.5,13.0,True,True,False
2023-03-11,12.5,70,5,3,0.9338372288229252,0.35769823883312546,12.5,12.5,12.5,15.0,12.5,True,False,True
2023-03-12,13.0,71,6,3,0.9398560579418954,0.3415707691678556,13.0,13.0,13.0,12.5,13.0,True,True,False
2023-03-12,12.5,71,6,3,0.9398560579418954,0.3415707691678556,12.5,12.5,12.5,15.0,12.5,True,False,True
2023-03-13,13.0,72,0,3,0.9455963874271426,0.3253420847119801,13.0,13.0,13.0,12.5,13.0,True,True,False
2023-03-13,12.5,72,0,3,0.9455963874271426,0.3253420847119801,12.5,12.5,12.5,15.0,12.5,True,False,True
2023-03-14,13.0,73,1,3,0.9510565162951535,0.30901699437494745,13.0,13.0,13.0,12.5,13.0,True,True,False
2023-03-14,12.5,73,1,3,0.9510565162951535,0.30901699437494745,12.5,12.5,12.5,15.0,12.5,True,False,True
2023-03-15,13.0,74,2,3,0.9562348265919056,0.29260033563334836,13.0,13.0,13.0,12.5,13.0,True,True,False
2023-03-15,12.5,74,2,3,0.9562348265919056,0.29260033563334836,12.5,12.5,12.5,15.0,12.5,True,False,True
2023-03-16,12.5,75,3,3,0.9611297838723007,0.27609697309746883,12.5,12.5,12.5,15.0,12.5,True,False,True
2023-03-16,13.0,75,3,3,0.9611297838723007,0.27609697309746883,13.0,13.0,13.0,12.5,13.0,True,True,False
2023-03-17,12.5,76,4,3,0.9657399376548549,0.2595117970697999,12.5,12.5,12.5,15.0,12.5,True,False,True
2023-03-17,13.0,76,4,3,0.9657399376548549,0.2595117970697999,13.0,13.0,13.0,12.5,13.0,True,True,False
2023-03-18,12.5,77,5,3,0.9700639218515071,0.2428497220959356,12.5,12.5,12.5,15.0,12.5,True,False,True
2023-03-18,13.0,77,5,3,0.9700639218515071,0.2428497220959356,13.0,13.0,13.0,12.5,13.0,True,True,False
2023-03-19,13.0,78,6,3,0.9741004551724205,0.22611568550828828,13.0,13.0,13.0,12.5,13.0,True,True,False
2023-03-19,12.5,78,6,3,0.9741004551724205,0.22611568550828828,12.5,12.5,12.5,15.0,12.5,True,False,True
2023-03-20,13.0,79,0,3,0.9778483415056568,0.20931464596304847,13.0,13.0,13.0,12.5,13.0,True,True,False
2023-03-20,12.5,79,0,3,0.9778483415056568,0.20931464596304847,12.5,12.5,12.5,15.0,12.5,True,False,True
2023-03-21,13.0,80,1,3,0.9813064702716093,0.19245158197082998,13.0,13.0,13.0,12.5,13.0,True,True,False
2023-03-21,12.5,80,1,3,0.9813064702716093,0.19245158197082998,12.5,12.5,12.5,15.0,12.5,True,False,True
2023-03-22,13.0,81,2,3,0.9844738167520922,0.1755314904214282,13.0,13.0,13.0,12.5,13.0,True,True,False
2023-03-22,12.5,81,2,3,0.9844738167520922,0.1755314904214282,12.5,12.5,12.5,15.0,12.5,True,False,True
2023-03-23,13.0,82,3,3,0.9873494423939864,0.15855938510313475,13.0,13.0,13.0,12.5,13.0,True,True,False
2023-03-23,12.5,82,3,3,0.9873494423939864,0.15855938510313475,12.5,12.5,12.5,15.0,12.5,True,False,True
2023-03-24,13.0,83,4,3,0.989932495087353,0.141540295217043,13.0,13.0,13.0,12.5,13.0,True,True,False
2023-03-24,12.5,83,4,3,0.989932495087353,0.141540295217043,12.5,12.5,12.5,15.0,12.5,True,False,True
2023-03-25,13.0,84,5,3,0.9922222094179323,0.12447926388678915,13.0,13.0,13.0,12.5,13.0,True,True,False
2023-03-25,12.5,84,5,3,0.9922222094179323,0.12447926388678915,12.5,12.5,12.5,15.0,12.5,True,False,True
2023-03-26,12.5,85,6,3,0.994217906893952,0.10738134666416309,12.5,12.5,12.5,15.0,12.5,True,False,True
2023-03-26,13.0,85,6,3,0.994217906893952,0.10738134666416309,13.0,13.0,13.0,12.5,13.0,True,True,False
2023-03-27,12.5,86,0,3,0.995918996147179,0.09025161003104117,12.5,12.5,12.5,15.0,12.5,True,False,True
2023-03-27,13.0,86,0,3,0.995918996147179,0.09025161003104117,13.0,13.0,13.0,12.5,13.0,True,True,False
2023-03-28,13.0,87,1,3,0.9973249731081555,0.07309512989807777,13.0,13.0,13.0,12.5,13.0,True,True,False
2023-03-28,12.5,87,1,3,0.9973249731081555,0.07309512989807777,12.5,12.5,12.5,15.0,12.5,True,False,True
2023-03-29,13.5,88,2,3,0.9984354211555643,0.055916990100603484,13.0,13.0,13.0,12.5,13.016666666666667,True,True,False
2023-03-29,12.5,88,2,3,0.9984354211555643,0.055916990100603484,12.5,12.5,12.5,15.0,12.5,True,False,True
2023-03-30,13.5,89,3,3,0.9992500112396835,0.03872228089217446,13.5,13.0,13.0,12.5,13.033333333333333,True,True,False
2023-03-30,12.5,89,3,3,0.9992500112396835,0.03872228089217446,12.5,12.5,12.5,15.0,12.5,True,False,True
2023-03-31,13.5,90,4,3,0.9997685019798909,0.021516097436222254,13.5,13.0,13.0,12.5,13.05,True,True,False
2023-03-31,12.5,90,4,3,0.9997685019798909,0.021516097436222254,12.5,12.5,12.5,15.0,12.5,True,False,True
2023-04-01,12.5,91,5,4,0.9999907397361901,0.004303538296244289,12.5,12.5,12.5,15.0,12.5,True,False,True
2023-04-01,13.5,91,5,4,0.9999907397361901,0.004303538296244289,13.5,13.0,13.0,12.5,13.066666666666666,True,True,False
2023-04-02,12.5,92,6,4,0.9999166586547379,-0.01291029607500882,12.5,12.5,12.5,15.0,12.5,True,False,True
2023-04-02,13.5,92,6,4,0.9999166586547379,-0.01291029607500882,13.5,13.0,13.0,12.5,13.083333333333334,True,True,False
2023-04-03,12.5,93,0,4,0.9995462806873573,-0.030120304846908114,12.5,12.5,12.5,15.0,12.5,True,False,True
2023-04-03,13.5,93,0,4,0.9995462806873573,-0.030120304846908114,13.5,13.0,13.0,12.5,13.1,True,True,False
2023-04-04,12.5,94,1,4,0.9988797155850336,-0.04732138832243185,12.5,12.5,12.5,15.0,12.5,True,False,True
2023-04-04,13.5,94,1,4,0.9988797155850336,-0.04732138832243185,13.5,13.0,13.0,12.5,13.116666666666667,True,True,False
2023-04-05,12.5,95,2,4,0.9979171608653922,-0.06450844944931623,12.5,12.5,12.5,15.0,12.5,True,False,True
2023-04-05,13.5,95,2,4,0.9979171608653922,-0.06450844944931623,13.5,13.5,13.0,12.5,13.133333333333333,True,True,False
2023-04-06,13.5,96,3,4,0.9966589017541702,-0.08167639533042241,13.5,13.5,13.0,12.5,13.15,True,True,False
2023-04-06,12.5,96,3,4,0.9966589017541702,-0.08167639533042241,12.5,12.5,12.5,15.0,12.5,True,False,True
2023-04-07,13.5,97,4,4,0.9951053111006976,-0.09882013873287143,13.5,13.5,13.0,12.5,13.166666666666666,True,True,False
2023-04-07,12.5,97,4,4,0.9951053111006976,-0.09882013873287143,12.5,12.5,12.5,15.0,12.5,True,False,True
2023-04-08,13.5,98,5,4,0.9932568492674143,-0.11593459959550041,13.5,13.5,13.0,12.5,13.183333333333334,True,True,False
2023-04-08,12.5,98,5,4,0.9932568492674143,-0.11593459959550041,12.5,12.5,12.5,15.0,12.5,True,False,True
2023-04-09,12.5,99,6,4,0.9911140639934547,-0.1330147065341959,12.5,12.5,12.5,15.0,12.5,True,False,True
2023-04-09,13.5,99,6,4,0.9911140639934547,-0.1330147065341959,13.5,13.5,13.0,12.5,13.2,True,True,False
2023-04-10,13.5,100,0,4,0.9886775902323405,-0.1500553983446526,13.5,13.5,13.0,12.5,13.216666666666667,True,True,False
2023-04-10,12.5,100,0,4,0.9886775902323405,-0.1500553983446526,12.5,12.5,12.5,14.0,12.5,True,False,True
2023-04-11,12.5,101,1,4,0.9859481499638304,-0.16705162550211924,12.5,12.5,12.5,13.0,12.5,True,False,True
2023-04-11,13.5,101,1,4,0.9859481499638304,-0.16705162550211924,13.5,13.5,13.0,12.5,13.233333333333333,True,True,False
2023-04-12,12.5,102,2,4,0.9829265519799822,-0.18399835165768005,12.5,12.5,12.5,13.0,12.5,True,False,True
2023-04-12,13.5,102,2,4,0.9829265519799822,-0.18399835165768005,13.5,13.5,13.0,12.5,13.25,True,True,False
2023-04-13,12.5,103,3,4,0.9796136916454901,-0.20089055513063506,12.5,12.5,12.5,13.0,12.5,True,False,True
2023-04-13,13.5,103,3,4,0.9796136916454901,-0.20089055513063506,13.5,13.5,13.0,12.5,13.266666666666667,True,True,False
2023-04-14,13.5,104,4,4,0.9760105506323683,-0.21772323039653177,13.5,13.5,13.0,12.5,13.283333333333333,True,True,False
2023-04-14,12.5,104,4,4,0.9760105506323683,-0.21772323039653177,12.5,12.5,12.5,13.0,12.5,True,False,True
2023-04-15,13.5,105,5,4,0.9721181966290613,-0.23449138957040985,13.5,13.5,13.0,12.5,13.3,True,True,False
2023-04-15,12.5,105,5,4,0.9721181966290613,-0.23449138957040985,12.5,12.5,12.5,13.0,12.5,True,False,True
2023-04-16,13.5,106,6,4,0.9679377830240642,-0.25119006388481935,13.5,13.5,13.0,12.5,13.316666666666666,True,True,False
2023-04-16,12.5,106,6,4,0.9679377830240642,-0.25119006388481935,12.5,12.5,12.5,13.0,12.5,True,False,True
2023-04-17,12.5,107,0,4,0.9634705485641488,-0.2678143051621742,12.5,12.5,12.5,13.0,12.5,True,False,True
2023-04-17,13.5,107,0,4,0.9634705485641488,-0.2678143051621742,13.5,13.5,13.0,12.5,13.333333333333334,True,True,False
2023-04-18,13.5,108,1,4,0.9587178169872964,-0.2843591872810034,13.5,13.5,13.0,12.5,13.35,True,True,False
2023-04-18,12.5,108,1,4,0.9587178169872964,-0.2843591872810034,12.5,12.5,12.5,13.0,12.5,True,False,True
2023-04-19,13.5,109,2,4,0.9536809966304457,-0.30081980763566735,13.5,13.5,13.0,12.5,13.366666666666667,True,True,False
2023-04-19,12.5,109,2,4,0.9536809966304457,-0.30081980763566735,12.5,12.5,12.5,13.0,12.5,True,False,True
2023-04-20,12.5,110,3,4,0.9483615800121715,-0.3171912885891061,12.5,12.5,12.5,13.0,12.5,True,False,True
2023-04-20,13.5,110,3,4,0.9483615800121715,-0.3171912885891061,13.5,13.5,13.0,12.5,13.383333333333333,True,True,False
2023-04-21,13.5,111,4,4,0.9427611433904207,-0.3334687789181868,13.5,13.5,13.0,12.5,13.4,True,True,False
2023-04-21,12.5,111,4,4,0.9427611433904207,-0.3334687789181868,12.5,12.5,12.5,13.0,12.5,True,False,True
2023-04-22,13.5,112,5,4,0.9368813462954315,-0.3496474552512284,13.5,13.5,13.0,12.5,13.416666666666666,True,True,False
2023-04-22,12.5,112,5,4,0.9368813462954315,-0.3496474552512284,12.5,12.5,12.5,13.0,12.5,True,False,True
2023-04-23,13.5,113,6,4,0.9307239310379795,-0.36572252349726897,13.5,13.5,13.0,12.5,13.433333333333334,True,True,False
2023-04-23,12.5,113,6,4,0.9307239310379795,-0.36572252349726897,12.5,12.5,12.5,13.0,12.5,True,False,True
2023-04-24,13.5,114,0,4,0.9242907221930933,-0.3816892202666588,13.5,13.5,13.0,12.5,13.45,True,True,False
2023-04-24,12.5,114,0,4,0.9242907221930933,-0.3816892202666588,12.5,12.5,12.5,13.0,12.5,True,False,True
2023-04-25,12.5,115,1,4,0.9175836260593937,-0.39754281428255595,12.5,12.5,12.5,13.0,12.5,True,False,True
2023-04-25,13.5,115,1,4,0.9175836260593937,-0.39754281428255595,13.5,13.5,13.0,12.5,13.466666666666667,True,True,False
2023-04-26,12.5,116,2,4,0.9106046300942162,-0.4132786077829042,12.5,12.5,12.5,13.0,12.5,True,False,True
2023-04-26,13.5,116,2,4,0.9106046300942162,-0.4132786077829042,13.5,13.5,13.0,12.5,13.483333333333333,True,True,False
2023-04-27,12.5,117,3,4,0.9033558023246845,-0.4288919379124835,12.5,12.5,12.5,13.0,12.5,True,False,True
2023-04-27,13.5,117,3,4,0.9033558023246845,-0.4288919379124835,13.5,13.5,13.0,12.5,13.5,True,True,False
2023-04-28,13.5,118,4,4,0.895839290734909,-0.4443781781046132,13.5,13.5,13.5,12.5,13.5,True,True,False
2023-04-28,12.5,118,4,4,0.895839290734909,-0.4443781781046132,12.5,12.5,12.5,13.0,12.5,True,False,True
2023-04-29,13.5,119,5,4,0.8880573226294932,-0.45973273945210397,13.5,13.5,13.5,12.5,13.5,True,True,False
2023-04-29,12.5,119,5,4,0.8880573226294932,-0.45973273945210397,12.5,12.5,12.5,13.0,12.5,True,False,True
2023-04-30,13.5,120,6,4,0.8800122039735357,-0.47495107206704995,13.5,13.5,13.5,12.5,13.5,True,True,False
2023-04-30,12.5,120,6,4,0.8800122039735357,-0.47495107206704995,12.5,12.5,12.5,13.0,12.5,True,False,True
2023-05-01,13.5,121,0,5,0.8717063187093218,-0.4900286664290592,13.5,13.5,13.5,12.5,13.5,True,True,False
2023-05-01,12.5,121,0,5,0.8717063187093218,-0.4900286664290592,12.5,12.5,12.5,13.0,12.5,True,False,True
2023-05-02,12.5,122,1,5,0.8631421280499114,-0.5049610547215204,12.5,12.5,12.5,13.0,12.5,True,False,True
2023-05-02,13.5,122,1,5,0.8631421280499114,-0.5049610547215204,13.5,13.5,13.5,12.5,13.5,True,True,False
2023-05-03,12.5,123,2,5,0.854322169749827,-0.5197438121555155,12.5,12.5,12.5,13.0,12.5,True,False,True
2023-05-03,13.5,123,2,5,0.854322169749827,-0.5197438121555155,13.5,13.5,13.5,12.5,13.5,True,True,False
2023-05-04,12.5,124,3,5,0.8452490573530633,-0.5343725582809786,12.5,12.5,12.5,13.0,12.5,True,False,True
2023-05-04,13.5,124,3,5,0.8452490573530633,-0.5343725582809786,13.5,13.5,13.5,12.5,13.5,True,True,False
2023-05-05,13.5,125,4,5,0.8359254794186372,-0.548842958284719,13.5,13.5,13.5,12.5,13.5,True,True,False
2023-05-05,12.5,125,4,5,0.8359254794186372,-0.548842958284719,12.5,12.5,12.5,13.0,12.5,True,False,True
2023-05-06,13.5,126,5,5,0.8263541987239096,-0.5631507242749186,13.5,13.5,13.5,12.5,13.5,True,True,False
2023-05-06,12.5,126,5,5,0.8263541987239096,-0.5631507242749186,12.5,12.5,12.5,13.0,12.5,True,False,True
2023-05-07,13.5,127,6,5,0.8165380514459161,-0.5772916165517272,13.5,13.5,13.5,12.5,13.5,True,True,False
2023-05-07,12.5,127,6,5,0.8165380514459161,-0.5772916165517272,12.5,12.5,12.5,13.0,12.5,True,False,True
2023-05-08,12.5,128,0,5,0.8064799463209448,-0.5912614448635781,12.5,12.5,12.5,13.0,12.5,True,False,True
2023-05-08,13.5,128,0,5,0.8064799463209448,-0.5912614448635781,13.5,13.5,13.5,12.5,13.5,True,True,False
2023-05-09,12.5,129,1,5,0.7961828637826158,-0.6050560696488488,12.5,12.5,12.5,13.0,12.5,True,False,True
2023-05-09,13.5,129,1,5,0.7961828637826158,-0.6050560696488488,13.5,13.5,13.5,12.5,13.5,True,True,False
2023-05-10,12.5,130,2,5,0.7856498550787147,-0.6186714032625031,12.5,12.5,12.5,13.0,12.5,True,False,True
2023-05-10,13.5,130,2,5,0.7856498550787147,-0.6186714032625031,13.5,13.5,13.5,12.5,13.5,True,True,False
2023-05-11,12.5,131,3,5,0.7748840413670407,-0.6321034111873487,12.5,12.5,12.5,13.0,12.5,True,False,True
2023-05-11,13.5,131,3,5,0.7748840413670407,-0.6321034111873487,13.5,13.5,13.5,12.5,13.5,True,True,False
2023-05-12,12.5,132,4,5,0.7638886127905428,-0.6453481132295501,12.5,12.5,12.5,13.0,12.5,True,False,True
2023-05-12,13.5,132,4,5,0.7638886127905428,-0.6453481132295501,13.5,13.5,13.5,12.5,13.5,True,True,False
2023-05-13,13.5,133,5,5,0.7526668275320085,-0.6584015846980488,13.5,13.5,13.5,12.5,13.5,True,True,False
2023-05-13,12.5,133,5,5,0.7526668275320085,-0.6584015846980488,12.5,12.5,12.5,13.0,12.5,True,False,True
2023-05-14,13.5,134,6,5,0.7412220108485958,-0.6712599575675313,13.5,13.5,13.5,12.5,13.5,True,True,False
2023-05-14,12.5,134,6,5,0.7412220108485958,-0.6712599575675313,12.5,12.5,12.5,13.0,12.5,True,False,True
2023-05-15,12.5,135,0,5,0.7295575540864875,-0.6839194216246106,12.5,12.5,12.5,13.0,12.5,True,False,True
2023-05-15,13.5,135,0,5,0.7295575540864875,-0.6839194216246106,13.5,13.5,13.5,12.5,13.5,True,True,False
2023-05-16,13.5,136,1,5,0.717676913675962,-0.6963762255968722,13.5,13.5,13.5,12.5,13.5,True,True,False
2023-05-16,12.5,136,1,5,0.717676913675962,-0.6963762255968722,12.5,12.5,12.5,13.0,12.5,True,False,True
2023-05-17,12.5,137,2,5,0.705583610107178,-0.7086266782644596,12.5,12.5,12.5,13.0,12.5,True,False,True
2023-05-17,13.5,137,2,5,0.705583610107178,-0.7086266782644596,13.5,13.5,13.5,12.5,13.5,True,True,False
2023-05-18,12.5,138,3,5,0.6932812268869777,-0.7206671495538609,12.5,12.5,12.5,13.0,12.5,True,False,True
2023-05-18,13.5,138,3,5,0.6932812268869777,-0.7206671495538609,13.5,13.5,13.5,12.5,13.5,True,True,False
2023-05-19,12.5,139,4,5,0.6807734094770161,-0.7324940716135789,12.5,12.5,12.5,12.973684210526315,12.5,True,False,True
2023-05-19,13.5,139,4,5,0.6807734094770161,-0.7324940716135789,13.5,13.5,13.5,12.5,13.5,True,True,False
2023-05-20,13.5,140,5,5,0.6680638642135335,-0.7441039398713607,13.5,13.5,13.5,12.5,13.5,True,True,False
2023-05-20,12.5,140,5,5,0.6680638642135335,-0.7441039398713607,12.5,12.5,12.5,12.947368421052632,12.5,True,False,True
2023-05-21,12.5,141,6,5,0.6551563572090853,-0.7554933140726803,12.5,12.5,12.5,12.921052631578947,12.5,True,False,True
2023-05-21,13.5,141,6,5,0.6551563572090853,-0.7554933140726803,13.5,13.5,13.5,12.5,13.5,True,True,False
2023-05-22,13.5,142,0,5,0.6420547132365637,-0.766658819300159,13.5,13.5,13.5,12.5,13.5,True,True,False
2023-05-22,12.5,142,0,5,0.6420547132365637,-0.766658819300159,12.5,12.5,12.5,12.894736842105264,12.5,True,False,True
2023-05-23,13.5,143,1,5,0.6287628145958344,-0.7775971469736269,13.5,13.5,13.5,12.5,13.5,True,True,False
2023-05-23,12.5,143,1,5,0.6287628145958344,-0.7775971469736269,12.5,12.5,12.5,12.868421052631579,12.5,True,False,True
2023-05-24,12.5,144,2,5,0.6152845999633276,-0.7883050558305255,12.5,12.5,12.5,12.842105263157896,12.5,True,False,True
2023-05-24,13.5,144,2,5,0.6152845999633276,-0.7883050558305255,13.5,13.5,13.5,12.5,13.5,True,True,False
2023-05-25,12.5,145,3,5,0.6016240632249226,-0.7987793728863649,12.5,12.5,12.5,12.81578947368421,12.5,True,False,True
2023-05-25,13.5,145,3,5,0.6016240632249226,-0.7987793728863649,13.5,13.5,13.5,12.5,13.5,True,True,False
2023-05-26,13.5,146,4,5,0.5877852522924732,-0.8090169943749473,13.5,13.5,13.5,12.5,13.5,True,True,False
2023-05-26,12.5,146,4,5,0.5877852522924732,-0.8090169943749473,12.5,12.5,12.5,12.789473684210526,12.5,True,False,True
2023-05-27,12.5,147,5,5,0.5737722679043246,-0.8190148866680801,12.5,12.5,12.5,12.763157894736842,12.5,True,False,True
2023-05-27,13.5,147,5,5,0.5737722679043246,-0.8190148866680801,13.5,13.5,13.5,12.5,13.5,True,True,False
2023-05-28,13.5,148,6,5,0.5595892624101765,-0.8287700871745038,13.5,13.5,13.5,12.5,13.5,True,True,False
2023-05-28,12.5,148,6,5,0.5595892624101765,-0.8287700871745038,12.5,12.5,12.5,12.736842105263158,12.5,True,False,True
2023-05-29,13.5,149,0,5,0.545240438540651,-0.8382797052177744,13.5,13.5,13.5,12.5,13.5,True,True,False
2023-05-29,12.5,149,0,5,0.545240438540651,-0.8382797052177744,12.5,12.5,12.5,12.710526315789474,12.5,True,False,True
2023-05-30,13.5,150,1,5,0.5307300481619334,-0.8475409228928311,13.5,13.5,13.5,12.5,13.5,True,True,False
2023-05-30,12.5,150,1,5,0.5307300481619334,-0.8475409228928311,12.5,12.5,12.5,12.68421052631579,12.5,True,False,True
2023-05-31,13.5,151,2,5,0.5160623910158528,-0.8565509959010036,13.5,13.5,13.5,12.5,13.5,True,True,False
2023-05-31,12.5,151,2,5,0.5160623910158528,-0.8565509959010036,12.5,12.5,12.5,12.657894736842106,12.5,True,False,True
2023-06-01,13.5,152,3,6,0.5012418134457758,-0.865307254363206,13.5,13.5,13.5,12.5,13.5,True,True,False
2023-06-01,12.5,152,3,6,0.5012418134457758,-0.865307254363206,12.5,12.5,12.5,12.631578947368421,12.5,True,False,True
2023-06-02,13.5,153,4,6,0.48627270710868997,-0.8738071036110808,13.5,13.5,13.5,12.5,13.5,True,True,False
2023-06-02,12.5,153,4,6,0.48627270710868997,-0.8738071036110808,12.5,12.5,12.5,12.605263157894736,12.5,True,False,True
2023-06-03,12.5,154,5,6,0.4711595076738638,-0.8820480249558537,12.5,12.5,12.5,12.578947368421053,12.5,True,False,True
2023-06-03,13.5,154,5,6,0.4711595076738638,-0.8820480249558537,13.5,13.5,13.5,12.5,13.5,True,True,False
2023-06-04,12.5,155,6,6,0.4559066935084588,-0.8900275764346767,12.5,12.5,12.5,12.552631578947368,12.5,True,False,True
2023-06-04,13.5,155,6,6,0.4559066935084588,-0.8900275764346767,13.5,13.5,13.5,12.5,13.5,True,True,False
2023-06-05,13.5,156,0,6,0.440518784350495,-0.8977433935342337,13.5,13.5,13.5,12.5,13.5,True,True,False
2023-06-05,12.5,156,0,6,0.440518784350495,-0.8977433935342337,12.5,12.5,12.5,12.526315789473685,12.5,True,False,True
2023-06-06,12.5,157,1,6,0.42500033996955416,-0.9051931898913974,12.5,12.5,12.5,12.5,12.5,True,False,True
2023-06-06,13.5,157,1,6,0.42500033996955416,-0.9051931898913974,13.5,13.5,13.5,12.5,13.5,True,True,False
2023-06-07,13.5,158,2,6,0.4093559588156213,-0.9123747579707273,13.5,13.5,13.5,12.5,13.5,True,True,False
2023-06-07,12.5,158,2,6,0.4093559588156213,-0.9123747579707273,12.5,12.5,12.5,12.5,12.5,True,False,True
2023-06-08,13.5,159,3,6,0.39359027665646673,-0.9192859697186104,13.5,13.5,13.5,12.5,13.5,True,True,False
2023-06-08,12.5,159,3,6,0.39359027665646673,-0.9192859697186104,12.5,12.5,12.5,12.5,12.5,True,False,True
2023-06-09,13.5,160,4,6,0.3777079652039649,-0.9259247771938498,13.5,13.5,13.5,12.5,13.5,True,True,False
2023-06-09,12.5,160,4,6,0.3777079652039649,-0.9259247771938498,12.5,12.5,12.5,12.5,12.5,True,False,True
2023-06-10,13.5,161,5,6,0.36171373072976765,-0.9322892131745133,13.5,13.5,13.5,12.5,13.5,True,True,False
2023-06-10,12.5,161,5,6,0.36171373072976765,-0.9322892131745133,12.5,12.5,12.5,12.5,12.5,True,False,True
2023-06-11,13.5,162,6,6,0.3456123126707335,-0.9383773917408641,13.5,13.5,13.5,12.5,13.5,True,True,False
2023-06-11,12.5,162,6,6,0.3456123126707335,-0.9383773917408641,12.5,12.5,12.5,12.5,12.5,True,False,True
2023-06-12,12.5,163,0,6,0.3294084822245304,-0.9441875088341993,12.5,12.5,12.5,12.5,12.5,True,False,True
2023-06-12,13.5,163,0,6,0.3294084822245304,-0.9441875088341993,13.5,13.5,13.5,12.5,13.5,True,True,False
2023-06-13,13.5,164,1,6,0.3131070409358269,-0.9497178427914316,13.5,13.5,13.5,12.5,13.5,True,True,False
2023-06-13,12.5,164,1,6,0.3131070409358269,-0.9497178427914316,12.5,12.5,12.5,12.5,12.5,True,False,True
2023-06-14,12.5,165,2,6,0.29671281927349075,-0.9549667548552551,12.5,12.5,12.5,12.5,12.5,True,False,True
2023-06-14,13.5,165,2,6,0.29671281927349075,-0.9549667548552551,13.5,13.5,13.5,12.5,13.5,True,True,False
2023-06-15,12.5,166,3,6,0.28023067519921585,-0.9599326896597447,12.5,12.5,12.5,12.5,12.5,True,False,True
2023-06-15,13.5,166,3,6,0.28023067519921585,-0.9599326896597447,13.5,13.5,13.5,12.5,13.5,True,True,False
2023-06-16,12.5,167,4,6,0.26366549272800704,-0.9646141756912435,12.5,12.5,12.5,12.5,12.5,True,False,True
2023-06-16,13.5,167,4,6,0.26366549272800704,-0.9646141756912435,13.5,13.5,13.5,12.5,13.5,True,True,False
2023-06-17,13.5,168,5,6,0.24702218048093552,-0.9690098257244062,13.5,13.5,13.5,12.5,13.5,True,True,False
2023-06-17,12.5,168,5,6,0.24702218048093552,-0.9690098257244062,12.5,12.5,12.5,12.5,12.5,True,False,True
2023-06-18,13.5,169,6,6,0.23030567023061221,-0.9731183372332619,13.5,13.5,13.5,12.5,13.5,True,True,False
2023-06-18,12.5,169,6,6,0.23030567023061221,-0.9731183372332619,12.5,12.5,12.5,12.5,12.5,True,False,True
2023-06-19,13.5,170,0,6,0.21352091543979612,-0.9769384927771817,13.5,13.5,13.5,12.5,13.5,True,True,False
2023-06-19,12.5,170,0,6,0.21352091543979612,-0.9769384927771817,12.5,12.5,12.5,12.5,12.5,True,False,True
2023-06-20,12.5,171,1,6,0.19667288979357647,-0.980469160361632,12.5,12.5,12.5,12.5,12.5,True,False,True
2023-06-20,13.5,171,1,6,0.19667288979357647,-0.980469160361632,13.5,13.5,13.5,12.5,13.5,True,True,False
2023-06-21,12.5,172,2,6,0.1797665857255624,-0.9837092937736097,12.5,12.5,12.5,12.5,12.5,True,False,True
2023-06-21,13.5,172,2,6,0.1797665857255624,-0.9837092937736097,13.5,13.5,13.5,12.5,13.5,True,True,False
2023-06-22,13.5,173,3,6,0.16280701293851715,-0.986657932891657,13.5,13.5,13.5,12.5,13.5,True,True,False
2023-06-22,12.5,173,3,6,0.16280701293851715,-0.986657932891657,12.5,12.5,12.5,12.5,12.5,True,False,True
2023-06-23,12.5,174,4,6,0.1457991969198751,-0.9893142039703663,12.5,12.5,12.5,12.5,12.5,True,False,True
2023-06-23,13.5,174,4,6,0.1457991969198751,-0.9893142039703663,13.5,13.5,13.5,12.5,13.5,True,True,False
2023-06-24,13.5,175,5,6,0.12874817745258132,-0.99167731989929,13.5,13.5,13.5,12.5,13.5,True,True,False
2023-06-24,12.5,175,5,6,0.12874817745258132,-0.99167731989929,12.5,12.5,12.5,12.5,12.5,True,False,True
2023-06-25,13.5,176,6,6,0.11165900712169512,-0.993746580436178,13.5,13.5,13.5,12.5,13.5,True,True,False
2023-06-25,12.5,176,6,6,0.11165900712169512,-0.993746580436178,12.5,12.5,12.5,12.5,12.5,True,False,True
2023-06-26,13.5,177,0,6,0.09453674981719912,-0.9955213724144752,13.5,13.5,13.5,12.5,13.5,True,True,False
2023-06-26,12.5,177,0,6,0.09453674981719912,-0.9955213724144752,12.5,12.5,12.5,12.5,12.5,True,False,True
2023-06-27,13.5,178,1,6,0.07738647923346301,-0.9970011699250151,13.5,13.5,13.5,12.5,13.5,True,True,False
2023-06-27,12.5,178,1,6,0.07738647923346301,-0.9970011699250151,12.5,12.5,12.5,12.5,12.5,True,False,True
2023-06-28,12.5,179,2,6,0.06021327736579302,-0.9981855344718586,12.5,12.5,12.5,12.5,12.5,True,False,True
2023-06-28,13.5,179,2,6,0.06021327736579302,-0.9981855344718586,13.5,13.5,13.5,12.5,13.5,True,True,False
2023-06-29,12.5,180,3,6,0.04302223300453059,-0.99907411510223,12.5,12.5,12.5,12.5,12.5,True,False,True
2023-06-29,13.5,180,3,6,0.04302223300453059,-0.99907411510223,13.5,13.5,13.5,12.5,13.5,True,True,False
2023-06-30,13.5,181,4,6,0.02581844022713308,-0.9996666485105112,13.5,13.5,13.5,12.5,13.5,True,True,False
2023-06-30,12.5,181,4,6,0.02581844022713308,-0.9996666485105112,12.5,12.5,12.5,12.5,12.5,True,False,True
2023-07-01,12.5,182,5,7,0.008606996888688698,-0.9999629591162655,12.5,12.5,12.5,12.5,12.5,True,False,True
2023-07-01,13.5,182,5,7,0.008606996888688698,-0.9999629591162655,13.5,13.5,13.5,12.5,13.5,True,True,False
2023-07-02,13.5,183,6,7,-0.008606996888688009,-0.9999629591162655,13.5,13.5,13.5,12.5,13.5,True,True,False
2023-07-02,12.5,183,6,7,-0.008606996888688009,-0.9999629591162655,12.5,12.5,12.5,12.5,12.5,True,False,True
2023-07-03,13.5,184,0,7,-0.02581844022713239,-0.9996666485105112,13.5,13.5,13.5,12.5,13.5,True,True,False
2023-07-03,12.5,184,0,7,-0.02581844022713239,-0.9996666485105112,12.5,12.5,12.5,12.5,12.5,True,False,True
2023-07-04,13.5,185,1,7,-0.04302223300453034,-0.99907411510223,13.5,13.5,13.5,12.5,13.5,True,True,False
2023-07-04,12.5,185,1,7,-0.04302223300453034,-0.99907411510223,12.5,12.5,12.5,12.5,12.5,True,False,True
2023-07-05,12.5,186,2,7,-0.060213277365792774,-0.9981855344718586,12.5,12.5,12.5,12.5,12.5,True,False,True
2023-07-05,13.5,186,2,7,-0.060213277365792774,-0.9981855344718586,13.5,13.5,13.5,12.5,13.5,True,True,False
2023-07-06,12.5,187,3,7,-0.07738647923346322,-0.9970011699250151,12.5,12.5,12.5,12.5,12.5,True,False,True
2023-07-06,13.5,187,3,7,-0.07738647923346322,-0.9970011699250151,13.5,13.5,13.5,12.5,13.5,True,True,False
2023-07-07,12.5,188,4,7,-0.09453674981719933,-0.9955213724144752,12.5,12.5,12.5,12.5,12.5,True,False,True
2023-07-07,13.5,188,4,7,-0.09453674981719933,-0.9955213724144752,13.5,13.5,13.5,12.5,13.5,True,True,False
2023-07-08,13.5,189,5,7,-0.11165900712169444,-0.9937465804361781,13.5,13.5,13.5,12.5,13.5,True,True,False
2023-07-08,12.5,189,5,7,-0.11165900712169444,-0.9937465804361781,12.5,12.5,12.5,12.5,12.5,True,False,True
2023-07-09,13.5,190,6,7,-0.12874817745258066,-0.99167731989929,13.5,13.5,13.5,12.5,13.5,True,True,False
2023-07-09,12.5,190,6,7,-0.12874817745258066,-0.99167731989929,12.5,12.5,12.5,12.5,12.5,True,False,True
2023-07-10,12.5,191,0,7,-0.14579919691987442,-0.9893142039703664,12.5,12.5,12.5,12.5,12.5,True,False,True
2023-07-10,13.5,191,0,7,-0.14579919691987442,-0.9893142039703664,13.5,13.5,13.5,12.5,13.5,True,True,False
2023-07-11,13.5,192,1,7,-0.16280701293851646,-0.9866579328916572,13.5,13.5,13.5,12.5,13.5,True,True,False
2023-07-11,12.5,192,1,7,-0.16280701293851646,-0.9866579328916572,12.5,12.5,12.5,12.5,12.5,True,False,True
2023-07-12,13.5,193,2,7,-0.17976658572556214,-0.9837092937736098,13.5,13.5,13.5,12.5,13.5,True,True,False
2023-07-12,12.5,193,2,7,-0.17976658572556214,-0.9837092937736098,12.5,12.5,12.5,12.5,12.5,True,False,True
2023-07-13,13.5,194,3,7,-0.19667288979357622,-0.9804691603616321,13.5,13.5,13.5,12.0,13.5,True,True,False
2023-07-13,12.5,194,3,7,-0.19667288979357622,-0.9804691603616321,12.5,12.5,12.5,12.5,12.5,True,False,True
2023-07-14,12.5,195,4,7,-0.2135209154397959,-0.9769384927771817,12.5,12.5,12.5,12.5,12.5,True,False,True
2023-07-14,13.5,195,4,7,-0.2135209154397959,-0.9769384927771817,13.5,13.5,13.5,12.0,13.5,True,True,False
2023-07-15,13.5,196,5,7,-0.23030567023061196,-0.973118337233262,13.5,13.5,13.5,12.0,13.5,True,True,False
2023-07-15,12.5,196,5,7,-0.23030567023061196,-0.973118337233262,12.5,12.5,12.5,12.5,12.5,True,False,True
2023-07-16,12.5,197,6,7,-0.24702218048093527,-0.9690098257244063,12.5,12.5,12.5,12.5,12.5,True,False,True
2023-07-16,13.5,197,6,7,-0.24702218048093527,-0.9690098257244063,13.5,13.5,13.5,12.0,13.5,True,True,False
2023-07-17,12.5,198,0,7,-0.2636654927280072,-0.9646141756912435,12.5,12.5,12.5,12.5,12.5,True,False,True
2023-07-17,13.5,198,0,7,-0.2636654927280072,-0.9646141756912435,13.5,13.5,13.5,12.0,13.5,True,True,False
2023-07-18,12.5,199,1,7,-0.2802306751992161,-0.9599326896597445,12.5,12.5,12.5,12.5,12.5,True,False,True
2023-07-18,13.5,199,1,7,-0.2802306751992161,-0.9599326896597445,13.5,13.5,13.5,12.0,13.5,True,True,False
2023-07-19,13.5,200,2,7,-0.2967128192734901,-0.9549667548552553,13.5,13.5,13.5,12.0,13.5,True,True,False
2023-07-19,12.5,200,2,7,-0.2967128192734901,-0.9549667548552553,12.5,12.5,12.5,12.5,12.5,True,False,True
2023-07-20,13.5,201,3,7,-0.3131070409358267,-0.9497178427914317,13.5,13.5,13.5,12.0,13.5,True,True,False
2023-07-20,12.5,201,3,7,-0.3131070409358267,-0.9497178427914317,12.5,12.5,12.5,12.5,12.5,True,False,True
2023-07-21,13.5,202,4,7,-0.3294084822245302,-0.9441875088341994,13.5,13.5,13.5,12.0,13.5,True,True,False
2023-07-21,12.5,202,4,7,-0.3294084822245302,-0.9441875088341994,12.5,12.5,12.5,12.5,12.5,True,False,True
2023-07-22,12.5,203,5,7,-0.3456123126707333,-0.9383773917408642,12.5,12.5,12.5,12.5,12.5,True,False,True
2023-07-22,13.5,203,5,7,-0.3456123126707333,-0.9383773917408642,13.5,13.5,13.5,12.0,13.5,True,True,False
2023-07-23,13.5,204,6,7,-0.3617137307297674,-0.9322892131745134,13.5,13.5,13.5,12.0,13.5,True,True,False
2023-07-23,12.5,204,6,7,-0.3617137307297674,-0.9322892131745134,12.5,12.5,12.5,12.5,12.5,True,False,True
2023-07-24,12.5,205,0,7,-0.37770796520396466,-0.9259247771938499,12.5,12.5,12.5,12.5,12.5,True,False,True
2023-07-24,13.5,205,0,7,-0.37770796520396466,-0.9259247771938499,13.5,13.5,13.5,12.0,13.5,True,True,False
2023-07-25,13.5,206,1,7,-0.39359027665646645,-0.9192859697186105,13.5,13.5,13.5,12.0,13.5,True,True,False
2023-07-25,12.5,206,1,7,-0.39359027665646645,-0.9192859697186105,12.5,12.5,12.5,12.5,12.5,True,False,True
2023-07-26,12.5,207,2,7,-0.4093559588156211,-0.9123747579707274,12.5,12.5,12.5,12.5,12.5,True,False,True
2023-07-26,13.5,207,2,7,-0.4093559588156211,-0.9123747579707274,13.5,13.5,13.5,12.0,13.5,True,True,False
2023-07-27,13.5,208,3,7,-0.42500033996955394,-0.9051931898913975,13.5,13.5,13.5,12.0,13.5,True,True,False
2023-07-27,12.5,208,3,7,-0.42500033996955394,-0.9051931898913975,12.5,12.5,12.5,12.5,12.5,True,False,True
2023-07-28,12.5,209,4,7,-0.4405187843504952,-0.8977433935342336,12.5,12.5,12.5,12.5,12.5,True,False,True
2023-07-28,13.5,209,4,7,-0.4405187843504952,-0.8977433935342336,13.5,13.5,13.5,12.0,13.5,True,True,False
2023-07-29,12.5,210,5,7,-0.455906693508459,-0.8900275764346766,12.5,12.5,12.5,12.5,12.5,True,False,True
2023-07-29,13.5,210,5,7,-0.455906693508459,-0.8900275764346766,13.5,13.5,13.5,12.0,13.5,True,True,False
2023-07-30,12.5,211,6,7,-0.47115950767386394,-0.8820480249558535,12.5,12.5,12.5,12.5,12.5,True,False,True
2023-07-30,13.5,211,6,7,-0.47115950767386394,-0.8820480249558535,13.5,13.5,13.5,12.0,13.5,True,True,False
2023-07-31,13.5,212,0,7,-0.4862727071086902,-0.8738071036110807,13.5,13.5,13.5,12.0,13.5,True,True,False
2023-07-31,12.5,212,0,7,-0.4862727071086902,-0.8738071036110807,12.5,12.5,12.5,12.5,12.5,True,False,True
2023-08-01,12.5,213,1,8,-0.5012418134457756,-0.8653072543632061,12.5,12.5,12.5,12.5,12.5,True,False,True
2023-08-01,13.5,213,1,8,-0.5012418134457756,-0.8653072543632061,13.5,13.5,13.5,12.0,13.5,True,True,False
2023-08-02,12.5,214,2,8,-0.5160623910158526,-0.8565509959010037,12.5,12.5,12.5,12.5,12.5,True,False,True
2023-08-02,13.5,214,2,8,-0.5160623910158526,-0.8565509959010037,13.5,13.5,13.5,12.0,13.5,True,True,False
2023-08-03,12.5,215,3,8,-0.5307300481619331,-0.8475409228928312,12.5,12.5,12.5,12.5,12.5,True,False,True
2023-08-03,13.5,215,3,8,-0.5307300481619331,-0.8475409228928312,13.5,13.5,13.5,12.0,13.5,True,True,False
2023-08-04,13.5,216,4,8,-0.5452404385406507,-0.8382797052177745,13.5,13.5,13.5,12.0,13.5,True,True,False
2023-08-04,12.5,216,4,8,-0.5452404385406507,-0.8382797052177745,12.5,12.5,12.5,12.5,12.5,True,False,True
2023-08-05,12.5,217,5,8,-0.5595892624101763,-0.828770087174504,12.5,12.5,12.5,12.5,12.5,True,False,True
2023-08-05,13.5,217,5,8,-0.5595892624101763,-0.828770087174504,13.5,13.5,13.5,12.0,13.5,True,True,False
2023-08-06,12.5,218,6,8,-0.5737722679043243,-0.8190148866680802,12.5,12.5,12.5,12.5,12.5,True,False,True
2023-08-06,13.5,218,6,8,-0.5737722679043243,-0.8190148866680802,13.5,13.5,13.5,12.0,13.5,True,True,False
2023-08-07,12.5,219,0,8,-0.5877852522924734,-0.8090169943749472,12.5,12.5,12.5,12.5,12.5,True,False,True
2023-08-07,13.5,219,0,8,-0.5877852522924734,-0.8090169943749472,13.5,13.5,13.5,12.0,13.5,True,True,False
2023-08-08,12.5,220,1,8,-0.6016240632249227,-0.7987793728863648,12.5,12.5,12.5,12.5,12.5,True,False,True
2023-08-08,13.5,220,1,8,-0.6016240632249227,-0.7987793728863648,13.5,13.5,13.5,12.0,13.5,True,True,False
2023-08-09,12.5,221,2,8,-0.6152845999633277,-0.7883050558305253,12.5,12.5,12.5,12.5,12.5,True,False,True
2023-08-09,13.5,221,2,8,-0.6152845999633277,-0.7883050558305253,13.5,13.5,13.5,12.0,13.5,True,True,False
2023-08-10,12.5,222,3,8,-0.6287628145958345,-0.7775971469736268,12.5,12.5,12.5,12.5,12.5,True,False,True
2023-08-10,13.5,222,3,8,-0.6287628145958345,-0.7775971469736268,13.5,13.5,13.5,12.0,13.5,True,True,False
2023-08-11,12.5,223,4,8,-0.6420547132365636,-0.7666588193001592,12.5,12.5,12.5,12.5,12.5,True,False,True
2023-08-11,13.5,223,4,8,-0.6420547132365636,-0.7666588193001592,13.5,13.5,13.5,12.0,13.5,True,True,False
2023-08-12,13.5,224,5,8,-0.655156357209085,-0.7554933140726804,13.5,13.5,13.5,12.0,13.5,True,True,False
2023-08-12,12.5,224,5,8,-0.655156357209085,-0.7554933140726804,12.5,12.5,12.5,12.5,12.5,True,False,True
2023-08-13,12.5,225,6,8,-0.6680638642135333,-0.7441039398713608,12.5,12.5,12.5,12.5,12.5,True,False,True
2023-08-13,13.5,225,6,8,-0.6680638642135333,-0.7441039398713608,13.5,13.5,13.5,12.0,13.5,True,True,False
2023-08-14,12.5,226,0,8,-0.6807734094770159,-0.7324940716135792,12.5,12.5,12.5,12.5,12.5,True,False,True
2023-08-14,13.5,226,0,8,-0.6807734094770159,-0.7324940716135792,13.5,13.5,13.5,12.0,13.5,True,True,False
2023-08-15,12.5,227,1,8,-0.6932812268869771,-0.7206671495538615,12.5,12.5,12.5,12.5,12.5,True,False,True
2023-08-15,13.5,227,1,8,-0.6932812268869771,-0.7206671495538615,13.5,13.5,13.5,12.0,13.5,True,True,False
2023-08-16,12.5,228,2,8,-0.7055836101071774,-0.70862667826446,12.5,12.5,12.5,12.5,12.5,True,False,True
2023-08-16,13.5,228,2,8,-0.7055836101071774,-0.70862667826446,13.5,13.5,13.5,12.0,13.5,True,True,False
2023-08-17,13.5,229,3,8,-0.7176769136759615,-0.6963762255968726,13.5,13.5,13.5,12.0,13.5,True,True,False
2023-08-17,12.5,229,3,8,-0.7176769136759615,-0.6963762255968726,12.5,12.5,12.5,12.5,12.5,True,False,True
