pubDate,avgPrice,day_of_year,day_of_week,month,doy_sin,doy_cos,avgPrice_lag_1,avgPrice_lag_7,avgPrice_lag_30,avgPrice_lag_365,avgPrice_MA_30,specInfo_腌渍,prodPcat_其他类
2022-07-29,10.0,210,4,7,-0.455906693508459,-0.8900275764346766,10.0,10.0,10.0,8.5,10.0,True,True
2022-07-30,10.0,211,5,7,-0.47115950767386394,-0.8820480249558535,10.0,10.0,10.0,8.5,10.0,True,True
2022-07-31,10.0,212,6,7,-0.4862727071086902,-0.8738071036110807,10.0,10.0,10.0,8.5,10.0,True,True
2022-08-01,10.0,213,0,8,-0.5012418134457756,-0.8653072543632061,10.0,10.0,10.0,8.5,10.0,True,True
2022-08-02,10.0,214,1,8,-0.5160623910158526,-0.8565509959010037,10.0,10.0,10.0,8.5,10.0,True,True
2022-08-03,10.0,215,2,8,-0.5307300481619331,-0.8475409228928312,10.0,10.0,10.0,8.5,10.0,True,True
2022-08-04,10.0,216,3,8,-0.5452404385406507,-0.8382797052177745,10.0,10.0,10.0,8.5,10.0,True,True
2022-08-05,10.0,217,4,8,-0.5595892624101763,-0.828770087174504,10.0,10.0,10.0,8.5,10.0,True,True
2022-08-06,10.0,218,5,8,-0.5737722679043243,-0.8190148866680802,10.0,10.0,10.0,8.5,10.0,True,True
2022-08-07,10.0,219,6,8,-0.5877852522924734,-0.8090169943749472,10.0,10.0,10.0,8.5,10.0,True,True
2022-08-08,10.0,220,0,8,-0.6016240632249227,-0.7987793728863648,10.0,10.0,10.0,8.5,10.0,True,True
2022-08-09,10.0,221,1,8,-0.6152845999633277,-0.7883050558305253,10.0,10.0,10.0,8.5,10.0,True,True
2022-08-10,10.0,222,2,8,-0.6287628145958345,-0.7775971469736268,10.0,10.0,10.0,8.5,10.0,True,True
2022-08-11,10.0,223,3,8,-0.6420547132365636,-0.7666588193001592,10.0,10.0,10.0,8.5,10.0,True,True
2022-08-12,10.0,224,4,8,-0.655156357209085,-0.7554933140726804,10.0,10.0,10.0,8.5,10.0,True,True
2022-08-13,10.0,225,5,8,-0.6680638642135333,-0.7441039398713608,10.0,10.0,10.0,8.5,10.0,True,True
2022-08-14,10.0,226,6,8,-0.6807734094770159,-0.7324940716135792,10.0,10.0,10.0,8.5,10.0,True,True
2022-08-15,10.0,227,0,8,-0.6932812268869771,-0.7206671495538615,10.0,10.0,10.0,8.5,10.0,True,True
2022-08-16,10.0,228,1,8,-0.7055836101071774,-0.70862667826446,10.0,10.0,10.0,8.5,10.0,True,True
2022-08-17,10.0,229,2,8,-0.7176769136759615,-0.6963762255968726,10.0,10.0,10.0,8.5,10.0,True,True
2022-08-18,10.0,230,3,8,-0.7295575540864876,-0.6839194216246105,10.0,10.0,10.0,8.5,10.0,True,True
2022-08-19,10.0,231,4,8,-0.7412220108485957,-0.6712599575675315,10.0,10.0,10.0,8.5,10.0,True,True
2022-08-20,10.0,232,5,8,-0.7526668275320083,-0.6584015846980489,10.0,10.0,10.0,8.5,10.0,True,True
2022-08-21,10.0,233,6,8,-0.7638886127905429,-0.64534811322955,10.0,10.0,10.0,8.5,10.0,True,True
2022-08-22,10.0,234,0,8,-0.7748840413670406,-0.6321034111873488,10.0,10.0,10.0,8.5,10.0,True,True
2022-08-23,10.0,235,1,8,-0.7856498550787144,-0.6186714032625032,10.0,10.0,10.0,8.5,10.0,True,True
2022-08-24,10.0,236,2,8,-0.7961828637826154,-0.6050560696488494,10.0,10.0,10.0,8.5,10.0,True,True
2022-08-25,10.0,237,3,8,-0.8064799463209447,-0.5912614448635782,10.0,10.0,10.0,8.5,10.0,True,True
2022-08-26,10.0,238,4,8,-0.8165380514459157,-0.5772916165517278,10.0,10.0,10.0,8.5,10.0,True,True
2022-08-27,10.0,239,5,8,-0.8263541987239094,-0.5631507242749187,10.0,10.0,10.0,8.5,10.0,True,True
2022-08-28,10.0,240,6,8,-0.8359254794186365,-0.5488429582847199,10.0,10.0,10.0,8.5,10.0,True,True
2022-08-29,10.0,241,0,8,-0.8452490573530634,-0.5343725582809785,10.0,10.0,10.0,8.5,10.0,True,True
2022-08-30,10.0,242,1,8,-0.8543221697498269,-0.5197438121555157,10.0,10.0,10.0,8.5,10.0,True,True
2022-08-31,10.0,243,2,8,-0.8631421280499115,-0.5049610547215202,10.0,10.0,10.0,8.5,10.0,True,True
2022-09-01,10.0,244,3,9,-0.8717063187093217,-0.4900286664290594,10.0,10.0,10.0,8.5,10.0,True,True
2022-09-02,10.0,245,4,9,-0.8800122039735356,-0.4749510720670502,10.0,10.0,10.0,8.5,10.0,True,True
2022-09-03,10.0,246,5,9,-0.888057322629493,-0.4597327394521046,10.0,10.0,10.0,8.5,10.0,True,True
2022-09-04,10.0,247,6,9,-0.8958392907349089,-0.4443781781046134,10.0,10.0,10.0,8.5,10.0,True,True
2022-09-05,10.0,248,0,9,-0.9033558023246842,-0.4288919379124841,10.0,10.0,10.0,8.5,10.0,True,True
2022-09-06,10.0,249,1,9,-0.9106046300942162,-0.41327860778290443,10.0,10.0,10.0,8.5,10.0,True,True
2022-09-07,10.0,250,2,9,-0.9175836260593934,-0.3975428142825566,10.0,10.0,10.0,8.5,10.0,True,True
2022-09-08,10.0,251,3,9,-0.9242907221930934,-0.3816892202666586,10.0,10.0,10.0,8.5,10.0,True,True
2022-09-09,10.0,252,4,9,-0.9307239310379793,-0.3657225234972692,10.0,10.0,10.0,8.5,10.0,True,True
2022-09-10,10.0,253,5,9,-0.9368813462954315,-0.34964745525122826,10.0,10.0,10.0,8.5,10.0,True,True
2022-09-11,10.0,254,6,9,-0.9427611433904206,-0.33346877891818705,10.0,10.0,10.0,8.5,10.0,True,True
2022-09-12,10.0,255,0,9,-0.9483615800121716,-0.31719128858910595,10.0,10.0,10.0,8.5,10.0,True,True
2022-09-13,10.0,256,1,9,-0.9536809966304455,-0.300819807635668,10.0,10.0,10.0,8.5,10.0,True,True
2022-09-14,10.0,257,2,9,-0.9587178169872964,-0.2843591872810036,10.0,10.0,10.0,8.5,10.0,True,True
2022-09-15,10.0,258,3,9,-0.9634705485641486,-0.26781430516217486,10.0,10.0,10.0,8.5,10.0,True,True
2022-09-16,10.0,259,4,9,-0.9679377830240642,-0.25119006388481957,10.0,10.0,10.0,8.5,10.0,True,True
2022-09-17,10.0,260,5,9,-0.9721181966290612,-0.23449138957041052,10.0,10.0,10.0,8.5,10.0,True,True
2022-09-18,10.0,261,6,9,-0.9760105506323682,-0.21772323039653224,10.0,10.0,10.0,8.5,10.0,True,True
2022-09-19,10.0,262,0,9,-0.9796136916454901,-0.20089055513063528,10.0,10.0,10.0,8.5,10.0,True,True
2022-09-20,10.0,263,1,9,-0.9829265519799822,-0.18399835165767986,10.0,10.0,10.0,8.5,10.0,True,True
2022-09-21,10.0,264,2,9,-0.9859481499638303,-0.1670516255021195,10.0,10.0,10.0,8.5,10.0,True,True
2022-09-22,10.0,265,3,9,-0.9886775902323404,-0.15005539834465262,10.0,10.0,10.0,8.5,10.0,True,True
2022-09-23,10.0,266,4,9,-0.9911140639934546,-0.13301470653419636,10.0,10.0,10.0,8.5,10.0,True,True
2022-09-24,10.0,267,5,9,-0.9932568492674143,-0.11593459959550066,10.0,10.0,10.0,8.5,10.0,True,True
2022-09-25,10.0,268,6,9,-0.9951053111006974,-0.09882013873287211,10.0,10.0,10.0,8.5,10.0,True,True
2022-09-26,10.0,269,0,9,-0.99665890175417,-0.08167639533042288,10.0,10.0,10.0,8.5,10.0,True,True
2022-09-27,10.0,270,1,9,-0.9979171608653922,-0.06450844944931625,10.0,10.0,10.0,8.5,10.0,True,True
2022-09-28,10.0,271,2,9,-0.9988797155850335,-0.04732138832243232,10.0,10.0,10.0,8.5,10.0,True,True
2022-09-29,10.0,272,3,9,-0.9995462806873573,-0.03012030484690836,10.0,10.0,10.0,8.5,10.0,True,True
2022-09-30,10.0,273,4,9,-0.9999166586547379,-0.012910296075008843,10.0,10.0,10.0,8.5,10.0,True,True
2022-10-01,10.0,274,5,10,-0.9999907397361901,0.004303538296243821,10.0,10.0,10.0,8.5,10.0,True,True
2022-10-02,10.0,275,6,10,-0.9997685019798909,0.021516097436222233,10.0,10.0,10.0,8.5,10.0,True,True
2022-10-03,10.0,276,0,10,-0.9992500112396835,0.03872228089217399,10.0,10.0,10.0,8.5,10.0,True,True
2022-10-04,10.0,277,1,10,-0.9984354211555643,0.05591699010060302,10.0,10.0,10.0,8.5,10.0,True,True
2022-10-05,10.0,278,2,10,-0.9973249731081555,0.07309512989807776,10.0,10.0,10.0,8.5,10.0,True,True
2022-10-06,10.0,279,3,10,-0.9959189961471792,0.0902516100310407,10.0,10.0,10.0,8.5,10.0,True,True
2022-10-07,10.0,280,4,10,-0.994217906893952,0.10738134666416306,10.0,10.0,10.0,8.5,10.0,True,True
2022-10-08,10.0,281,5,10,-0.9922222094179324,0.12447926388678869,10.0,10.0,10.0,8.5,10.0,True,True
2022-10-09,10.0,282,6,10,-0.989932495087353,0.141540295217043,10.0,10.0,10.0,8.5,10.0,True,True
2022-10-10,10.0,283,0,10,-0.9873494423939864,0.15855938510313475,10.0,10.0,10.0,8.5,10.0,True,True
2022-10-11,10.0,284,1,10,-0.9844738167520923,0.17553149042142777,10.0,10.0,10.0,8.5,10.0,True,True
2022-10-12,9.5,285,2,10,-0.9813064702716093,0.19245158197082995,10.0,10.0,10.0,8.5,9.983333333333333,True,True
2022-10-13,10.5,286,3,10,-0.9778483415056567,0.20931464596304888,9.5,10.0,10.0,8.5,10.0,True,True
2022-10-14,11.5,287,4,10,-0.9741004551724206,0.22611568550828803,10.5,10.0,10.0,8.5,10.05,True,True
2022-10-15,11.5,288,5,10,-0.970063921851507,0.2428497220959358,11.5,10.0,10.0,8.5,10.1,True,True
2022-10-16,11.5,289,6,10,-0.965739937654855,0.25951179706979943,11.5,10.0,10.0,8.5,10.15,True,True
2022-10-17,11.5,290,0,10,-0.9611297838723007,0.27609697309746883,11.5,10.0,10.0,8.5,10.2,True,True
2022-10-18,11.5,291,1,10,-0.9562348265919058,0.2926003356333479,11.5,10.0,10.0,8.5,10.25,True,True
2022-10-19,11.5,292,2,10,-0.9510565162951536,0.30901699437494723,11.5,9.5,10.0,8.5,10.3,True,True
2022-10-20,11.5,293,3,10,-0.9455963874271428,0.3253420847119795,11.5,10.5,10.0,8.5,10.35,True,True
2022-10-21,11.5,294,4,10,-0.9398560579418953,0.341570769167856,11.5,11.5,10.0,8.5,10.4,True,True
2022-10-22,11.5,295,5,10,-0.9338372288229252,0.35769823883312546,11.5,11.5,10.0,8.5,10.45,True,True
2022-10-23,11.5,296,6,10,-0.9275416835791965,0.3737197147904692,11.5,11.5,10.0,8.5,10.5,True,True
2022-10-24,11.5,297,0,10,-0.9209712877166347,0.38963044953078774,11.5,11.5,10.0,8.5,10.55,True,True
2022-10-25,11.5,298,1,10,-0.9141279881853337,0.4054257283599973,11.5,11.5,10.0,8.5,10.6,True,True
2022-10-26,11.5,299,2,10,-0.9070138128026362,0.42110087079608916,11.5,11.5,10.0,8.5,10.65,True,True
2022-10-27,11.5,300,3,10,-0.8996308696522434,0.4366512319560638,11.5,11.5,10.0,8.5,10.7,True,True
2022-10-28,11.5,301,4,10,-0.8919813464595487,0.45207220393230374,11.5,11.5,10.0,8.5,10.75,True,True
2022-10-29,11.5,302,5,10,-0.8840675099433637,0.46735921715800205,11.5,11.5,10.0,8.5,10.8,True,True
2022-10-30,11.5,303,6,10,-0.8758917051442433,0.48250774176121763,11.5,11.5,10.0,8.5,10.85,True,True
2022-10-31,11.5,304,0,10,-0.8674563547295971,0.4975132889071803,11.5,11.5,10.0,8.5,10.9,True,True
2022-11-01,11.5,305,1,11,-0.858763958275803,0.5123714121284235,11.5,11.5,10.0,8.5,10.95,True,True
2022-11-02,11.5,306,2,11,-0.8498170915275277,0.5270777086423724,11.5,11.5,10.0,8.5,11.0,True,True
2022-11-03,11.5,307,3,11,-0.8406184056344783,0.5416278206559811,11.5,11.5,10.0,8.5,11.05,True,True
2022-11-04,11.5,308,4,11,-0.8311706263658079,0.5560174366570446,11.5,11.5,10.0,8.5,11.1,True,True
2022-11-05,11.5,309,5,11,-0.8214765533024145,0.5702422926917867,11.5,11.5,10.0,8.5,11.15,True,True
2022-11-06,11.5,310,6,11,-0.8115390590073611,0.5842981736283683,11.5,11.5,10.0,8.5,11.2,True,True
2022-11-07,11.5,311,0,11,-0.801361088174677,0.5981809144059158,11.5,11.5,10.0,8.5,11.25,True,True
2022-11-08,11.5,312,1,11,-0.7909456567567774,0.6118864012687242,11.5,11.5,10.0,8.5,11.3,True,True
2022-11-09,11.5,313,2,11,-0.780295851070776,0.6254105729852457,11.5,11.5,10.0,8.5,11.35,True,True
2022-11-10,11.5,314,3,11,-0.7694148268839381,0.6387494220515268,11.5,11.5,10.0,8.5,11.4,True,True
2022-11-11,11.5,315,4,11,-0.7583058084785625,0.6518989958787125,11.5,11.5,9.5,8.5,11.466666666666667,True,True
2022-11-12,11.5,316,5,11,-0.7469720876965551,0.6648553979642866,11.5,11.5,10.5,8.5,11.5,True,True
2022-11-13,11.5,317,6,11,-0.7354170229639858,0.6776147890466887,11.5,11.5,11.5,8.5,11.5,True,True
2022-11-14,11.5,318,0,11,-0.7236440382959124,0.690173388242972,11.5,11.5,11.5,8.5,11.5,True,True
2022-11-15,11.5,319,1,11,-0.711656622281775,0.7025274741691566,11.5,11.5,11.5,8.5,11.5,True,True
2022-11-16,11.5,320,2,11,-0.6994583270516471,0.7146733860429608,11.5,11.5,11.5,8.5,11.5,True,True
2022-11-17,11.5,321,3,11,-0.6870527672236675,0.7266075247685652,11.5,11.5,11.5,8.5,11.5,True,True
2022-11-18,11.5,322,4,11,-0.6744436188329457,0.7383263540031063,11.5,11.5,11.5,8.5,11.5,True,True
2022-11-19,11.5,323,5,11,-0.661634618242279,0.749826401204568,11.5,11.5,11.5,8.5,11.5,True,True
2022-11-20,11.5,324,6,11,-0.6486295610349818,0.7611042586607742,11.5,11.5,11.5,8.5,11.5,True,True
2022-11-21,11.5,325,0,11,-0.6354323008901775,0.7721565844991641,11.5,11.5,11.5,8.5,11.5,True,True
2022-11-22,11.5,326,1,11,-0.622046748440868,0.7829801036770624,11.5,11.5,11.5,8.5,11.5,True,True
2022-11-23,11.5,327,2,11,-0.6084768701151264,0.7935716089521472,11.5,11.5,11.5,8.5,11.5,True,True
2022-11-24,11.5,328,3,11,-0.594726686960764,0.8039279618328208,11.5,11.5,11.5,8.5,11.5,True,True
2022-11-25,11.5,329,4,11,-0.5808002734538013,0.8140460935082175,11.5,11.5,11.5,8.5,11.5,True,True
2022-11-26,11.5,330,5,11,-0.5667017562911184,0.8239230057575536,11.5,11.5,11.5,8.5,11.5,True,True
2022-11-27,11.5,331,6,11,-0.5524353131676203,0.8335557718385695,11.5,11.5,11.5,8.5,11.5,True,True
2022-11-28,11.5,332,0,11,-0.5380051715382992,0.8429415373547832,11.5,11.5,11.5,8.5,11.5,True,True
2022-11-29,11.5,333,1,11,-0.5234156073655503,0.8520775211013093,11.5,11.5,11.5,8.5,11.5,True,True
2022-11-30,11.5,334,2,11,-0.5086709438521042,0.8609610158889945,11.5,11.5,11.5,8.5,11.5,True,True
2022-12-01,11.5,335,3,12,-0.49377555015997737,0.8695893893466109,11.5,11.5,11.5,8.5,11.5,True,True
2022-12-02,11.5,336,4,12,-0.4787338401157883,0.8779600847008883,11.5,11.5,11.5,8.5,11.5,True,True
2022-12-03,11.5,337,5,12,-0.4635502709028512,0.8860706215341378,11.5,11.5,11.5,8.5,11.5,True,True
2022-12-04,11.5,338,6,12,-0.4482293417404106,0.893918596519257,11.5,11.5,11.5,8.5,11.5,True,True
2022-12-05,11.5,339,0,12,-0.4327755925504317,0.9015016841318838,11.5,11.5,11.5,8.5,11.5,True,True
2022-12-06,11.5,340,1,12,-0.41719360261231697,0.9088176373395028,11.5,11.5,11.5,8.5,11.5,True,True
2022-12-07,11.5,341,2,12,-0.4014879892059737,0.9158642882672868,11.5,11.5,11.5,8.5,11.5,True,True
2022-12-08,11.5,342,3,12,-0.38566340624360745,0.9226395488404875,11.5,11.5,11.5,8.5,11.5,True,True
2022-12-09,11.5,343,4,12,-0.3697245428906732,0.9291414114031743,11.5,11.5,11.5,8.5,11.5,True,True
2022-12-10,11.5,344,5,12,-0.3536761221763721,0.935367949313148,11.5,11.5,11.5,8.5,11.5,True,True
2022-12-11,11.5,345,6,12,-0.33752289959411347,0.941317317512847,11.5,11.5,11.5,8.5,11.5,True,True
2022-12-12,11.5,346,0,12,-0.32126966169236515,0.9469877530760751,11.5,11.5,11.5,8.5,11.5,True,True
2022-12-13,11.5,347,1,12,-0.3049212246562894,0.9523775757303973,11.5,11.5,11.5,8.5,11.5,True,True
2022-12-14,11.5,348,2,12,-0.2884824328806098,0.9574851883550389,11.5,11.5,11.5,8.5,11.5,True,True
2022-12-15,11.5,349,3,12,-0.27195815753410524,0.9623090774541487,11.5,11.5,11.5,8.5,11.5,True,True
2022-12-16,11.5,350,4,12,-0.2553532951161881,0.9668478136052773,11.5,11.5,11.5,8.5,11.5,True,True
2022-12-17,11.5,351,5,12,-0.23867276600594997,0.9711000518829505,11.5,11.5,11.5,8.5,11.5,True,True
2022-12-18,11.5,352,6,12,-0.22192151300416674,0.9750645322571945,11.5,11.5,11.5,8.5,11.5,True,True
2022-12-19,11.5,353,0,12,-0.20510449986861926,0.9787400799669153,11.5,11.5,11.5,8.5,11.5,True,True
2022-12-20,11.5,354,1,12,-0.1882267098432439,0.9821256058680006,11.5,11.5,11.5,8.5,11.5,True,True
2022-12-21,11.5,355,2,12,-0.1712931441814778,0.9852201067560606,11.5,11.5,11.5,8.5,11.5,True,True
2022-12-22,11.5,356,3,12,-0.154308820664281,0.9880226656636976,11.5,11.5,11.5,8.5,11.5,True,True
2022-12-23,11.5,357,4,12,-0.13727877211326517,0.9905324521322227,11.5,11.5,11.5,8.5,11.5,True,True
2022-12-24,11.5,358,5,12,-0.12020804489935275,0.9927487224577402,11.5,11.5,11.5,8.5,11.5,True,True
2022-12-25,11.5,359,6,12,-0.10310169744743544,0.9946708199115211,11.5,11.5,11.5,8.5,11.5,True,True
2022-12-26,11.5,360,0,12,-0.0859647987374467,0.9962981749346077,11.5,11.5,11.5,8.5,11.5,True,True
2022-12-27,11.5,361,1,12,-0.06880242680232064,0.9976303053065857,11.5,11.5,11.5,8.5,11.5,True,True
2022-12-28,11.5,362,2,12,-0.05161966722325418,0.9986668162884759,11.5,11.5,11.5,8.5,11.5,True,True
2022-12-29,11.5,363,3,12,-0.034421611622745804,0.9994074007397048,11.5,11.5,11.5,8.5,11.5,True,True
2022-12-30,11.5,364,4,12,-0.01721335615583528,0.9998518392091162,11.5,11.5,11.5,8.5,11.5,True,True
2022-12-31,11.5,365,5,12,6.432490598706546e-16,1.0,11.5,11.5,11.5,8.5,11.5,True,True
2023-01-01,11.5,1,6,1,0.017213356155834685,0.9998518392091162,11.5,11.5,11.5,8.5,11.5,True,True
2023-01-02,11.5,2,0,1,0.03442161162274574,0.9994074007397048,11.5,11.5,11.5,8.5,11.5,True,True
2023-01-03,11.5,3,1,1,0.051619667223253764,0.998666816288476,11.5,11.5,11.5,8.5,11.5,True,True
2023-01-04,11.5,4,2,1,0.06880242680231986,0.9976303053065857,11.5,11.5,11.5,8.5,11.5,True,True
2023-01-05,11.5,5,3,1,0.08596479873744647,0.9962981749346078,11.5,11.5,11.5,8.5,11.5,True,True
2023-01-06,11.5,6,4,1,0.10310169744743485,0.9946708199115211,11.5,11.5,11.5,8.5,11.5,True,True
2023-01-07,11.5,7,5,1,0.1202080448993527,0.9927487224577402,11.5,11.5,11.5,8.5,11.5,True,True
2023-01-08,11.5,8,6,1,0.13727877211326478,0.9905324521322229,11.5,11.5,11.5,8.5,11.5,True,True
2023-01-09,11.5,9,0,1,0.15430882066428117,0.9880226656636976,11.5,11.5,11.5,8.5,11.5,True,True
2023-01-10,11.5,10,1,1,0.1712931441814776,0.9852201067560606,11.5,11.5,11.5,8.5,11.5,True,True
2023-01-11,11.5,11,2,1,0.1882267098432442,0.9821256058680006,11.5,11.5,11.5,8.5,11.5,True,True
2023-01-12,11.5,12,3,1,0.2051044998686192,0.9787400799669153,11.5,11.5,11.5,8.5,11.5,True,True
2023-01-13,11.5,13,4,1,0.2219215130041655,0.9750645322571948,11.5,11.5,11.5,8.5,11.5,True,True
2023-01-14,11.5,14,5,1,0.2386727660059501,0.9711000518829505,11.5,11.5,11.5,8.5,11.5,True,True
2023-01-15,11.5,15,6,1,0.255353295116187,0.9668478136052775,11.5,11.5,11.5,8.5,11.5,True,True
2023-01-16,11.5,16,0,1,0.2719581575341055,0.9623090774541486,11.5,11.5,11.5,8.5,11.5,True,True
2023-01-17,11.5,17,1,1,0.288482432880609,0.9574851883550393,11.5,11.5,11.5,8.5,11.5,True,True
2023-01-18,11.5,18,2,1,0.30492122465628907,0.9523775757303974,11.5,11.5,11.5,8.5,11.5,True,True
2023-01-19,11.5,19,3,1,0.3212696616923644,0.9469877530760753,11.5,11.5,11.5,9.0,11.5,True,True
2023-01-20,11.5,20,4,1,0.3375228995941133,0.9413173175128471,11.5,11.5,11.5,9.0,11.5,True,True
2023-01-21,11.5,21,5,1,0.3536761221763716,0.9353679493131483,11.5,11.5,11.5,9.0,11.5,True,True
2023-01-22,11.5,22,6,1,0.3697245428906731,0.9291414114031743,11.5,11.5,11.5,9.0,11.5,True,True
2023-01-23,11.5,23,0,1,0.38566340624360707,0.9226395488404876,11.5,11.5,11.5,9.0,11.5,True,True
2023-01-24,11.5,24,1,1,0.401487989205973,0.9158642882672872,11.5,11.5,11.5,9.0,11.5,True,True
2023-01-25,11.5,25,2,1,0.4171936026123168,0.9088176373395029,11.5,11.5,11.5,9.0,11.5,True,True
2023-01-26,11.5,26,3,1,0.4327755925504312,0.901501684131884,11.5,11.5,11.5,9.0,11.5,True,True
2023-01-27,11.5,27,4,1,0.4482293417404106,0.893918596519257,11.5,11.5,11.5,9.0,11.5,True,True
2023-01-28,11.5,28,5,1,0.4635502709028509,0.886070621534138,11.5,11.5,11.5,9.038461538461538,11.5,True,True
2023-01-29,11.5,29,6,1,0.47873384011578846,0.8779600847008882,11.5,11.5,11.5,9.076923076923077,11.5,True,True
2023-01-30,11.5,30,0,1,0.49377555015997715,0.869589389346611,11.5,11.5,11.5,9.115384615384615,11.5,True,True
2023-01-31,11.5,31,1,1,0.5086709438521044,0.8609610158889943,11.5,11.5,11.5,9.153846153846153,11.5,True,True
2023-02-01,11.5,32,2,2,0.5234156073655503,0.8520775211013093,11.5,11.5,11.5,9.192307692307692,11.5,True,True
2023-02-02,11.5,33,3,2,0.5380051715382996,0.8429415373547828,11.5,11.5,11.5,9.23076923076923,11.5,True,True
2023-02-03,11.5,34,4,2,0.5524353131676196,0.8335557718385699,11.5,11.5,11.5,9.26923076923077,11.5,True,True
2023-02-04,11.5,35,5,2,0.5667017562911176,0.8239230057575542,11.5,11.5,11.5,9.307692307692308,11.5,True,True
2023-02-05,11.5,36,6,2,0.5808002734538009,0.8140460935082178,11.5,11.5,11.5,9.346153846153847,11.5,True,True
2023-02-06,11.5,37,0,2,0.5947266869607634,0.8039279618328213,11.5,11.5,11.5,9.384615384615385,11.5,True,True
2023-02-07,11.5,38,1,2,0.6084768701151261,0.7935716089521474,11.5,11.5,11.5,9.423076923076923,11.5,True,True
2023-02-08,11.5,39,2,2,0.6220467484408675,0.7829801036770629,11.5,11.5,11.5,9.461538461538462,11.5,True,True
2023-02-09,11.5,40,3,2,0.6354323008901774,0.7721565844991642,11.5,11.5,11.5,9.5,11.5,True,True
2023-02-10,11.5,41,4,2,0.6486295610349814,0.7611042586607747,11.5,11.5,11.5,9.538461538461538,11.5,True,True
2023-02-11,11.5,42,5,2,0.6616346182422783,0.7498264012045686,11.5,11.5,11.5,9.576923076923077,11.5,True,True
2023-02-12,11.5,43,6,2,0.6744436188329455,0.7383263540031065,11.5,11.5,11.5,9.615384615384615,11.5,True,True
2023-02-13,11.5,44,0,2,0.6870527672236669,0.7266075247685656,11.5,11.5,11.5,9.653846153846153,11.5,True,True
2023-02-14,11.5,45,1,2,0.699458327051647,0.7146733860429609,11.5,11.5,11.5,9.692307692307692,11.5,True,True
2023-02-15,11.5,46,2,2,0.7116566222817746,0.7025274741691571,11.5,11.5,11.5,9.73076923076923,11.5,True,True
2023-02-16,11.5,47,3,2,0.7236440382959124,0.6901733882429719,11.5,11.5,11.5,9.76923076923077,11.5,True,True
2023-02-17,11.5,48,4,2,0.7354170229639855,0.6776147890466889,11.5,11.5,11.5,9.807692307692308,11.5,True,True
2023-02-18,11.5,49,5,2,0.7469720876965552,0.6648553979642865,11.5,11.5,11.5,9.846153846153847,11.5,True,True
2023-02-19,11.5,50,6,2,0.7583058084785624,0.6518989958787126,11.5,11.5,11.5,9.884615384615385,11.5,True,True
2023-02-20,11.5,51,0,2,0.7694148268839378,0.6387494220515272,11.5,11.5,11.5,9.923076923076923,11.5,True,True
2023-02-21,11.5,52,1,2,0.7802958510707755,0.6254105729852463,11.5,11.5,11.5,9.961538461538462,11.5,True,True
2023-02-22,11.5,53,2,2,0.7909456567567772,0.6118864012687243,11.5,11.5,11.5,10.0,11.5,True,True
2023-02-23,11.5,54,3,2,0.8013610881746766,0.5981809144059165,11.5,11.5,11.5,10.0,11.5,True,True
2023-02-24,11.5,55,4,2,0.8115390590073611,0.5842981736283684,11.5,11.5,11.5,10.0,11.5,True,True
2023-02-25,11.5,56,5,2,0.8214765533024142,0.5702422926917871,11.5,11.5,11.5,10.0,11.5,True,True
2023-02-26,11.5,57,6,2,0.8311706263658079,0.5560174366570446,11.5,11.5,11.5,10.0,11.5,True,True
2023-02-27,11.5,58,0,2,0.8406184056344782,0.5416278206559814,11.5,11.5,11.5,10.0,11.5,True,True
2023-02-28,11.5,59,1,2,0.8498170915275278,0.5270777086423722,11.5,11.5,11.5,10.0,11.5,True,True
2023-03-01,11.5,60,2,3,0.8587639582758029,0.5123714121284237,11.5,11.5,11.5,10.0,11.5,True,True
2023-03-02,11.5,61,3,3,0.8674563547295969,0.49751328890718066,11.5,11.5,11.5,10.0,11.5,True,True
2023-03-03,11.5,62,4,3,0.8758917051442429,0.48250774176121847,11.5,11.5,11.5,10.0,11.5,True,True
2023-03-04,11.5,63,5,3,0.8840675099433636,0.4673592171580022,11.5,11.5,11.5,10.0,11.5,True,True
2023-03-05,11.5,64,6,3,0.8919813464595485,0.45207220393230435,11.5,11.5,11.5,10.0,11.5,True,True
2023-03-06,11.5,65,0,3,0.8996308696522433,0.43665123195606403,11.5,11.5,11.5,10.0,11.5,True,True
2023-03-07,11.5,66,1,3,0.9070138128026359,0.4211008707960896,11.5,11.5,11.5,10.0,11.5,True,True
2023-03-08,11.5,67,2,3,0.9141279881853337,0.40542572835999735,11.5,11.5,11.5,10.0,11.5,True,True
2023-03-09,11.5,68,3,3,0.9209712877166346,0.38963044953078796,11.5,11.5,11.5,10.0,11.5,True,True
2023-03-10,11.5,69,4,3,0.9275416835791966,0.37371971479046906,11.5,11.5,11.5,10.0,11.5,True,True
2023-03-11,11.5,70,5,3,0.9338372288229252,0.35769823883312546,11.5,11.5,11.5,10.0,11.5,True,True
2023-03-12,11.5,71,6,3,0.9398560579418954,0.3415707691678556,11.5,11.5,11.5,10.0,11.5,True,True
2023-03-13,11.5,72,0,3,0.9455963874271426,0.3253420847119801,11.5,11.5,11.5,10.0,11.5,True,True
2023-03-14,11.5,73,1,3,0.9510565162951535,0.30901699437494745,11.5,11.5,11.5,10.0,11.5,True,True
2023-03-15,11.5,74,2,3,0.9562348265919056,0.29260033563334836,11.5,11.5,11.5,10.0,11.5,True,True
2023-03-16,11.5,75,3,3,0.9611297838723007,0.27609697309746883,11.5,11.5,11.5,10.0,11.5,True,True
2023-03-17,11.5,76,4,3,0.9657399376548549,0.2595117970697999,11.5,11.5,11.5,10.0,11.5,True,True
2023-03-18,11.5,77,5,3,0.9700639218515071,0.2428497220959356,11.5,11.5,11.5,10.0,11.5,True,True
2023-03-19,11.5,78,6,3,0.9741004551724205,0.22611568550828828,11.5,11.5,11.5,10.0,11.5,True,True
2023-03-20,11.5,79,0,3,0.9778483415056568,0.20931464596304847,11.5,11.5,11.5,10.0,11.5,True,True
2023-03-21,11.5,80,1,3,0.9813064702716093,0.19245158197082998,11.5,11.5,11.5,10.0,11.5,True,True
2023-03-22,11.5,81,2,3,0.9844738167520922,0.1755314904214282,11.5,11.5,11.5,10.0,11.5,True,True
2023-03-23,11.5,82,3,3,0.9873494423939864,0.15855938510313475,11.5,11.5,11.5,10.0,11.5,True,True
2023-03-24,11.5,83,4,3,0.989932495087353,0.141540295217043,11.5,11.5,11.5,10.0,11.5,True,True
2023-03-25,11.5,84,5,3,0.9922222094179323,0.12447926388678915,11.5,11.5,11.5,10.0,11.5,True,True
2023-03-26,11.5,85,6,3,0.994217906893952,0.10738134666416309,11.5,11.5,11.5,10.0,11.5,True,True
2023-03-27,11.5,86,0,3,0.995918996147179,0.09025161003104117,11.5,11.5,11.5,10.0,11.5,True,True
2023-03-28,11.5,87,1,3,0.9973249731081555,0.07309512989807777,11.5,11.5,11.5,10.0,11.5,True,True
2023-03-29,11.5,88,2,3,0.9984354211555643,0.055916990100603484,11.5,11.5,11.5,10.0,11.5,True,True
2023-03-30,11.5,89,3,3,0.9992500112396835,0.03872228089217446,11.5,11.5,11.5,11.0,11.5,True,True
2023-03-31,11.5,90,4,3,0.9997685019798909,0.021516097436222254,11.5,11.5,11.5,11.0,11.5,True,True
2023-04-01,11.5,91,5,4,0.9999907397361901,0.004303538296244289,11.5,11.5,11.5,11.0,11.5,True,True
2023-04-02,11.5,92,6,4,0.9999166586547379,-0.01291029607500882,11.5,11.5,11.5,11.0,11.5,True,True
2023-04-03,11.5,93,0,4,0.9995462806873573,-0.030120304846908114,11.5,11.5,11.5,11.0,11.5,True,True
2023-04-04,11.5,94,1,4,0.9988797155850336,-0.04732138832243185,11.5,11.5,11.5,11.0,11.5,True,True
2023-04-05,11.5,95,2,4,0.9979171608653922,-0.06450844944931623,11.5,11.5,11.5,11.0,11.5,True,True
2023-04-06,11.5,96,3,4,0.9966589017541702,-0.08167639533042241,11.5,11.5,11.5,11.0,11.5,True,True
2023-04-07,11.5,97,4,4,0.9951053111006976,-0.09882013873287143,11.5,11.5,11.5,11.0,11.5,True,True
2023-04-08,11.5,98,5,4,0.9932568492674143,-0.11593459959550041,11.5,11.5,11.5,11.0,11.5,True,True
2023-04-09,11.5,99,6,4,0.9911140639934547,-0.1330147065341959,11.5,11.5,11.5,11.0,11.5,True,True
2023-04-10,11.5,100,0,4,0.9886775902323405,-0.1500553983446526,11.5,11.5,11.5,11.0,11.5,True,True
2023-04-11,11.5,101,1,4,0.9859481499638304,-0.16705162550211924,11.5,11.5,11.5,11.0,11.5,True,True
2023-04-12,11.5,102,2,4,0.9829265519799822,-0.18399835165768005,11.5,11.5,11.5,11.0,11.5,True,True
2023-04-13,11.5,103,3,4,0.9796136916454901,-0.20089055513063506,11.5,11.5,11.5,11.0,11.5,True,True
2023-04-14,11.5,104,4,4,0.9760105506323683,-0.21772323039653177,11.5,11.5,11.5,11.0,11.5,True,True
2023-04-15,11.5,105,5,4,0.9721181966290613,-0.23449138957040985,11.5,11.5,11.5,11.0,11.5,True,True
2023-04-16,11.5,106,6,4,0.9679377830240642,-0.25119006388481935,11.5,11.5,11.5,11.0,11.5,True,True
2023-04-17,11.75,107,0,4,0.9634705485641488,-0.2678143051621742,11.5,11.5,11.5,11.0,11.508333333333333,True,True
2023-04-18,12.0,108,1,4,0.9587178169872964,-0.2843591872810034,11.75,11.5,11.5,11.0,11.525,True,True
2023-04-19,12.0,109,2,4,0.9536809966304457,-0.30081980763566735,12.0,11.5,11.5,11.0,11.541666666666666,True,True
2023-04-20,12.0,110,3,4,0.9483615800121715,-0.3171912885891061,12.0,11.5,11.5,11.0,11.558333333333334,True,True
2023-04-21,12.0,111,4,4,0.9427611433904207,-0.3334687789181868,12.0,11.5,11.5,11.0,11.575,True,True
2023-04-22,12.0,112,5,4,0.9368813462954315,-0.3496474552512284,12.0,11.5,11.5,11.0,11.591666666666667,True,True
2023-04-23,12.0,113,6,4,0.9307239310379795,-0.36572252349726897,12.0,11.5,11.5,11.0,11.608333333333333,True,True
2023-04-24,12.0,114,0,4,0.9242907221930933,-0.3816892202666588,12.0,11.75,11.5,11.0,11.625,True,True
2023-04-25,12.0,115,1,4,0.9175836260593937,-0.39754281428255595,12.0,12.0,11.5,10.75,11.641666666666667,True,True
2023-04-26,12.0,116,2,4,0.9106046300942162,-0.4132786077829042,12.0,12.0,11.5,10.5,11.658333333333333,True,True
2023-04-27,12.0,117,3,4,0.9033558023246845,-0.4288919379124835,12.0,12.0,11.5,10.5,11.675,True,True
2023-04-28,12.0,118,4,4,0.895839290734909,-0.4443781781046132,12.0,12.0,11.5,10.5,11.691666666666666,True,True
2023-04-29,12.0,119,5,4,0.8880573226294932,-0.45973273945210397,12.0,12.0,11.5,10.5,11.708333333333334,True,True
2023-04-30,12.0,120,6,4,0.8800122039735357,-0.47495107206704995,12.0,12.0,11.5,10.5,11.725,True,True
2023-05-01,12.0,121,0,5,0.8717063187093218,-0.4900286664290592,12.0,12.0,11.5,10.5,11.741666666666667,True,True
2023-05-02,12.0,122,1,5,0.8631421280499114,-0.5049610547215204,12.0,12.0,11.5,10.5,11.758333333333333,True,True
2023-05-03,12.0,123,2,5,0.854322169749827,-0.5197438121555155,12.0,12.0,11.5,10.5,11.775,True,True
2023-05-04,12.0,124,3,5,0.8452490573530633,-0.5343725582809786,12.0,12.0,11.5,10.5,11.791666666666666,True,True
2023-05-05,12.0,125,4,5,0.8359254794186372,-0.548842958284719,12.0,12.0,11.5,10.5,11.808333333333334,True,True
2023-05-06,12.0,126,5,5,0.8263541987239096,-0.5631507242749186,12.0,12.0,11.5,10.5,11.825,True,True
2023-05-07,12.0,127,6,5,0.8165380514459161,-0.5772916165517272,12.0,12.0,11.5,10.5,11.841666666666667,True,True
2023-05-08,12.0,128,0,5,0.8064799463209448,-0.5912614448635781,12.0,12.0,11.5,10.5,11.858333333333333,True,True
2023-05-09,12.0,129,1,5,0.7961828637826158,-0.6050560696488488,12.0,12.0,11.5,10.5,11.875,True,True
2023-05-10,11.0,130,2,5,0.7856498550787147,-0.6186714032625031,12.0,12.0,11.5,10.5,11.858333333333333,True,True
2023-05-11,11.0,131,3,5,0.7748840413670407,-0.6321034111873487,11.0,12.0,11.5,10.5,11.841666666666667,True,True
2023-05-12,11.0,132,4,5,0.7638886127905428,-0.6453481132295501,11.0,12.0,11.5,10.5,11.825,True,True
2023-05-13,11.5,133,5,5,0.7526668275320085,-0.6584015846980488,11.0,12.0,11.5,10.5,11.825,True,True
2023-05-14,12.0,134,6,5,0.7412220108485958,-0.6712599575675313,11.5,12.0,11.5,10.5,11.841666666666667,True,True
2023-05-15,11.0,135,0,5,0.7295575540864875,-0.6839194216246106,12.0,12.0,11.5,10.5,11.825,True,True
2023-05-16,11.0,136,1,5,0.717676913675962,-0.6963762255968722,11.0,12.0,11.5,10.5,11.808333333333334,True,True
2023-05-17,11.0,137,2,5,0.705583610107178,-0.7086266782644596,11.0,11.0,11.75,10.5,11.783333333333333,True,True
2023-05-18,11.0,138,3,5,0.6932812268869777,-0.7206671495538609,11.0,11.0,12.0,10.5,11.75,True,True
2023-05-19,11.0,139,4,5,0.6807734094770161,-0.7324940716135789,11.0,11.0,12.0,10.5,11.716666666666667,True,True
2023-05-20,11.0,140,5,5,0.6680638642135335,-0.7441039398713607,11.0,11.5,12.0,10.5,11.683333333333334,True,True
2023-05-21,11.0,141,6,5,0.6551563572090853,-0.7554933140726803,11.0,12.0,12.0,10.5,11.65,True,True
2023-05-22,11.0,142,0,5,0.6420547132365637,-0.766658819300159,11.0,11.0,12.0,10.5,11.616666666666667,True,True
2023-05-23,11.0,143,1,5,0.6287628145958344,-0.7775971469736269,11.0,11.0,12.0,10.5,11.583333333333334,True,True
2023-05-24,11.0,144,2,5,0.6152845999633276,-0.7883050558305255,11.0,11.0,12.0,10.5,11.55,True,True
2023-05-25,11.0,145,3,5,0.6016240632249226,-0.7987793728863649,11.0,11.0,12.0,10.5,11.516666666666667,True,True
2023-05-26,11.0,146,4,5,0.5877852522924732,-0.8090169943749473,11.0,11.0,12.0,10.5,11.483333333333333,True,True
2023-05-27,11.0,147,5,5,0.5737722679043246,-0.8190148866680801,11.0,11.0,12.0,10.5,11.45,True,True
2023-05-28,11.0,148,6,5,0.5595892624101765,-0.8287700871745038,11.0,11.0,12.0,10.5,11.416666666666666,True,True
2023-05-29,11.0,149,0,5,0.545240438540651,-0.8382797052177744,11.0,11.0,12.0,10.5,11.383333333333333,True,True
2023-05-30,11.0,150,1,5,0.5307300481619334,-0.8475409228928311,11.0,11.0,12.0,10.5,11.35,True,True
2023-05-31,11.0,151,2,5,0.5160623910158528,-0.8565509959010036,11.0,11.0,12.0,10.5,11.316666666666666,True,True
2023-06-01,11.0,152,3,6,0.5012418134457758,-0.865307254363206,11.0,11.0,12.0,10.5,11.283333333333333,True,True
2023-06-02,11.0,153,4,6,0.48627270710868997,-0.8738071036110808,11.0,11.0,12.0,10.5,11.25,True,True
2023-06-03,11.0,154,5,6,0.4711595076738638,-0.8820480249558537,11.0,11.0,12.0,10.5,11.216666666666667,True,True
2023-06-04,11.0,155,6,6,0.4559066935084588,-0.8900275764346767,11.0,11.0,12.0,10.5,11.183333333333334,True,True
2023-06-05,11.0,156,0,6,0.440518784350495,-0.8977433935342337,11.0,11.0,12.0,10.5,11.15,True,True
2023-06-06,11.0,157,1,6,0.42500033996955416,-0.9051931898913974,11.0,11.0,12.0,10.5,11.116666666666667,True,True
2023-06-07,11.0,158,2,6,0.4093559588156213,-0.9123747579707273,11.0,11.0,12.0,10.5,11.083333333333334,True,True
2023-06-08,11.0,159,3,6,0.39359027665646673,-0.9192859697186104,11.0,11.0,12.0,10.5,11.05,True,True
2023-06-09,11.0,160,4,6,0.3777079652039649,-0.9259247771938498,11.0,11.0,11.0,10.5,11.05,True,True
2023-06-10,11.0,161,5,6,0.36171373072976765,-0.9322892131745133,11.0,11.0,11.0,10.5,11.05,True,True
2023-06-11,11.0,162,6,6,0.3456123126707335,-0.9383773917408641,11.0,11.0,11.0,10.5,11.05,True,True
2023-06-12,11.0,163,0,6,0.3294084822245304,-0.9441875088341993,11.0,11.0,11.5,10.5,11.033333333333333,True,True
2023-06-13,11.0,164,1,6,0.3131070409358269,-0.9497178427914316,11.0,11.0,12.0,10.5,11.0,True,True
2023-06-14,11.0,165,2,6,0.29671281927349075,-0.9549667548552551,11.0,11.0,11.0,10.5,11.0,True,True
2023-06-15,11.0,166,3,6,0.28023067519921585,-0.9599326896597447,11.0,11.0,11.0,10.5,11.0,True,True
2023-06-16,11.0,167,4,6,0.26366549272800704,-0.9646141756912435,11.0,11.0,11.0,10.5,11.0,True,True
2023-06-17,11.0,168,5,6,0.24702218048093552,-0.9690098257244062,11.0,11.0,11.0,10.5,11.0,True,True
2023-06-18,11.0,169,6,6,0.23030567023061221,-0.9731183372332619,11.0,11.0,11.0,10.5,11.0,True,True
2023-06-19,11.0,170,0,6,0.21352091543979612,-0.9769384927771817,11.0,11.0,11.0,10.5,11.0,True,True
2023-06-20,11.0,171,1,6,0.19667288979357647,-0.980469160361632,11.0,11.0,11.0,10.5,11.0,True,True
2023-06-21,11.0,172,2,6,0.1797665857255624,-0.9837092937736097,11.0,11.0,11.0,10.5,11.0,True,True
2023-06-22,11.0,173,3,6,0.16280701293851715,-0.986657932891657,11.0,11.0,11.0,10.5,11.0,True,True
2023-06-23,11.0,174,4,6,0.1457991969198751,-0.9893142039703663,11.0,11.0,11.0,10.5,11.0,True,True
2023-06-24,11.0,175,5,6,0.12874817745258132,-0.99167731989929,11.0,11.0,11.0,10.5,11.0,True,True
2023-06-25,11.0,176,6,6,0.11165900712169512,-0.993746580436178,11.0,11.0,11.0,10.5,11.0,True,True
2023-06-26,11.0,177,0,6,0.09453674981719912,-0.9955213724144752,11.0,11.0,11.0,10.5,11.0,True,True
2023-06-27,11.0,178,1,6,0.07738647923346301,-0.9970011699250151,11.0,11.0,11.0,10.5,11.0,True,True
2023-06-28,11.0,179,2,6,0.06021327736579302,-0.9981855344718586,11.0,11.0,11.0,10.0,11.0,True,True
2023-06-29,11.0,180,3,6,0.04302223300453059,-0.99907411510223,11.0,11.0,11.0,10.0,11.0,True,True
2023-06-30,11.0,181,4,6,0.02581844022713308,-0.9996666485105112,11.0,11.0,11.0,10.0,11.0,True,True
2023-07-01,11.0,182,5,7,0.008606996888688698,-0.9999629591162655,11.0,11.0,11.0,10.0,11.0,True,True
2023-07-02,11.0,183,6,7,-0.008606996888688009,-0.9999629591162655,11.0,11.0,11.0,10.0,11.0,True,True
2023-07-03,11.0,184,0,7,-0.02581844022713239,-0.9996666485105112,11.0,11.0,11.0,10.0,11.0,True,True
2023-07-04,11.0,185,1,7,-0.04302223300453034,-0.99907411510223,11.0,11.0,11.0,10.0,11.0,True,True
2023-07-05,11.0,186,2,7,-0.060213277365792774,-0.9981855344718586,11.0,11.0,11.0,10.0,11.0,True,True
2023-07-06,11.0,187,3,7,-0.07738647923346322,-0.9970011699250151,11.0,11.0,11.0,10.0,11.0,True,True
2023-07-07,11.0,188,4,7,-0.09453674981719933,-0.9955213724144752,11.0,11.0,11.0,10.0,11.0,True,True
2023-07-08,11.0,189,5,7,-0.11165900712169444,-0.9937465804361781,11.0,11.0,11.0,10.0,11.0,True,True
2023-07-09,11.0,190,6,7,-0.12874817745258066,-0.99167731989929,11.0,11.0,11.0,10.0,11.0,True,True
2023-07-10,11.0,191,0,7,-0.14579919691987442,-0.9893142039703664,11.0,11.0,11.0,10.0,11.0,True,True
2023-07-11,11.0,192,1,7,-0.16280701293851646,-0.9866579328916572,11.0,11.0,11.0,10.0,11.0,True,True
2023-07-12,12.0,193,2,7,-0.17976658572556214,-0.9837092937736098,11.0,11.0,11.0,10.0,11.033333333333333,True,True
2023-07-13,12.0,194,3,7,-0.19667288979357622,-0.9804691603616321,12.0,11.0,11.0,10.0,11.066666666666666,True,True
2023-07-14,12.0,195,4,7,-0.2135209154397959,-0.9769384927771817,12.0,11.0,11.0,10.0,11.1,True,True
2023-07-15,13.0,196,5,7,-0.23030567023061196,-0.973118337233262,12.0,11.0,11.0,10.0,11.166666666666666,True,True
2023-07-16,14.0,197,6,7,-0.24702218048093527,-0.9690098257244063,13.0,11.0,11.0,10.0,11.266666666666667,True,True
2023-07-17,14.0,198,0,7,-0.2636654927280072,-0.9646141756912435,14.0,11.0,11.0,10.0,11.366666666666667,True,True
2023-07-18,14.0,199,1,7,-0.2802306751992161,-0.9599326896597445,14.0,11.0,11.0,10.0,11.466666666666667,True,True
2023-07-19,13.0,200,2,7,-0.2967128192734901,-0.9549667548552553,14.0,12.0,11.0,10.0,11.533333333333333,True,True
2023-07-20,12.0,201,3,7,-0.3131070409358267,-0.9497178427914317,13.0,12.0,11.0,10.0,11.566666666666666,True,True
2023-07-21,12.0,202,4,7,-0.3294084822245302,-0.9441875088341994,12.0,12.0,11.0,10.0,11.6,True,True
2023-07-22,12.0,203,5,7,-0.3456123126707333,-0.9383773917408642,12.0,13.0,11.0,10.0,11.633333333333333,True,True
2023-07-23,12.0,204,6,7,-0.3617137307297674,-0.9322892131745134,12.0,14.0,11.0,10.0,11.666666666666666,True,True
2023-07-24,12.0,205,0,7,-0.37770796520396466,-0.9259247771938499,12.0,14.0,11.0,10.0,11.7,True,True
2023-07-25,12.0,206,1,7,-0.39359027665646645,-0.9192859697186105,12.0,14.0,11.0,10.0,11.733333333333333,True,True
2023-07-26,12.5,207,2,7,-0.4093559588156211,-0.9123747579707274,12.0,13.0,11.0,10.0,11.783333333333333,True,True
2023-07-27,13.0,208,3,7,-0.42500033996955394,-0.9051931898913975,12.5,12.0,11.0,10.0,11.85,True,True
2023-07-28,13.0,209,4,7,-0.4405187843504952,-0.8977433935342336,13.0,12.0,11.0,10.0,11.916666666666666,True,True
2023-07-29,13.0,210,5,7,-0.455906693508459,-0.8900275764346766,13.0,12.0,11.0,10.0,11.983333333333333,True,True
2023-07-30,13.0,211,6,7,-0.47115950767386394,-0.8820480249558535,13.0,12.0,11.0,10.0,12.05,True,True
2023-07-31,13.0,212,0,7,-0.4862727071086902,-0.8738071036110807,13.0,12.0,11.0,10.0,12.116666666666667,True,True
2023-08-01,13.0,213,1,8,-0.5012418134457756,-0.8653072543632061,13.0,12.0,11.0,10.0,12.183333333333334,True,True
2023-08-02,13.0,214,2,8,-0.5160623910158526,-0.8565509959010037,13.0,12.5,11.0,10.0,12.25,True,True
2023-08-03,13.0,215,3,8,-0.5307300481619331,-0.8475409228928312,13.0,13.0,11.0,10.0,12.316666666666666,True,True
2023-08-04,13.0,216,4,8,-0.5452404385406507,-0.8382797052177745,13.0,13.0,11.0,10.0,12.383333333333333,True,True
2023-08-05,13.0,217,5,8,-0.5595892624101763,-0.828770087174504,13.0,13.0,11.0,10.0,12.45,True,True
2023-08-06,13.0,218,6,8,-0.5737722679043243,-0.8190148866680802,13.0,13.0,11.0,10.0,12.516666666666667,True,True
2023-08-07,13.0,219,0,8,-0.5877852522924734,-0.8090169943749472,13.0,13.0,11.0,10.0,12.583333333333334,True,True
2023-08-08,13.0,220,1,8,-0.6016240632249227,-0.7987793728863648,13.0,13.0,11.0,10.0,12.65,True,True
2023-08-09,13.0,221,2,8,-0.6152845999633277,-0.7883050558305253,13.0,13.0,11.0,10.0,12.716666666666667,True,True
2023-08-10,13.0,222,3,8,-0.6287628145958345,-0.7775971469736268,13.0,13.0,11.0,10.0,12.783333333333333,True,True
2023-08-11,13.0,223,4,8,-0.6420547132365636,-0.7666588193001592,13.0,13.0,12.0,10.0,12.816666666666666,True,True
2023-08-12,13.0,224,5,8,-0.655156357209085,-0.7554933140726804,13.0,13.0,12.0,10.0,12.85,True,True
2023-08-13,13.0,225,6,8,-0.6680638642135333,-0.7441039398713608,13.0,13.0,12.0,10.0,12.883333333333333,True,True
2023-08-14,13.0,226,0,8,-0.6807734094770159,-0.7324940716135792,13.0,13.0,13.0,10.0,12.883333333333333,True,True
2023-08-15,13.0,227,1,8,-0.6932812268869771,-0.7206671495538615,13.0,13.0,14.0,10.0,12.85,True,True
2023-08-16,13.0,228,2,8,-0.7055836101071774,-0.70862667826446,13.0,13.0,14.0,10.0,12.816666666666666,True,True
2023-08-17,13.0,229,3,8,-0.7176769136759615,-0.6963762255968726,13.0,13.0,14.0,10.0,12.783333333333333,True,True
