pubDate,avgPrice,day_of_year,day_of_week,month,doy_sin,doy_cos,avgPrice_lag_1,avgPrice_lag_7,avgPrice_lag_30,avgPrice_lag_365,avgPrice_MA_30,specInfo_红心,specInfo_UNKNOWN,prodPcat_进口果
2022-07-20,5.0,201,2,7,-0.3131070409358267,-0.9497178427914317,5.0,5.0,5.0,4.5,5.0,True,False,True
2022-07-20,4.75,201,2,7,-0.3131070409358267,-0.9497178427914317,4.775,4.925,7.0,3.75,5.920833333333333,False,True,True
2022-07-21,5.0,202,3,7,-0.3294084822245302,-0.9441875088341994,5.0,5.0,5.0,4.5,5.0,True,False,True
2022-07-21,4.75,202,3,7,-0.3294084822245302,-0.9441875088341994,4.75,4.9,7.0,3.75,5.845833333333333,False,True,True
2022-07-22,5.0,203,4,7,-0.3456123126707333,-0.9383773917408642,5.0,5.0,5.0,4.5,5.0,True,False,True
2022-07-22,4.75,203,4,7,-0.3456123126707333,-0.9383773917408642,4.75,4.875,7.0,3.75,5.770833333333333,False,True,True
2022-07-23,5.0,204,5,7,-0.3617137307297674,-0.9322892131745134,5.0,5.0,5.0,4.5,5.0,True,False,True
2022-07-23,4.75,204,5,7,-0.3617137307297674,-0.9322892131745134,4.75,4.85,7.0,3.75,5.695833333333334,False,True,True
2022-07-24,5.0,205,6,7,-0.37770796520396466,-0.9259247771938499,5.0,5.0,5.0,4.5,5.0,True,False,True
2022-07-24,4.75,205,6,7,-0.37770796520396466,-0.9259247771938499,4.75,4.825,7.0,3.75,5.620833333333334,False,True,True
2022-07-25,4.75,206,0,7,-0.39359027665646645,-0.9192859697186105,4.75,4.8,7.0,3.75,5.545833333333333,False,True,True
2022-07-25,5.0,206,0,7,-0.39359027665646645,-0.9192859697186105,5.0,5.0,5.0,4.5,5.0,True,False,True
2022-07-26,5.0,207,1,7,-0.4093559588156211,-0.9123747579707274,5.0,5.0,5.0,4.5,5.0,True,False,True
2022-07-26,4.75,207,1,7,-0.4093559588156211,-0.9123747579707274,4.75,4.775,7.0,3.75,5.470833333333333,False,True,True
2022-07-27,4.75,208,2,7,-0.42500033996955394,-0.9051931898913975,4.75,4.75,7.0,3.75,5.395833333333333,False,True,True
2022-07-27,5.0,208,2,7,-0.42500033996955394,-0.9051931898913975,5.0,5.0,5.0,4.5,5.0,True,False,True
2022-07-28,4.75,209,3,7,-0.4405187843504952,-0.8977433935342336,4.75,4.75,7.0,3.75,5.320833333333334,False,True,True
2022-07-28,5.0,209,3,7,-0.4405187843504952,-0.8977433935342336,5.0,5.0,5.0,4.5,5.0,True,False,True
2022-07-29,4.75,210,4,7,-0.455906693508459,-0.8900275764346766,4.75,4.75,7.0,3.75,5.245833333333334,False,True,True
2022-07-29,5.0,210,4,7,-0.455906693508459,-0.8900275764346766,5.0,5.0,5.0,4.5,5.0,True,False,True
2022-07-30,4.75,211,5,7,-0.47115950767386394,-0.8820480249558535,4.75,4.75,7.0,3.75,5.170833333333333,False,True,True
2022-07-30,5.0,211,5,7,-0.47115950767386394,-0.8820480249558535,5.0,5.0,5.0,4.5,5.0,True,False,True
2022-07-31,4.75,212,6,7,-0.4862727071086902,-0.8738071036110807,4.75,4.75,6.8,3.75,5.102500000000001,False,True,True
2022-07-31,5.0,212,6,7,-0.4862727071086902,-0.8738071036110807,5.0,5.0,5.0,4.5,5.0,True,False,True
2022-08-01,4.735,213,0,8,-0.5012418134457756,-0.8653072543632061,4.75,4.75,6.6,3.75,5.040333333333334,False,True,True
2022-08-01,5.0,213,0,8,-0.5012418134457756,-0.8653072543632061,5.0,5.0,5.0,4.5,5.0,True,False,True
2022-08-02,4.72,214,1,8,-0.5160623910158526,-0.8565509959010037,4.735,4.75,6.4,3.75,4.984333333333334,False,True,True
2022-08-02,5.0,214,1,8,-0.5160623910158526,-0.8565509959010037,5.0,5.0,5.0,4.5,5.0,True,False,True
2022-08-03,5.0,215,2,8,-0.5307300481619331,-0.8475409228928312,5.0,5.0,5.0,4.5,5.0,True,False,True
2022-08-03,4.705,215,2,8,-0.5307300481619331,-0.8475409228928312,4.72,4.75,6.2,3.75,4.9345,False,True,True
2022-08-04,5.0,216,3,8,-0.5452404385406507,-0.8382797052177745,5.0,5.0,5.0,4.5,5.0,True,False,True
2022-08-04,4.6899999999999995,216,3,8,-0.5452404385406507,-0.8382797052177745,4.705,4.75,6.0,3.75,4.890833333333333,False,True,True
2022-08-05,5.0,217,4,8,-0.5595892624101763,-0.828770087174504,5.0,5.0,5.0,4.5,5.0,True,False,True
2022-08-05,4.675,217,4,8,-0.5595892624101763,-0.828770087174504,4.6899999999999995,4.75,5.8,3.75,4.8533333333333335,False,True,True
2022-08-06,5.0,218,5,8,-0.5737722679043243,-0.8190148866680802,5.0,5.0,5.0,4.5,5.0,True,False,True
2022-08-06,4.66,218,5,8,-0.5737722679043243,-0.8190148866680802,4.675,4.75,5.6,3.75,4.822000000000001,False,True,True
2022-08-07,5.0,219,6,8,-0.5877852522924734,-0.8090169943749472,5.0,5.0,5.0,4.5,5.0,True,False,True
2022-08-07,4.645,219,6,8,-0.5877852522924734,-0.8090169943749472,4.66,4.75,5.4,3.75,4.796833333333334,False,True,True
2022-08-08,4.63,220,0,8,-0.6016240632249227,-0.7987793728863648,4.645,4.735,5.2,3.75,4.777833333333333,False,True,True
2022-08-08,5.0,220,0,8,-0.6016240632249227,-0.7987793728863648,5.0,5.0,5.0,4.5,5.0,True,False,True
2022-08-09,5.0,221,1,8,-0.6152845999633277,-0.7883050558305253,5.0,5.0,5.0,4.5,5.0,True,False,True
2022-08-09,4.614999999999999,221,1,8,-0.6152845999633277,-0.7883050558305253,4.63,4.72,5.0,3.75,4.765,False,True,True
2022-08-10,5.0,222,2,8,-0.6287628145958345,-0.7775971469736268,5.0,5.0,5.0,4.5,5.0,True,False,True
2022-08-10,4.6,222,2,8,-0.6287628145958345,-0.7775971469736268,4.614999999999999,4.705,4.975,3.75,4.7524999999999995,False,True,True
2022-08-11,4.6,223,3,8,-0.6420547132365636,-0.7666588193001592,4.6,4.6899999999999995,4.95,3.75,4.740833333333333,False,True,True
2022-08-11,5.0,223,3,8,-0.6420547132365636,-0.7666588193001592,5.0,5.0,5.0,4.6,5.0,True,False,True
2022-08-12,5.0,224,4,8,-0.655156357209085,-0.7554933140726804,5.0,5.0,5.0,4.7,5.0,True,False,True
2022-08-12,4.6,224,4,8,-0.655156357209085,-0.7554933140726804,4.6,4.675,4.925,3.75,4.73,False,True,True
2022-08-13,4.6,225,5,8,-0.6680638642135333,-0.7441039398713608,4.6,4.66,4.9,3.75,4.72,False,True,True
2022-08-13,5.0,225,5,8,-0.6680638642135333,-0.7441039398713608,5.0,5.0,5.0,4.8,5.0,True,False,True
2022-08-14,5.0,226,6,8,-0.6807734094770159,-0.7324940716135792,5.0,5.0,5.0,4.9,5.0,True,False,True
2022-08-14,4.6,226,6,8,-0.6807734094770159,-0.7324940716135792,4.6,4.645,4.875,3.75,4.7108333333333325,False,True,True
2022-08-15,4.6,227,0,8,-0.6932812268869771,-0.7206671495538615,4.6,4.63,4.85,3.75,4.7025,False,True,True
2022-08-15,5.0,227,0,8,-0.6932812268869771,-0.7206671495538615,5.0,5.0,5.0,5.0,5.0,True,False,True
2022-08-16,5.0,228,1,8,-0.7055836101071774,-0.70862667826446,5.0,5.0,5.0,5.1,5.0,True,False,True
2022-08-16,4.6,228,1,8,-0.7055836101071774,-0.70862667826446,4.6,4.614999999999999,4.825,3.75,4.694999999999999,False,True,True
2022-08-17,5.0,229,2,8,-0.7176769136759615,-0.6963762255968726,5.0,5.0,5.0,5.2,5.0,True,False,True
2022-08-17,4.6,229,2,8,-0.7176769136759615,-0.6963762255968726,4.6,4.6,4.8,3.75,4.6883333333333335,False,True,True
2022-08-18,5.0,230,3,8,-0.7295575540864876,-0.6839194216246105,5.0,5.0,5.0,5.3,5.0,True,False,True
2022-08-18,4.6,230,3,8,-0.7295575540864876,-0.6839194216246105,4.6,4.6,4.775,3.75,4.6825,False,True,True
2022-08-19,5.0,231,4,8,-0.7412220108485957,-0.6712599575675315,5.0,5.0,5.0,5.4,5.0,True,False,True
2022-08-19,4.6,231,4,8,-0.7412220108485957,-0.6712599575675315,4.6,4.6,4.75,3.75,4.677499999999999,False,True,True
2022-08-20,4.6,232,5,8,-0.7526668275320083,-0.6584015846980489,4.6,4.6,4.75,3.75,4.672499999999999,False,True,True
2022-08-20,5.0,232,5,8,-0.7526668275320083,-0.6584015846980489,5.0,5.0,5.0,5.5,5.0,True,False,True
2022-08-21,4.583333333333333,233,6,8,-0.7638886127905429,-0.64534811322955,4.6,4.6,4.75,3.75,4.666944444444444,False,True,True
2022-08-21,5.0,233,6,8,-0.7638886127905429,-0.64534811322955,5.0,5.0,5.0,5.5,5.0,True,False,True
2022-08-22,4.566666666666666,234,0,8,-0.7748840413670406,-0.6321034111873488,4.583333333333333,4.6,4.75,3.75,4.660833333333333,False,True,True
2022-08-22,5.0,234,0,8,-0.7748840413670406,-0.6321034111873488,5.0,5.0,5.0,5.5,5.0,True,False,True
2022-08-23,5.0,235,1,8,-0.7856498550787144,-0.6186714032625032,5.0,5.0,5.0,5.5,5.0,True,False,True
2022-08-23,4.55,235,1,8,-0.7856498550787144,-0.6186714032625032,4.566666666666666,4.6,4.75,3.75,4.654166666666666,False,True,True
2022-08-24,4.533333333333333,236,2,8,-0.7961828637826154,-0.6050560696488494,4.55,4.6,4.75,3.75,4.646944444444444,False,True,True
2022-08-24,5.0,236,2,8,-0.7961828637826154,-0.6050560696488494,5.0,5.0,5.0,5.5,5.0,True,False,True
2022-08-25,5.0,237,3,8,-0.8064799463209447,-0.5912614448635782,5.0,5.0,5.0,5.5,5.0,True,False,True
2022-08-25,4.516666666666667,237,3,8,-0.8064799463209447,-0.5912614448635782,4.533333333333333,4.6,4.75,3.75,4.639166666666666,False,True,True
2022-08-26,4.5,238,4,8,-0.8165380514459157,-0.5772916165517278,4.516666666666667,4.6,4.75,3.75,4.6308333333333325,False,True,True
2022-08-26,5.0,238,4,8,-0.8165380514459157,-0.5772916165517278,5.0,5.0,5.0,5.5,5.0,True,False,True
2022-08-27,4.483333333333333,239,5,8,-0.8263541987239094,-0.5631507242749187,4.5,4.6,4.75,3.75,4.621944444444444,False,True,True
2022-08-27,5.0,239,5,8,-0.8263541987239094,-0.5631507242749187,5.0,5.0,5.0,5.5,5.0,True,False,True
2022-08-28,4.466666666666667,240,6,8,-0.8359254794186365,-0.5488429582847199,4.483333333333333,4.583333333333333,4.75,3.75,4.612499999999999,False,True,True
2022-08-28,5.0,240,6,8,-0.8359254794186365,-0.5488429582847199,5.0,5.0,5.0,5.5,5.0,True,False,True
2022-08-29,5.0,241,0,8,-0.8452490573530634,-0.5343725582809785,5.0,5.0,5.0,5.5,5.0,True,False,True
2022-08-29,4.45,241,0,8,-0.8452490573530634,-0.5343725582809785,4.466666666666667,4.566666666666666,4.75,3.75,4.6025,False,True,True
2022-08-30,5.0,242,1,8,-0.8543221697498269,-0.5197438121555157,5.0,5.0,5.0,5.5,5.0,True,False,True
2022-08-30,4.433333333333334,242,1,8,-0.8543221697498269,-0.5197438121555157,4.45,4.55,4.75,3.75,4.591944444444445,False,True,True
2022-08-31,5.0,243,2,8,-0.8631421280499115,-0.5049610547215202,5.0,5.0,5.0,5.5,5.0,True,False,True
2022-08-31,4.416666666666666,243,2,8,-0.8631421280499115,-0.5049610547215202,4.433333333333334,4.533333333333333,4.735,3.75,4.581333333333333,False,True,True
2022-09-01,5.0,244,3,9,-0.8717063187093217,-0.4900286664290594,5.0,5.0,5.0,5.5,5.0,True,False,True
2022-09-01,4.3999999999999995,244,3,9,-0.8717063187093217,-0.4900286664290594,4.416666666666666,4.516666666666667,4.72,3.75,4.570666666666667,False,True,True
2022-09-02,5.0,245,4,9,-0.8800122039735356,-0.4749510720670502,5.0,5.0,5.0,5.5,5.0,True,False,True
2022-09-02,4.383333333333333,245,4,9,-0.8800122039735356,-0.4749510720670502,4.3999999999999995,4.5,4.705,3.75,4.559944444444444,False,True,True
2022-09-03,4.366666666666666,246,5,9,-0.888057322629493,-0.4597327394521046,4.383333333333333,4.483333333333333,4.6899999999999995,3.75,4.549166666666666,False,True,True
2022-09-03,5.0,246,5,9,-0.888057322629493,-0.4597327394521046,5.0,5.0,5.0,5.5,5.0,True,False,True
2022-09-04,5.0,247,6,9,-0.8958392907349089,-0.4443781781046134,5.0,5.0,5.0,5.5,5.0,True,False,True
2022-09-04,4.35,247,6,9,-0.8958392907349089,-0.4443781781046134,4.366666666666666,4.466666666666667,4.675,3.75,4.538333333333333,False,True,True
2022-09-05,5.0,248,0,9,-0.9033558023246842,-0.4288919379124841,5.0,5.0,5.0,5.5,5.0,True,False,True
2022-09-05,4.333333333333333,248,0,9,-0.9033558023246842,-0.4288919379124841,4.35,4.45,4.66,3.75,4.527444444444444,False,True,True
2022-09-06,5.0,249,1,9,-0.9106046300942162,-0.41327860778290443,5.0,5.0,5.0,5.5,5.0,True,False,True
2022-09-06,4.316666666666666,249,1,9,-0.9106046300942162,-0.41327860778290443,4.333333333333333,4.433333333333334,4.645,3.75,4.5165,False,True,True
2022-09-07,4.3,250,2,9,-0.9175836260593934,-0.3975428142825566,4.316666666666666,4.416666666666666,4.63,3.75,4.5055,False,True,True
2022-09-07,5.0,250,2,9,-0.9175836260593934,-0.3975428142825566,5.0,5.0,5.0,5.5,5.0,True,False,True
2022-09-08,5.0,251,3,9,-0.9242907221930934,-0.3816892202666586,5.0,5.0,5.0,5.5,5.0,True,False,True
2022-09-08,4.283333333333333,251,3,9,-0.9242907221930934,-0.3816892202666586,4.3,4.3999999999999995,4.614999999999999,3.75,4.494444444444444,False,True,True
2022-09-09,5.0,252,4,9,-0.9307239310379793,-0.3657225234972692,5.0,5.0,5.0,5.5,5.0,True,False,True
2022-09-09,4.266666666666667,252,4,9,-0.9307239310379793,-0.3657225234972692,4.283333333333333,4.383333333333333,4.6,3.75,4.483333333333333,False,True,True
2022-09-10,5.0,253,5,9,-0.9368813462954315,-0.34964745525122826,5.0,5.0,5.0,5.5,5.0,True,False,True
2022-09-10,4.25,253,5,9,-0.9368813462954315,-0.34964745525122826,4.266666666666667,4.366666666666666,4.6,3.75,4.471666666666667,False,True,True
2022-09-11,4.2375,254,6,9,-0.9427611433904206,-0.33346877891818705,4.25,4.35,4.6,3.75,4.459583333333333,False,True,True
2022-09-11,5.0,254,6,9,-0.9427611433904206,-0.33346877891818705,5.0,5.0,5.0,5.4625,5.0,True,False,True
2022-09-12,4.225,255,0,9,-0.9483615800121716,-0.31719128858910595,4.2375,4.333333333333333,4.6,3.75,4.4470833333333335,False,True,True
2022-09-12,5.0,255,0,9,-0.9483615800121716,-0.31719128858910595,5.0,5.0,5.0,5.425,5.0,True,False,True
2022-09-13,5.0,256,1,9,-0.9536809966304455,-0.300819807635668,5.0,5.0,5.0,5.3875,5.0,True,False,True
2022-09-13,4.2125,256,1,9,-0.9536809966304455,-0.300819807635668,4.225,4.316666666666666,4.6,3.75,4.434166666666667,False,True,True
2022-09-14,4.2,257,2,9,-0.9587178169872964,-0.2843591872810036,4.2125,4.3,4.6,3.75,4.420833333333333,False,True,True
2022-09-14,5.0,257,2,9,-0.9587178169872964,-0.2843591872810036,5.0,5.0,5.0,5.35,5.0,True,False,True
2022-09-15,5.0,258,3,9,-0.9634705485641486,-0.26781430516217486,5.0,5.0,5.0,5.3125,5.0,True,False,True
2022-09-15,4.1875,258,3,9,-0.9634705485641486,-0.26781430516217486,4.2,4.283333333333333,4.6,3.75,4.4070833333333335,False,True,True
2022-09-16,5.0,259,4,9,-0.9679377830240642,-0.25119006388481957,5.0,5.0,5.0,5.275,5.0,True,False,True
2022-09-16,4.175,259,4,9,-0.9679377830240642,-0.25119006388481957,4.1875,4.266666666666667,4.6,3.75,4.392916666666666,False,True,True
2022-09-17,4.1625,260,5,9,-0.9721181966290612,-0.23449138957041052,4.175,4.25,4.6,3.75,4.378333333333333,False,True,True
2022-09-17,5.0,260,5,9,-0.9721181966290612,-0.23449138957041052,5.0,5.0,5.0,5.2375,5.0,True,False,True
2022-09-18,4.15,261,6,9,-0.9760105506323682,-0.21772323039653224,4.1625,4.2375,4.6,3.75,4.363333333333333,False,True,True
2022-09-18,5.0,261,6,9,-0.9760105506323682,-0.21772323039653224,5.0,5.0,5.0,5.2,5.0,True,False,True
2022-09-19,4.1375,262,0,9,-0.9796136916454901,-0.20089055513063528,4.15,4.225,4.6,3.75,4.347916666666666,False,True,True
2022-09-19,5.0,262,0,9,-0.9796136916454901,-0.20089055513063528,5.0,5.0,5.0,5.1625,5.0,True,False,True
2022-09-20,4.125,263,1,9,-0.9829265519799822,-0.18399835165767986,4.1375,4.2125,4.583333333333333,3.75,4.332638888888889,False,True,True
2022-09-20,5.0,263,1,9,-0.9829265519799822,-0.18399835165767986,5.0,5.0,5.0,5.125,5.0,True,False,True
2022-09-21,5.0,264,2,9,-0.9859481499638303,-0.1670516255021195,5.0,5.0,5.0,5.0875,5.0,True,False,True
2022-09-21,4.1125,264,2,9,-0.9859481499638303,-0.1670516255021195,4.125,4.2,4.566666666666666,3.75,4.3175,False,True,True
2022-09-22,4.1,265,3,9,-0.9886775902323404,-0.15005539834465262,4.1125,4.1875,4.55,3.75,4.302499999999999,False,True,True
2022-09-22,5.0,265,3,9,-0.9886775902323404,-0.15005539834465262,5.0,5.0,5.0,5.05,5.0,True,False,True
2022-09-23,4.0875,266,4,9,-0.9911140639934546,-0.13301470653419636,4.1,4.175,4.533333333333333,3.75,4.287638888888889,False,True,True
2022-09-23,5.0,266,4,9,-0.9911140639934546,-0.13301470653419636,5.0,5.0,5.0,5.0125,5.0,True,False,True
2022-09-24,5.0,267,5,9,-0.9932568492674143,-0.11593459959550066,5.0,5.0,5.0,4.975,5.0,True,False,True
2022-09-24,4.075,267,5,9,-0.9932568492674143,-0.11593459959550066,4.0875,4.1625,4.516666666666667,3.75,4.272916666666666,False,True,True
2022-09-25,5.0,268,6,9,-0.9951053111006974,-0.09882013873287211,5.0,5.0,5.0,4.9375,5.0,True,False,True
2022-09-25,4.0625,268,6,9,-0.9951053111006974,-0.09882013873287211,4.075,4.15,4.5,3.75,4.258333333333334,False,True,True
2022-09-26,5.0,269,0,9,-0.99665890175417,-0.08167639533042288,5.0,5.0,5.0,4.9,5.0,True,False,True
2022-09-26,4.05,269,0,9,-0.99665890175417,-0.08167639533042288,4.0625,4.1375,4.483333333333333,3.75,4.243888888888889,False,True,True
2022-09-27,4.0375,270,1,9,-0.9979171608653922,-0.06450844944931625,4.05,4.125,4.466666666666667,3.75,4.229583333333333,False,True,True
2022-09-27,5.0,270,1,9,-0.9979171608653922,-0.06450844944931625,5.0,5.0,5.0,4.8625,5.0,True,False,True
2022-09-28,5.0,271,2,9,-0.9988797155850335,-0.04732138832243232,5.0,5.0,5.0,4.825,5.0,True,False,True
2022-09-28,4.025,271,2,9,-0.9988797155850335,-0.04732138832243232,4.0375,4.1125,4.45,3.75,4.215416666666666,False,True,True
2022-09-29,5.0,272,3,9,-0.9995462806873573,-0.03012030484690836,5.0,5.0,5.0,4.7875,5.0,True,False,True
2022-09-29,4.0125,272,3,9,-0.9995462806873573,-0.03012030484690836,4.025,4.1,4.433333333333334,3.75,4.201388888888889,False,True,True
2022-09-30,5.0,273,4,9,-0.9999166586547379,-0.012910296075008843,5.0,5.0,5.0,4.75,5.0,True,False,True
2022-09-30,4.0,273,4,9,-0.9999166586547379,-0.012910296075008843,4.0125,4.0875,4.416666666666666,3.75,4.1875,False,True,True
2022-10-01,5.0,274,5,10,-0.9999907397361901,0.004303538296243821,5.0,5.0,5.0,4.75,5.0,True,False,True
2022-10-01,3.9875,274,5,10,-0.9999907397361901,0.004303538296243821,4.0,4.075,4.3999999999999995,3.75,4.17375,False,True,True
2022-10-02,5.0,275,6,10,-0.9997685019798909,0.021516097436222233,5.0,5.0,5.0,4.75,5.0,True,False,True
2022-10-02,3.975,275,6,10,-0.9997685019798909,0.021516097436222233,3.9875,4.0625,4.383333333333333,3.75,4.1601388888888895,False,True,True
2022-10-03,5.0,276,0,10,-0.9992500112396835,0.03872228089217399,5.0,5.0,5.0,4.75,5.0,True,False,True
2022-10-03,3.9625,276,0,10,-0.9992500112396835,0.03872228089217399,3.975,4.05,4.366666666666666,3.75,4.1466666666666665,False,True,True
2022-10-04,5.0,277,1,10,-0.9984354211555643,0.05591699010060302,5.0,5.0,5.0,4.75,5.0,True,False,True
2022-10-04,3.95,277,1,10,-0.9984354211555643,0.05591699010060302,3.9625,4.0375,4.35,3.75,4.133333333333334,False,True,True
2022-10-05,3.9375,278,2,10,-0.9973249731081555,0.07309512989807776,3.95,4.025,4.333333333333333,3.75,4.1201388888888895,False,True,True
2022-10-05,5.0,278,2,10,-0.9973249731081555,0.07309512989807776,5.0,5.0,5.0,4.75,5.0,True,False,True
2022-10-06,5.0,279,3,10,-0.9959189961471792,0.0902516100310407,5.0,5.0,5.0,4.75,5.0,True,False,True
2022-10-06,3.925,279,3,10,-0.9959189961471792,0.0902516100310407,3.9375,4.0125,4.316666666666666,3.75,4.107083333333333,False,True,True
2022-10-07,3.9125,280,4,10,-0.994217906893952,0.10738134666416306,3.925,4.0,4.3,3.75,4.094166666666667,False,True,True
2022-10-07,5.0,280,4,10,-0.994217906893952,0.10738134666416306,5.0,5.0,5.0,4.75,5.0,True,False,True
2022-10-08,5.0,281,5,10,-0.9922222094179324,0.12447926388678869,5.0,5.0,5.0,4.75,5.0,True,False,True
2022-10-08,3.9,281,5,10,-0.9922222094179324,0.12447926388678869,3.9125,3.9875,4.283333333333333,3.75,4.081388888888889,False,True,True
2022-10-09,3.8875,282,6,10,-0.989932495087353,0.141540295217043,3.9,3.975,4.266666666666667,3.75,4.06875,False,True,True
2022-10-09,5.0,282,6,10,-0.989932495087353,0.141540295217043,5.0,5.0,5.0,4.75,5.0,True,False,True
2022-10-10,5.0,283,0,10,-0.9873494423939864,0.15855938510313475,5.0,5.0,5.0,4.75,5.0,True,False,True
2022-10-10,3.875,283,0,10,-0.9873494423939864,0.15855938510313475,3.8875,3.9625,4.25,3.75,4.05625,False,True,True
2022-10-11,3.8625,284,1,10,-0.9844738167520923,0.17553149042142777,3.875,3.95,4.2375,3.75,4.04375,False,True,True
2022-10-11,5.0,284,1,10,-0.9844738167520923,0.17553149042142777,5.0,5.0,5.0,4.75,5.0,True,False,True
2022-10-12,3.85,285,2,10,-0.9813064702716093,0.19245158197082995,3.8625,3.9375,4.225,3.75,4.031250000000001,False,True,True
2022-10-12,5.0,285,2,10,-0.9813064702716093,0.19245158197082995,5.0,5.0,5.0,4.75,5.0,True,False,True
2022-10-13,5.0,286,3,10,-0.9778483415056567,0.20931464596304888,5.0,5.0,5.0,4.75,5.0,True,False,True
2022-10-13,3.8375,286,3,10,-0.9778483415056567,0.20931464596304888,3.85,3.925,4.2125,3.75,4.01875,False,True,True
2022-10-14,5.0,287,4,10,-0.9741004551724206,0.22611568550828803,5.0,5.0,5.0,4.75,5.0,True,False,True
2022-10-14,3.825,287,4,10,-0.9741004551724206,0.22611568550828803,3.8375,3.9125,4.2,3.75,4.00625,False,True,True
2022-10-15,3.8125,288,5,10,-0.970063921851507,0.2428497220959358,3.825,3.9,4.1875,3.75,3.99375,False,True,True
2022-10-15,5.0,288,5,10,-0.970063921851507,0.2428497220959358,5.0,5.0,5.0,4.75,5.0,True,False,True
2022-10-16,3.8,289,6,10,-0.965739937654855,0.25951179706979943,3.8125,3.8875,4.175,3.75,3.98125,False,True,True
2022-10-16,5.0,289,6,10,-0.965739937654855,0.25951179706979943,5.0,5.0,5.0,4.75,5.0,True,False,True
2022-10-17,3.7875,290,0,10,-0.9611297838723007,0.27609697309746883,3.8,3.875,4.1625,3.75,3.9687500000000004,False,True,True
2022-10-17,5.0,290,0,10,-0.9611297838723007,0.27609697309746883,5.0,5.0,5.0,4.75,5.0,True,False,True
2022-10-18,5.0,291,1,10,-0.9562348265919058,0.2926003356333479,5.0,5.0,5.0,4.75,5.0,True,False,True
2022-10-18,3.775,291,1,10,-0.9562348265919058,0.2926003356333479,3.7875,3.8625,4.15,3.75,3.95625,False,True,True
2022-10-19,5.0,292,2,10,-0.9510565162951536,0.30901699437494723,5.0,5.0,5.0,4.75,5.0,True,False,True
2022-10-19,3.7625,292,2,10,-0.9510565162951536,0.30901699437494723,3.775,3.85,4.1375,3.75,3.94375,False,True,True
2022-10-20,5.0,293,3,10,-0.9455963874271428,0.3253420847119795,5.0,5.0,5.0,4.75,5.0,True,False,True
2022-10-20,3.75,293,3,10,-0.9455963874271428,0.3253420847119795,3.7625,3.8375,4.125,3.75,3.93125,False,True,True
2022-10-21,5.0,294,4,10,-0.9398560579418953,0.341570769167856,5.0,5.0,5.0,4.75,5.0,True,False,True
2022-10-21,3.75,294,4,10,-0.9398560579418953,0.341570769167856,3.75,3.825,4.1125,3.75,3.919166666666667,False,True,True
2022-10-22,5.0,295,5,10,-0.9338372288229252,0.35769823883312546,5.0,5.0,5.0,4.75,5.0,True,False,True
2022-10-22,3.75,295,5,10,-0.9338372288229252,0.35769823883312546,3.75,3.8125,4.1,3.75,3.9074999999999998,False,True,True
2022-10-23,5.0,296,6,10,-0.9275416835791965,0.3737197147904692,5.0,5.0,5.0,4.75,5.0,True,False,True
2022-10-23,3.75,296,6,10,-0.9275416835791965,0.3737197147904692,3.75,3.8,4.0875,3.75,3.89625,False,True,True
2022-10-24,3.75,297,0,10,-0.9209712877166347,0.38963044953078774,3.75,3.7875,4.075,3.75,3.8854166666666665,False,True,True
2022-10-24,5.0,297,0,10,-0.9209712877166347,0.38963044953078774,5.0,5.0,5.0,4.75,5.0,True,False,True
2022-10-25,3.75,298,1,10,-0.9141279881853337,0.4054257283599973,3.75,3.775,4.0625,3.75,3.875,False,True,True
2022-10-25,5.0,298,1,10,-0.9141279881853337,0.4054257283599973,5.0,5.0,5.0,4.75,5.0,True,False,True
2022-10-26,3.75,299,2,10,-0.9070138128026362,0.42110087079608916,3.75,3.7625,4.05,3.75,3.865,False,True,True
2022-10-26,5.0,299,2,10,-0.9070138128026362,0.42110087079608916,5.0,5.0,5.0,4.75,5.0,True,False,True
2022-10-27,3.75,300,3,10,-0.8996308696522434,0.4366512319560638,3.75,3.75,4.0375,3.75,3.8554166666666663,False,True,True
2022-10-27,5.0,300,3,10,-0.8996308696522434,0.4366512319560638,5.0,5.0,5.0,4.75,5.0,True,False,True
2022-10-28,3.75,301,4,10,-0.8919813464595487,0.45207220393230374,3.75,3.75,4.025,3.75,3.84625,False,True,True
2022-10-28,5.0,301,4,10,-0.8919813464595487,0.45207220393230374,5.0,5.0,5.0,4.75,5.0,True,False,True
2022-10-29,3.75,302,5,10,-0.8840675099433637,0.46735921715800205,3.75,3.75,4.0125,3.75,3.8375,False,True,True
2022-10-29,5.0,302,5,10,-0.8840675099433637,0.46735921715800205,5.0,5.0,5.0,4.75,5.0,True,False,True
2022-10-30,3.75,303,6,10,-0.8758917051442433,0.48250774176121763,3.75,3.75,4.0,3.75,3.8291666666666666,False,True,True
2022-10-30,5.0,303,6,10,-0.8758917051442433,0.48250774176121763,5.0,5.0,5.0,4.75,5.0,True,False,True
2022-10-31,3.75,304,0,10,-0.8674563547295971,0.4975132889071803,3.75,3.75,3.9875,3.75,3.82125,False,True,True
2022-10-31,5.0,304,0,10,-0.8674563547295971,0.4975132889071803,5.0,5.0,5.0,4.75,5.0,True,False,True
2022-11-01,5.0,305,1,11,-0.858763958275803,0.5123714121284235,5.0,5.0,5.0,4.775,5.0,True,False,True
2022-11-01,3.775,305,1,11,-0.858763958275803,0.5123714121284235,3.75,3.75,3.975,3.75,3.814583333333333,False,True,True
2022-11-02,5.0,306,2,11,-0.8498170915275277,0.5270777086423724,5.0,5.0,5.0,4.8,5.0,True,False,True
2022-11-02,3.8,306,2,11,-0.8498170915275277,0.5270777086423724,3.775,3.75,3.9625,3.75,3.809166666666667,False,True,True
2022-11-03,3.825,307,3,11,-0.8406184056344783,0.5416278206559811,3.8,3.75,3.95,3.75,3.805,False,True,True
2022-11-03,5.0,307,3,11,-0.8406184056344783,0.5416278206559811,5.0,5.0,5.0,4.825,5.0,True,False,True
2022-11-04,5.0,308,4,11,-0.8311706263658079,0.5560174366570446,5.0,5.0,5.0,4.85,5.0,True,False,True
2022-11-04,3.85,308,4,11,-0.8311706263658079,0.5560174366570446,3.825,3.75,3.9375,3.75,3.8020833333333335,False,True,True
2022-11-05,5.0,309,5,11,-0.8214765533024145,0.5702422926917867,5.0,5.0,5.0,4.875,5.0,True,False,True
2022-11-05,3.875,309,5,11,-0.8214765533024145,0.5702422926917867,3.85,3.75,3.925,3.75,3.8004166666666666,False,True,True
2022-11-06,3.9,310,6,11,-0.8115390590073611,0.5842981736283683,3.875,3.75,3.9125,3.75,3.8,False,True,True
2022-11-06,5.0,310,6,11,-0.8115390590073611,0.5842981736283683,5.0,5.0,5.0,4.9,5.0,True,False,True
2022-11-07,3.925,311,0,11,-0.801361088174677,0.5981809144059158,3.9,3.75,3.9,3.75,3.8008333333333337,False,True,True
2022-11-07,5.0,311,0,11,-0.801361088174677,0.5981809144059158,5.0,5.0,5.0,4.925,5.0,True,False,True
2022-11-08,5.0,312,1,11,-0.7909456567567774,0.6118864012687242,5.0,5.0,5.0,4.95,5.0,True,False,True
2022-11-08,3.95,312,1,11,-0.7909456567567774,0.6118864012687242,3.925,3.775,3.8875,3.75,3.802916666666667,False,True,True
2022-11-09,3.975,313,2,11,-0.780295851070776,0.6254105729852457,3.95,3.8,3.875,3.75,3.80625,False,True,True
2022-11-09,5.0,313,2,11,-0.780295851070776,0.6254105729852457,5.0,5.0,5.0,4.975,5.0,True,False,True
2022-11-10,4.0,314,3,11,-0.7694148268839381,0.6387494220515268,3.975,3.825,3.8625,3.75,3.8108333333333335,False,True,True
2022-11-10,5.0,314,3,11,-0.7694148268839381,0.6387494220515268,5.0,5.0,5.0,5.0,5.0,True,False,True
2022-11-11,5.0,315,4,11,-0.7583058084785625,0.6518989958787125,5.0,5.0,5.0,5.0,5.0,True,False,True
2022-11-11,4.0,315,4,11,-0.7583058084785625,0.6518989958787125,4.0,3.85,3.85,3.75,3.815833333333333,False,True,True
2022-11-12,4.0,316,5,11,-0.7469720876965551,0.6648553979642866,4.0,3.875,3.8375,3.75,3.82125,False,True,True
2022-11-12,5.0,316,5,11,-0.7469720876965551,0.6648553979642866,5.0,5.0,5.0,5.0,5.0,True,False,True
2022-11-13,5.0,317,6,11,-0.7354170229639858,0.6776147890466887,5.0,5.0,5.0,5.0,5.0,True,False,True
2022-11-13,4.0,317,6,11,-0.7354170229639858,0.6776147890466887,4.0,3.9,3.825,3.75,3.8270833333333334,False,True,True
2022-11-14,4.0,318,0,11,-0.7236440382959124,0.690173388242972,4.0,3.925,3.8125,3.75,3.8333333333333335,False,True,True
2022-11-14,5.0,318,0,11,-0.7236440382959124,0.690173388242972,5.0,5.0,5.0,5.0,5.0,True,False,True
2022-11-15,4.0,319,1,11,-0.711656622281775,0.7025274741691566,4.0,3.95,3.8,3.75,3.8400000000000003,False,True,True
2022-11-15,5.0,319,1,11,-0.711656622281775,0.7025274741691566,5.0,5.0,5.0,5.0,5.0,True,False,True
2022-11-16,5.0,320,2,11,-0.6994583270516471,0.7146733860429608,5.0,5.0,5.0,5.0,5.0,True,False,True
2022-11-16,4.0,320,2,11,-0.6994583270516471,0.7146733860429608,4.0,3.975,3.7875,3.75,3.847083333333333,False,True,True
2022-11-17,5.0,321,3,11,-0.6870527672236675,0.7266075247685652,5.0,5.0,5.0,5.0,5.0,True,False,True
2022-11-17,4.0,321,3,11,-0.6870527672236675,0.7266075247685652,4.0,4.0,3.775,3.75,3.8545833333333333,False,True,True
2022-11-18,5.0,322,4,11,-0.6744436188329457,0.7383263540031063,5.0,5.0,5.0,5.0,5.0,True,False,True
2022-11-18,4.0,322,4,11,-0.6744436188329457,0.7383263540031063,4.0,4.0,3.7625,3.75,3.8625,False,True,True
2022-11-19,4.0,323,5,11,-0.661634618242279,0.749826401204568,4.0,4.0,3.75,3.75,3.870833333333333,False,True,True
2022-11-19,5.0,323,5,11,-0.661634618242279,0.749826401204568,5.0,5.0,5.0,5.0,5.0,True,False,True
2022-11-20,5.0,324,6,11,-0.6486295610349818,0.7611042586607742,5.0,5.0,5.0,5.0,5.0,True,False,True
2022-11-20,4.0,324,6,11,-0.6486295610349818,0.7611042586607742,4.0,4.0,3.75,3.75,3.879166666666667,False,True,True
2022-11-21,4.0,325,0,11,-0.6354323008901775,0.7721565844991641,4.0,4.0,3.75,3.75,3.8875,False,True,True
2022-11-21,5.0,325,0,11,-0.6354323008901775,0.7721565844991641,5.0,5.0,5.0,5.0,5.0,True,False,True
2022-11-22,5.0,326,1,11,-0.622046748440868,0.7829801036770624,5.0,5.0,5.0,5.0,5.0,True,False,True
2022-11-22,4.0,326,1,11,-0.622046748440868,0.7829801036770624,4.0,4.0,3.75,3.75,3.8958333333333335,False,True,True
2022-11-23,4.0,327,2,11,-0.6084768701151264,0.7935716089521472,4.0,4.0,3.75,3.75,3.904166666666667,False,True,True
2022-11-23,5.0,327,2,11,-0.6084768701151264,0.7935716089521472,5.0,5.0,5.0,5.0,5.0,True,False,True
2022-11-24,4.0,328,3,11,-0.594726686960764,0.8039279618328208,4.0,4.0,3.75,3.75,3.9125,False,True,True
2022-11-24,5.0,328,3,11,-0.594726686960764,0.8039279618328208,5.0,5.0,5.0,5.0,5.0,True,False,True
2022-11-25,4.0,329,4,11,-0.5808002734538013,0.8140460935082175,4.0,4.0,3.75,3.75,3.9208333333333334,False,True,True
2022-11-25,5.0,329,4,11,-0.5808002734538013,0.8140460935082175,5.0,5.0,5.0,5.0,5.0,True,False,True
2022-11-26,5.0,330,5,11,-0.5667017562911184,0.8239230057575536,5.0,5.0,5.0,5.0,5.0,True,False,True
2022-11-26,4.0,330,5,11,-0.5667017562911184,0.8239230057575536,4.0,4.0,3.75,3.75,3.9291666666666667,False,True,True
2022-11-27,4.0,331,6,11,-0.5524353131676203,0.8335557718385695,4.0,4.0,3.75,3.75,3.9375,False,True,True
2022-11-27,5.0,331,6,11,-0.5524353131676203,0.8335557718385695,5.0,5.0,5.0,5.0,5.0,True,False,True
2022-11-28,4.0,332,0,11,-0.5380051715382992,0.8429415373547832,4.0,4.0,3.75,3.75,3.9458333333333333,False,True,True
2022-11-28,5.0,332,0,11,-0.5380051715382992,0.8429415373547832,5.0,5.0,5.0,5.0,5.0,True,False,True
2022-11-29,4.0,333,1,11,-0.5234156073655503,0.8520775211013093,4.0,4.0,3.75,3.75,3.9541666666666666,False,True,True
2022-11-29,5.0,333,1,11,-0.5234156073655503,0.8520775211013093,5.0,5.0,5.0,5.0,5.0,True,False,True
2022-11-30,5.0,334,2,11,-0.5086709438521042,0.8609610158889945,5.0,5.0,5.0,5.0,5.0,True,False,True
2022-11-30,4.0,334,2,11,-0.5086709438521042,0.8609610158889945,4.0,4.0,3.75,3.75,3.9625,False,True,True
2022-12-01,5.0,335,3,12,-0.49377555015997737,0.8695893893466109,5.0,5.0,5.0,5.0,5.0,True,False,True
2022-12-01,4.0,335,3,12,-0.49377555015997737,0.8695893893466109,4.0,4.0,3.775,3.75,3.9699999999999998,False,True,True
2022-12-02,5.0,336,4,12,-0.4787338401157883,0.8779600847008883,5.0,5.0,5.0,5.0,5.0,True,False,True
2022-12-02,4.0,336,4,12,-0.4787338401157883,0.8779600847008883,4.0,4.0,3.8,3.75,3.9766666666666666,False,True,True
2022-12-03,4.0,337,5,12,-0.4635502709028512,0.8860706215341378,4.0,4.0,3.825,3.75,3.9825,False,True,True
2022-12-03,5.0,337,5,12,-0.4635502709028512,0.8860706215341378,5.0,5.0,5.0,5.0,5.0,True,False,True
2022-12-04,5.0,338,6,12,-0.4482293417404106,0.893918596519257,5.0,5.0,5.0,5.0,5.0,True,False,True
2022-12-04,4.0,338,6,12,-0.4482293417404106,0.893918596519257,4.0,4.0,3.85,3.75,3.9875,False,True,True
2022-12-05,5.0,339,0,12,-0.4327755925504317,0.9015016841318838,5.0,5.0,5.0,5.0,5.0,True,False,True
2022-12-05,4.0,339,0,12,-0.4327755925504317,0.9015016841318838,4.0,4.0,3.875,3.75,3.9916666666666667,False,True,True
2022-12-06,5.0,340,1,12,-0.41719360261231697,0.9088176373395028,5.0,5.0,5.0,5.0,5.0,True,False,True
2022-12-06,4.0,340,1,12,-0.41719360261231697,0.9088176373395028,4.0,4.0,3.9,3.75,3.9949999999999997,False,True,True
2022-12-07,5.0,341,2,12,-0.4014879892059737,0.9158642882672868,5.0,5.0,5.0,5.0,5.0,True,False,True
2022-12-07,4.0,341,2,12,-0.4014879892059737,0.9158642882672868,4.0,4.0,3.925,3.75,3.9975,False,True,True
2022-12-08,5.0,342,3,12,-0.38566340624360745,0.9226395488404875,5.0,5.0,5.0,5.0,5.0,True,False,True
2022-12-08,4.0,342,3,12,-0.38566340624360745,0.9226395488404875,4.0,4.0,3.95,3.75,3.9991666666666665,False,True,True
2022-12-09,5.0,343,4,12,-0.3697245428906732,0.9291414114031743,5.0,5.0,5.0,5.0,5.0,True,False,True
2022-12-09,4.0,343,4,12,-0.3697245428906732,0.9291414114031743,4.0,4.0,3.975,3.75,4.0,False,True,True
2022-12-10,5.0,344,5,12,-0.3536761221763721,0.935367949313148,5.0,5.0,5.0,5.0,5.0,True,False,True
2022-12-10,4.0,344,5,12,-0.3536761221763721,0.935367949313148,4.0,4.0,4.0,3.75,4.0,False,True,True
2022-12-11,4.0,345,6,12,-0.33752289959411347,0.941317317512847,4.0,4.0,4.0,3.75,4.0,False,True,True
2022-12-11,5.0,345,6,12,-0.33752289959411347,0.941317317512847,5.0,5.0,5.0,5.0,5.0,True,False,True
2022-12-12,4.0,346,0,12,-0.32126966169236515,0.9469877530760751,4.0,4.0,4.0,3.75,4.0,False,True,True
2022-12-12,5.0,346,0,12,-0.32126966169236515,0.9469877530760751,5.0,5.0,5.0,5.0,5.0,True,False,True
2022-12-13,4.0,347,1,12,-0.3049212246562894,0.9523775757303973,4.0,4.0,4.0,3.75,4.0,False,True,True
2022-12-13,5.0,347,1,12,-0.3049212246562894,0.9523775757303973,5.0,5.0,5.0,5.0,5.0,True,False,True
2022-12-14,5.0,348,2,12,-0.2884824328806098,0.9574851883550389,5.0,5.0,5.0,5.0,5.0,True,False,True
2022-12-14,4.0,348,2,12,-0.2884824328806098,0.9574851883550389,4.0,4.0,4.0,3.75,4.0,False,True,True
2022-12-15,4.0,349,3,12,-0.27195815753410524,0.9623090774541487,4.0,4.0,4.0,3.75,4.0,False,True,True
2022-12-15,5.0,349,3,12,-0.27195815753410524,0.9623090774541487,5.0,5.0,5.0,5.0,5.0,True,False,True
2022-12-16,4.0,350,4,12,-0.2553532951161881,0.9668478136052773,4.0,4.0,4.0,3.75,4.0,False,True,True
2022-12-16,5.0,350,4,12,-0.2553532951161881,0.9668478136052773,5.0,5.0,5.0,5.0,5.0,True,False,True
2022-12-17,5.0,351,5,12,-0.23867276600594997,0.9711000518829505,5.0,5.0,5.0,5.0,5.0,True,False,True
2022-12-17,4.0,351,5,12,-0.23867276600594997,0.9711000518829505,4.0,4.0,4.0,3.75,4.0,False,True,True
2022-12-18,5.0,352,6,12,-0.22192151300416674,0.9750645322571945,5.0,5.0,5.0,5.0,5.0,True,False,True
2022-12-18,4.0,352,6,12,-0.22192151300416674,0.9750645322571945,4.0,4.0,4.0,3.75,4.0,False,True,True
2022-12-19,5.0,353,0,12,-0.20510449986861926,0.9787400799669153,5.0,5.0,5.0,5.0,5.0,True,False,True
2022-12-19,4.0,353,0,12,-0.20510449986861926,0.9787400799669153,4.0,4.0,4.0,3.75,4.0,False,True,True
2022-12-20,4.0,354,1,12,-0.1882267098432439,0.9821256058680006,4.0,4.0,4.0,3.75,4.0,False,True,True
2022-12-20,5.0,354,1,12,-0.1882267098432439,0.9821256058680006,5.0,5.0,5.0,5.0,5.0,True,False,True
2022-12-21,5.0,355,2,12,-0.1712931441814778,0.9852201067560606,5.0,5.0,5.0,5.0,5.0,True,False,True
2022-12-21,4.0,355,2,12,-0.1712931441814778,0.9852201067560606,4.0,4.0,4.0,3.7954545454545454,4.0,False,True,True
2022-12-22,4.0,356,3,12,-0.154308820664281,0.9880226656636976,4.0,4.0,4.0,3.840909090909091,4.0,False,True,True
2022-12-22,5.0,356,3,12,-0.154308820664281,0.9880226656636976,5.0,5.0,5.0,5.0,5.0,True,False,True
2022-12-23,4.0,357,4,12,-0.13727877211326517,0.9905324521322227,4.0,4.0,4.0,3.8863636363636362,4.0,False,True,True
2022-12-23,5.0,357,4,12,-0.13727877211326517,0.9905324521322227,5.0,5.0,5.0,5.0,5.0,True,False,True
2022-12-24,4.0,358,5,12,-0.12020804489935275,0.9927487224577402,4.0,4.0,4.0,3.9318181818181817,4.0,False,True,True
2022-12-24,5.0,358,5,12,-0.12020804489935275,0.9927487224577402,5.0,5.0,5.0,5.0,5.0,True,False,True
2022-12-25,5.0,359,6,12,-0.10310169744743544,0.9946708199115211,5.0,5.0,5.0,5.0,5.0,True,False,True
2022-12-25,4.0,359,6,12,-0.10310169744743544,0.9946708199115211,4.0,4.0,4.0,3.9772727272727275,4.0,False,True,True
2022-12-26,5.0,360,0,12,-0.0859647987374467,0.9962981749346077,5.0,5.0,5.0,5.0,5.0,True,False,True
2022-12-26,4.0,360,0,12,-0.0859647987374467,0.9962981749346077,4.0,4.0,4.0,4.0227272727272725,4.0,False,True,True
2022-12-27,5.0,361,1,12,-0.06880242680232064,0.9976303053065857,5.0,5.0,5.0,5.0,5.0,True,False,True
2022-12-27,4.0,361,1,12,-0.06880242680232064,0.9976303053065857,4.0,4.0,4.0,4.068181818181818,4.0,False,True,True
2022-12-28,5.0,362,2,12,-0.05161966722325418,0.9986668162884759,5.0,5.0,5.0,5.0,5.0,True,False,True
2022-12-28,4.0,362,2,12,-0.05161966722325418,0.9986668162884759,4.0,4.0,4.0,4.113636363636363,4.0,False,True,True
2022-12-29,4.0,363,3,12,-0.034421611622745804,0.9994074007397048,4.0,4.0,4.0,4.159090909090909,4.0,False,True,True
2022-12-29,5.0,363,3,12,-0.034421611622745804,0.9994074007397048,5.0,5.0,5.0,5.0,5.0,True,False,True
2022-12-30,5.0,364,4,12,-0.01721335615583528,0.9998518392091162,5.0,5.0,5.0,5.0,5.0,True,False,True
2022-12-30,4.0,364,4,12,-0.01721335615583528,0.9998518392091162,4.0,4.0,4.0,4.204545454545455,4.0,False,True,True
2022-12-31,5.0,365,5,12,6.432490598706546e-16,1.0,5.0,5.0,5.0,5.0,5.0,True,False,True
2022-12-31,4.0,365,5,12,6.432490598706546e-16,1.0,4.0,4.0,4.0,4.25,4.0,False,True,True
2023-01-01,5.0,1,6,1,0.017213356155834685,0.9998518392091162,5.0,5.0,5.0,5.0,5.0,True,False,True
2023-01-01,4.0,1,6,1,0.017213356155834685,0.9998518392091162,4.0,4.0,4.0,4.274193548387097,4.0,False,True,True
2023-01-02,5.0,2,0,1,0.03442161162274574,0.9994074007397048,5.0,5.0,5.0,5.0,5.0,True,False,True
2023-01-02,4.0,2,0,1,0.03442161162274574,0.9994074007397048,4.0,4.0,4.0,4.298387096774194,4.0,False,True,True
2023-01-03,5.0,3,1,1,0.051619667223253764,0.998666816288476,5.0,5.0,5.0,5.0,5.0,True,False,True
2023-01-03,4.0,3,1,1,0.051619667223253764,0.998666816288476,4.0,4.0,4.0,4.32258064516129,4.0,False,True,True
2023-01-04,5.0,4,2,1,0.06880242680231986,0.9976303053065857,5.0,5.0,5.0,5.0,5.0,True,False,True
2023-01-04,4.0,4,2,1,0.06880242680231986,0.9976303053065857,4.0,4.0,4.0,4.346774193548387,4.0,False,True,True
2023-01-05,5.0,5,3,1,0.08596479873744647,0.9962981749346078,5.0,5.0,5.0,5.0,5.0,True,False,True
2023-01-05,4.0,5,3,1,0.08596479873744647,0.9962981749346078,4.0,4.0,4.0,4.370967741935484,4.0,False,True,True
2023-01-06,5.0,6,4,1,0.10310169744743485,0.9946708199115211,5.0,5.0,5.0,5.0,5.0,True,False,True
2023-01-06,4.0,6,4,1,0.10310169744743485,0.9946708199115211,4.0,4.0,4.0,4.395161290322581,4.0,False,True,True
2023-01-07,5.0,7,5,1,0.1202080448993527,0.9927487224577402,5.0,5.0,5.0,5.0,5.0,True,False,True
2023-01-07,4.0,7,5,1,0.1202080448993527,0.9927487224577402,4.0,4.0,4.0,4.419354838709677,4.0,False,True,True
2023-01-08,5.0,8,6,1,0.13727877211326478,0.9905324521322229,5.0,5.0,5.0,5.0,5.0,True,False,True
2023-01-08,4.0,8,6,1,0.13727877211326478,0.9905324521322229,4.0,4.0,4.0,4.443548387096774,4.0,False,True,True
2023-01-09,5.0,9,0,1,0.15430882066428117,0.9880226656636976,5.0,5.0,5.0,5.0,5.0,True,False,True
2023-01-09,4.0,9,0,1,0.15430882066428117,0.9880226656636976,4.0,4.0,4.0,4.467741935483871,4.0,False,True,True
2023-01-10,4.0,10,1,1,0.1712931441814776,0.9852201067560606,4.0,4.0,4.0,4.491935483870968,4.0,False,True,True
2023-01-10,5.0,10,1,1,0.1712931441814776,0.9852201067560606,5.0,5.0,5.0,5.0,5.0,True,False,True
2023-01-11,5.0,11,2,1,0.1882267098432442,0.9821256058680006,5.0,5.0,5.0,5.0,5.0,True,False,True
2023-01-11,4.0,11,2,1,0.1882267098432442,0.9821256058680006,4.0,4.0,4.0,4.516129032258064,4.0,False,True,True
2023-01-12,5.0,12,3,1,0.2051044998686192,0.9787400799669153,5.0,5.0,5.0,5.0,5.0,True,False,True
2023-01-12,4.0,12,3,1,0.2051044998686192,0.9787400799669153,4.0,4.0,4.0,4.540322580645161,4.0,False,True,True
2023-01-13,5.0,13,4,1,0.2219215130041655,0.9750645322571948,5.0,5.0,5.0,5.0,5.0,True,False,True
2023-01-13,4.0,13,4,1,0.2219215130041655,0.9750645322571948,4.0,4.0,4.0,4.564516129032258,4.0,False,True,True
2023-01-14,5.0,14,5,1,0.2386727660059501,0.9711000518829505,5.0,5.0,5.0,5.0,5.0,True,False,True
2023-01-14,4.0,14,5,1,0.2386727660059501,0.9711000518829505,4.0,4.0,4.0,4.588709677419355,4.0,False,True,True
2023-01-15,4.0,15,6,1,0.255353295116187,0.9668478136052775,4.0,4.0,4.0,4.612903225806452,4.0,False,True,True
2023-01-15,5.0,15,6,1,0.255353295116187,0.9668478136052775,5.0,5.0,5.0,5.0,5.0,True,False,True
2023-01-16,4.0,16,0,1,0.2719581575341055,0.9623090774541486,4.0,4.0,4.0,4.637096774193548,4.0,False,True,True
2023-01-16,5.0,16,0,1,0.2719581575341055,0.9623090774541486,5.0,5.0,5.0,5.0,5.0,True,False,True
2023-01-17,4.0,17,1,1,0.288482432880609,0.9574851883550393,4.0,4.0,4.0,4.661290322580645,4.0,False,True,True
2023-01-17,5.0,17,1,1,0.288482432880609,0.9574851883550393,5.0,5.0,5.0,5.0,5.0,True,False,True
2023-01-18,4.0,18,2,1,0.30492122465628907,0.9523775757303974,4.0,4.0,4.0,4.685483870967742,4.0,False,True,True
2023-01-18,5.0,18,2,1,0.30492122465628907,0.9523775757303974,5.0,5.0,5.0,5.0,5.0,True,False,True
2023-01-19,4.0,19,3,1,0.3212696616923644,0.9469877530760753,4.0,4.0,4.0,4.709677419354839,4.0,False,True,True
2023-01-19,5.0,19,3,1,0.3212696616923644,0.9469877530760753,5.0,5.0,5.0,5.0,5.0,True,False,True
2023-01-20,5.0,20,4,1,0.3375228995941133,0.9413173175128471,5.0,5.0,5.0,5.0,5.0,True,False,True
2023-01-20,4.0,20,4,1,0.3375228995941133,0.9413173175128471,4.0,4.0,4.0,4.733870967741936,4.0,False,True,True
2023-01-21,5.0,21,5,1,0.3536761221763716,0.9353679493131483,5.0,5.0,5.0,5.0,5.0,True,False,True
2023-01-21,4.0,21,5,1,0.3536761221763716,0.9353679493131483,4.0,4.0,4.0,4.758064516129032,4.0,False,True,True
2023-01-22,5.0,22,6,1,0.3697245428906731,0.9291414114031743,5.0,5.0,5.0,5.0,5.0,True,False,True
2023-01-22,4.0,22,6,1,0.3697245428906731,0.9291414114031743,4.0,4.0,4.0,4.782258064516129,4.0,False,True,True
2023-01-23,4.0,23,0,1,0.38566340624360707,0.9226395488404876,4.0,4.0,4.0,4.806451612903226,4.0,False,True,True
2023-01-23,5.0,23,0,1,0.38566340624360707,0.9226395488404876,5.0,5.0,5.0,5.0,5.0,True,False,True
2023-01-24,4.0,24,1,1,0.401487989205973,0.9158642882672872,4.0,4.0,4.0,4.830645161290322,4.0,False,True,True
2023-01-24,5.0,24,1,1,0.401487989205973,0.9158642882672872,5.0,5.0,5.0,5.0,5.0,True,False,True
2023-01-25,5.0,25,2,1,0.4171936026123168,0.9088176373395029,5.0,5.0,5.0,5.0,5.0,True,False,True
2023-01-25,4.0,25,2,1,0.4171936026123168,0.9088176373395029,4.0,4.0,4.0,4.854838709677419,4.0,False,True,True
2023-01-26,5.0,26,3,1,0.4327755925504312,0.901501684131884,5.0,5.0,5.0,5.0,5.0,True,False,True
2023-01-26,4.0,26,3,1,0.4327755925504312,0.901501684131884,4.0,4.0,4.0,4.879032258064516,4.0,False,True,True
2023-01-27,5.0,27,4,1,0.4482293417404106,0.893918596519257,5.0,5.0,5.0,5.0,5.0,True,False,True
2023-01-27,4.0,27,4,1,0.4482293417404106,0.893918596519257,4.0,4.0,4.0,4.903225806451613,4.0,False,True,True
2023-01-28,4.0,28,5,1,0.4635502709028509,0.886070621534138,4.0,4.0,4.0,4.92741935483871,4.0,False,True,True
2023-01-28,5.0,28,5,1,0.4635502709028509,0.886070621534138,5.0,5.0,5.0,5.0,5.0,True,False,True
2023-01-29,4.0,29,6,1,0.47873384011578846,0.8779600847008882,4.0,4.0,4.0,4.951612903225806,4.0,False,True,True
2023-01-29,5.0,29,6,1,0.47873384011578846,0.8779600847008882,5.0,5.0,5.0,5.0,5.0,True,False,True
2023-01-30,4.0,30,0,1,0.49377555015997715,0.869589389346611,4.0,4.0,4.0,4.975806451612903,4.0,False,True,True
2023-01-30,5.0,30,0,1,0.49377555015997715,0.869589389346611,5.0,5.0,5.0,5.0,5.0,True,False,True
2023-01-31,5.0,31,1,1,0.5086709438521044,0.8609610158889943,5.0,5.0,5.0,5.0,5.0,True,False,True
2023-01-31,4.0,31,1,1,0.5086709438521044,0.8609610158889943,4.0,4.0,4.0,5.0,4.0,False,True,True
2023-02-01,5.0,32,2,2,0.5234156073655503,0.8520775211013093,5.0,5.0,5.0,5.0,5.0,True,False,True
2023-02-01,4.0625,32,2,2,0.5234156073655503,0.8520775211013093,4.0,4.0,4.0,4.9,4.002083333333333,False,True,True
2023-02-02,4.125,33,3,2,0.5380051715382996,0.8429415373547828,4.0625,4.0,4.0,4.8,4.00625,False,True,True
2023-02-02,5.0,33,3,2,0.5380051715382996,0.8429415373547828,5.0,5.0,5.0,5.0,5.0,True,False,True
2023-02-03,5.0,34,4,2,0.5524353131676196,0.8335557718385699,5.0,5.0,5.0,5.0,5.0,True,False,True
2023-02-03,4.1875,34,4,2,0.5524353131676196,0.8335557718385699,4.125,4.0,4.0,4.7,4.0125,False,True,True
2023-02-04,4.25,35,5,2,0.5667017562911176,0.8239230057575542,4.1875,4.0,4.0,4.6,4.020833333333333,False,True,True
2023-02-04,5.0,35,5,2,0.5667017562911176,0.8239230057575542,5.0,5.0,5.0,5.0,5.0,True,False,True
2023-02-05,5.0,36,6,2,0.5808002734538009,0.8140460935082178,5.0,5.0,5.0,5.0,5.0,True,False,True
2023-02-05,4.3125,36,6,2,0.5808002734538009,0.8140460935082178,4.25,4.0,4.0,4.5,4.03125,False,True,True
2023-02-06,4.375,37,0,2,0.5947266869607634,0.8039279618328213,4.3125,4.0,4.0,4.4,4.04375,False,True,True
2023-02-06,5.0,37,0,2,0.5947266869607634,0.8039279618328213,5.0,5.0,5.0,5.0,5.0,True,False,True
2023-02-07,5.0,38,1,2,0.6084768701151261,0.7935716089521474,5.0,5.0,5.0,5.0,5.0,True,False,True
2023-02-07,4.4375,38,1,2,0.6084768701151261,0.7935716089521474,4.375,4.0,4.0,4.3,4.058333333333334,False,True,True
2023-02-08,5.0,39,2,2,0.6220467484408675,0.7829801036770629,5.0,5.0,5.0,5.0,5.0,True,False,True
2023-02-08,4.5,39,2,2,0.6220467484408675,0.7829801036770629,4.4375,4.0625,4.0,4.2,4.075,False,True,True
2023-02-09,5.0,40,3,2,0.6354323008901774,0.7721565844991642,5.0,5.0,5.0,5.0,5.0,True,False,True
2023-02-09,4.5625,40,3,2,0.6354323008901774,0.7721565844991642,4.5,4.125,4.0,4.1,4.09375,False,True,True
2023-02-10,4.625,41,4,2,0.6486295610349814,0.7611042586607747,4.5625,4.1875,4.0,4.0,4.114583333333333,False,True,True
2023-02-10,5.0,41,4,2,0.6486295610349814,0.7611042586607747,5.0,5.0,5.0,5.0,5.0,True,False,True
2023-02-11,4.6875,42,5,2,0.6616346182422783,0.7498264012045686,4.625,4.25,4.0,3.9611111111111112,4.1375,False,True,True
2023-02-11,5.0,42,5,2,0.6616346182422783,0.7498264012045686,5.0,5.0,5.0,5.0,5.0,True,False,True
2023-02-12,5.0,43,6,2,0.6744436188329455,0.7383263540031065,5.0,5.0,5.0,5.0,5.0,True,False,True
2023-02-12,4.75,43,6,2,0.6744436188329455,0.7383263540031065,4.6875,4.3125,4.0,3.922222222222222,4.1625,False,True,True
2023-02-13,4.8125,44,0,2,0.6870527672236669,0.7266075247685656,4.75,4.375,4.0,3.8833333333333333,4.189583333333333,False,True,True
2023-02-13,5.0,44,0,2,0.6870527672236669,0.7266075247685656,5.0,5.0,5.0,5.0,5.0,True,False,True
2023-02-14,4.875,45,1,2,0.699458327051647,0.7146733860429609,4.8125,4.4375,4.0,3.8444444444444446,4.21875,False,True,True
2023-02-14,5.0,45,1,2,0.699458327051647,0.7146733860429609,5.0,5.0,5.0,5.0,5.0,True,False,True
2023-02-15,4.9375,46,2,2,0.7116566222817746,0.7025274741691571,4.875,4.5,4.0,3.8055555555555554,4.25,False,True,True
2023-02-15,5.0,46,2,2,0.7116566222817746,0.7025274741691571,5.0,5.0,5.0,5.0,5.0,True,False,True
2023-02-16,5.0,47,3,2,0.7236440382959124,0.6901733882429719,5.0,5.0,5.0,5.0,5.0,True,False,True
2023-02-16,5.0,47,3,2,0.7236440382959124,0.6901733882429719,4.9375,4.5625,4.0,3.7666666666666666,4.283333333333333,False,True,True
2023-02-17,5.0625,48,4,2,0.7354170229639855,0.6776147890466889,5.0,4.625,4.0,3.727777777777778,4.31875,False,True,True
2023-02-17,5.0,48,4,2,0.7354170229639855,0.6776147890466889,5.0,5.0,5.0,5.0,5.0,True,False,True
2023-02-18,5.0,49,5,2,0.7469720876965552,0.6648553979642865,5.0,5.0,5.0,5.0,5.0,True,False,True
2023-02-18,5.125,49,5,2,0.7469720876965552,0.6648553979642865,5.0625,4.6875,4.0,3.6888888888888887,4.35625,False,True,True
2023-02-19,5.1875,50,6,2,0.7583058084785624,0.6518989958787126,5.125,4.75,4.0,3.65,4.395833333333333,False,True,True
2023-02-19,5.0,50,6,2,0.7583058084785624,0.6518989958787126,5.0,5.0,5.0,5.0,5.0,True,False,True
2023-02-20,5.25,51,0,2,0.7694148268839378,0.6387494220515272,5.1875,4.8125,4.0,3.611111111111111,4.4375,False,True,True
2023-02-20,5.0,51,0,2,0.7694148268839378,0.6387494220515272,5.0,5.0,5.0,5.0,5.0,True,False,True
2023-02-21,5.2625,52,1,2,0.7802958510707755,0.6254105729852463,5.25,4.875,4.0,3.572222222222222,4.479583333333333,False,True,True
2023-02-21,5.0,52,1,2,0.7802958510707755,0.6254105729852463,5.0,5.0,5.0,5.0,5.0,True,False,True
2023-02-22,5.275,53,2,2,0.7909456567567772,0.6118864012687243,5.2625,4.9375,4.0,3.533333333333333,4.522083333333333,False,True,True
2023-02-22,5.0,53,2,2,0.7909456567567772,0.6118864012687243,5.0,5.0,5.0,5.0,5.0,True,False,True
2023-02-23,5.0,54,3,2,0.8013610881746766,0.5981809144059165,5.0,5.0,5.0,5.0,5.0,True,False,True
2023-02-23,5.2875,54,3,2,0.8013610881746766,0.5981809144059165,5.275,5.0,4.0,3.4944444444444445,4.5649999999999995,False,True,True
2023-02-24,5.3,55,4,2,0.8115390590073611,0.5842981736283684,5.2875,5.0625,4.0,3.4555555555555557,4.608333333333333,False,True,True
2023-02-24,5.0,55,4,2,0.8115390590073611,0.5842981736283684,5.0,5.0,5.0,5.0,5.0,True,False,True
2023-02-25,5.0,56,5,2,0.8214765533024142,0.5702422926917871,5.0,5.0,5.0,5.0,5.0,True,False,True
2023-02-25,5.3125,56,5,2,0.8214765533024142,0.5702422926917871,5.3,5.125,4.0,3.4166666666666665,4.652083333333334,False,True,True
2023-02-26,5.0,57,6,2,0.8311706263658079,0.5560174366570446,5.0,5.0,5.0,5.0,5.0,True,False,True
2023-02-26,5.324999999999999,57,6,2,0.8311706263658079,0.5560174366570446,5.3125,5.1875,4.0,3.3777777777777778,4.69625,False,True,True
2023-02-27,5.3374999999999995,58,0,2,0.8406184056344782,0.5416278206559814,5.324999999999999,5.25,4.0,3.3388888888888886,4.740833333333333,False,True,True
2023-02-27,5.0,58,0,2,0.8406184056344782,0.5416278206559814,5.0,5.0,5.0,5.0,5.0,True,False,True
2023-02-28,5.0,59,1,2,0.8498170915275278,0.5270777086423722,5.0,5.0,5.0,5.0,5.0,True,False,True
2023-02-28,5.35,59,1,2,0.8498170915275278,0.5270777086423722,5.3374999999999995,5.2625,4.0,3.3,4.785833333333333,False,True,True
2023-03-01,5.29,60,2,3,0.8587639582758029,0.5123714121284237,5.35,5.275,4.0,3.3,4.828833333333334,False,True,True
2023-03-01,5.0,60,2,3,0.8587639582758029,0.5123714121284237,5.0,5.0,5.0,5.0,5.0,True,False,True
2023-03-02,5.0,61,3,3,0.8674563547295969,0.49751328890718066,5.0,5.0,5.0,5.0,5.0,True,False,True
2023-03-02,5.2299999999999995,61,3,3,0.8674563547295969,0.49751328890718066,5.29,5.2875,4.0,3.3,4.869833333333333,False,True,True
2023-03-03,5.17,62,4,3,0.8758917051442429,0.48250774176121847,5.2299999999999995,5.3,4.0625,3.3,4.90675,False,True,True
2023-03-03,5.0,62,4,3,0.8758917051442429,0.48250774176121847,5.0,5.0,5.0,5.0,5.0,True,False,True
2023-03-04,5.109999999999999,63,5,3,0.8840675099433636,0.4673592171580022,5.17,5.3125,4.125,3.3,4.939583333333333,False,True,True
2023-03-04,5.0,63,5,3,0.8840675099433636,0.4673592171580022,5.0,5.0,5.0,5.0,5.0,True,False,True
2023-03-05,5.05,64,6,3,0.8919813464595485,0.45207220393230435,5.109999999999999,5.324999999999999,4.1875,3.3,4.968333333333333,False,True,True
2023-03-05,5.0,64,6,3,0.8919813464595485,0.45207220393230435,5.0,5.0,5.0,5.0,5.0,True,False,True
2023-03-06,5.0,65,0,3,0.8996308696522433,0.43665123195606403,5.0,5.0,5.0,5.0,5.0,True,False,True
2023-03-06,4.99,65,0,3,0.8996308696522433,0.43665123195606403,5.05,5.3374999999999995,4.25,3.3,4.992999999999999,False,True,True
2023-03-07,5.0,66,1,3,0.9070138128026359,0.4211008707960896,5.0,5.0,5.0,5.0,5.0,True,False,True
2023-03-07,4.93,66,1,3,0.9070138128026359,0.4211008707960896,4.99,5.35,4.3125,3.3,5.013583333333333,False,True,True
2023-03-08,4.87,67,2,3,0.9141279881853337,0.40542572835999735,4.93,5.29,4.375,3.3,5.030083333333334,False,True,True
2023-03-08,5.0,67,2,3,0.9141279881853337,0.40542572835999735,5.0,5.0,5.0,5.0,5.0,True,False,True
2023-03-09,4.81,68,3,3,0.9209712877166346,0.38963044953078796,4.87,5.2299999999999995,4.4375,3.3,5.0425,False,True,True
2023-03-09,5.0,68,3,3,0.9209712877166346,0.38963044953078796,5.0,5.0,5.0,5.0,5.0,True,False,True
2023-03-10,4.75,69,4,3,0.9275416835791966,0.37371971479046906,4.81,5.17,4.5,3.3,5.050833333333333,False,True,True
2023-03-10,5.0,69,4,3,0.9275416835791966,0.37371971479046906,5.0,5.0,5.0,5.0,5.0,True,False,True
2023-03-11,4.75,70,5,3,0.9338372288229252,0.35769823883312546,4.75,5.109999999999999,4.5625,3.3,5.057083333333334,False,True,True
2023-03-11,5.0,70,5,3,0.9338372288229252,0.35769823883312546,5.0,5.0,5.0,5.0,5.0,True,False,True
2023-03-12,5.0,71,6,3,0.9398560579418954,0.3415707691678556,5.0,5.0,5.0,5.0,5.0,True,False,True
2023-03-12,4.75,71,6,3,0.9398560579418954,0.3415707691678556,4.75,5.05,4.625,3.3,5.06125,False,True,True
2023-03-13,5.0,72,0,3,0.9455963874271426,0.3253420847119801,5.0,5.0,5.0,5.0,5.0,True,False,True
2023-03-13,4.75,72,0,3,0.9455963874271426,0.3253420847119801,4.75,4.99,4.6875,3.3,5.0633333333333335,False,True,True
2023-03-14,4.75,73,1,3,0.9510565162951535,0.30901699437494745,4.75,4.93,4.75,3.3,5.0633333333333335,False,True,True
2023-03-14,5.0,73,1,3,0.9510565162951535,0.30901699437494745,5.0,5.0,5.0,5.0,5.0,True,False,True
2023-03-15,5.0,74,2,3,0.9562348265919056,0.29260033563334836,5.0,5.0,5.0,5.0,5.0,True,False,True
2023-03-15,4.75,74,2,3,0.9562348265919056,0.29260033563334836,4.75,4.87,4.8125,3.3,5.06125,False,True,True
2023-03-16,4.75,75,3,3,0.9611297838723007,0.27609697309746883,4.75,4.81,4.875,3.3,5.057083333333334,False,True,True
2023-03-16,5.0,75,3,3,0.9611297838723007,0.27609697309746883,5.0,5.0,5.0,5.0,5.0,True,False,True
2023-03-17,5.0,76,4,3,0.9657399376548549,0.2595117970697999,5.0,5.0,5.0,5.0,5.0,True,False,True
2023-03-17,4.75,76,4,3,0.9657399376548549,0.2595117970697999,4.75,4.75,4.9375,3.3,5.050833333333333,False,True,True
2023-03-18,4.75,77,5,3,0.9700639218515071,0.2428497220959356,4.75,4.75,5.0,3.3,5.0425,False,True,True
2023-03-18,5.0,77,5,3,0.9700639218515071,0.2428497220959356,5.0,5.0,5.0,5.0,5.0,True,False,True
2023-03-19,4.75,78,6,3,0.9741004551724205,0.22611568550828828,4.75,4.75,5.0625,3.3,5.0320833333333335,False,True,True
2023-03-19,5.0,78,6,3,0.9741004551724205,0.22611568550828828,5.0,5.0,5.0,5.0,5.0,True,False,True
2023-03-20,5.0,79,0,3,0.9778483415056568,0.20931464596304847,5.0,5.0,5.0,5.0,5.0,True,False,True
2023-03-20,4.75,79,0,3,0.9778483415056568,0.20931464596304847,4.75,4.75,5.125,3.3,5.019583333333333,False,True,True
2023-03-21,4.954545454545454,80,1,3,0.9813064702716093,0.19245158197082998,4.75,4.75,5.1875,3.3,5.011818181818182,False,True,True
2023-03-21,5.0,80,1,3,0.9813064702716093,0.19245158197082998,5.0,5.0,5.0,5.0,5.0,True,False,True
2023-03-22,5.0,81,2,3,0.9844738167520922,0.1755314904214282,5.0,5.0,5.0,5.0,5.0,True,False,True
2023-03-22,5.159090909090909,81,2,3,0.9844738167520922,0.1755314904214282,4.954545454545454,4.75,5.25,3.3,5.008787878787879,False,True,True
2023-03-23,5.0,82,3,3,0.9873494423939864,0.15855938510313475,5.0,5.0,5.0,5.0,5.0,True,False,True
2023-03-23,5.363636363636363,82,3,3,0.9873494423939864,0.15855938510313475,5.159090909090909,4.75,5.2625,3.3,5.012159090909091,False,True,True
2023-03-24,5.0,83,4,3,0.989932495087353,0.141540295217043,5.0,5.0,5.0,5.0,5.0,True,False,True
2023-03-24,5.568181818181818,83,4,3,0.989932495087353,0.141540295217043,5.363636363636363,4.75,5.275,3.3,5.021931818181818,False,True,True
2023-03-25,5.0,84,5,3,0.9922222094179323,0.12447926388678915,5.0,5.0,5.0,5.0,5.0,True,False,True
2023-03-25,5.7727272727272725,84,5,3,0.9922222094179323,0.12447926388678915,5.568181818181818,4.75,5.2875,3.3,5.038106060606061,False,True,True
2023-03-26,5.0,85,6,3,0.994217906893952,0.10738134666416309,5.0,5.0,5.0,5.0,5.0,True,False,True
2023-03-26,5.9772727272727275,85,6,3,0.994217906893952,0.10738134666416309,5.7727272727272725,4.75,5.3,3.3,5.060681818181818,False,True,True
2023-03-27,5.0,86,0,3,0.995918996147179,0.09025161003104117,5.0,5.0,5.0,5.0,5.0,True,False,True
2023-03-27,6.181818181818182,86,0,3,0.995918996147179,0.09025161003104117,5.9772727272727275,4.75,5.3125,3.3,5.089659090909091,False,True,True
2023-03-28,5.0,87,1,3,0.9973249731081555,0.07309512989807777,5.0,5.0,5.0,5.0,5.0,True,False,True
2023-03-28,6.386363636363637,87,1,3,0.9973249731081555,0.07309512989807777,6.181818181818182,4.954545454545454,5.324999999999999,3.3,5.125037878787879,False,True,True
2023-03-29,6.590909090909091,88,2,3,0.9984354211555643,0.055916990100603484,6.386363636363637,5.159090909090909,5.3374999999999995,3.3,5.166818181818182,False,True,True
2023-03-29,5.0,88,2,3,0.9984354211555643,0.055916990100603484,5.0,5.0,5.0,5.0,5.0,True,False,True
2023-03-30,6.795454545454545,89,3,3,0.9992500112396835,0.03872228089217446,6.590909090909091,5.363636363636363,5.35,3.3,5.215000000000001,False,True,True
2023-03-30,5.0,89,3,3,0.9992500112396835,0.03872228089217446,5.0,5.0,5.0,5.0,5.0,True,False,True
2023-03-31,5.0,90,4,3,0.9997685019798909,0.021516097436222254,5.0,5.0,5.0,5.0,5.0,True,False,True
2023-03-31,7.0,90,4,3,0.9997685019798909,0.021516097436222254,6.795454545454545,5.568181818181818,5.29,3.3,5.272,False,True,True
2023-04-01,5.0,91,5,4,0.9999907397361901,0.004303538296244289,5.0,5.0,5.0,5.0,5.0,True,False,True
2023-04-01,6.95,91,5,4,0.9999907397361901,0.004303538296244289,7.0,5.7727272727272725,5.2299999999999995,3.42,5.3293333333333335,False,True,True
2023-04-02,6.9,92,6,4,0.9999166586547379,-0.01291029607500882,6.95,5.9772727272727275,5.17,3.54,5.3870000000000005,False,True,True
2023-04-02,5.0,92,6,4,0.9999166586547379,-0.01291029607500882,5.0,5.0,5.0,5.0,5.0,True,False,True
2023-04-03,5.0,93,0,4,0.9995462806873573,-0.030120304846908114,5.0,5.0,5.0,5.0,5.0,True,False,True
2023-04-03,6.85,93,0,4,0.9995462806873573,-0.030120304846908114,6.9,6.181818181818182,5.109999999999999,3.66,5.444999999999999,False,True,True
2023-04-04,6.8,94,1,4,0.9988797155850336,-0.04732138832243185,6.85,6.386363636363637,5.05,3.78,5.503333333333334,False,True,True
2023-04-04,5.0,94,1,4,0.9988797155850336,-0.04732138832243185,5.0,5.0,5.0,5.0,5.0,True,False,True
2023-04-05,6.75,95,2,4,0.9979171608653922,-0.06450844944931623,6.8,6.590909090909091,4.99,3.9,5.562,False,True,True
2023-04-05,5.0,95,2,4,0.9979171608653922,-0.06450844944931623,5.0,5.0,5.0,5.0,5.0,True,False,True
2023-04-06,6.7,96,3,4,0.9966589017541702,-0.08167639533042241,6.75,6.795454545454545,4.93,4.02,5.6209999999999996,False,True,True
2023-04-06,5.0,96,3,4,0.9966589017541702,-0.08167639533042241,5.0,5.0,5.0,5.0,5.0,True,False,True
2023-04-07,5.0,97,4,4,0.9951053111006976,-0.09882013873287143,5.0,5.0,5.0,5.0,5.0,True,False,True
2023-04-07,6.65,97,4,4,0.9951053111006976,-0.09882013873287143,6.7,7.0,4.87,4.14,5.6803333333333335,False,True,True
2023-04-08,5.0,98,5,4,0.9932568492674143,-0.11593459959550041,5.0,5.0,5.0,5.0,5.0,True,False,True
2023-04-08,6.6,98,5,4,0.9932568492674143,-0.11593459959550041,6.65,6.95,4.81,4.26,5.739999999999999,False,True,True
2023-04-09,5.0,99,6,4,0.9911140639934547,-0.1330147065341959,5.0,5.0,5.0,5.0,5.0,True,False,True
2023-04-09,6.55,99,6,4,0.9911140639934547,-0.1330147065341959,6.6,6.9,4.75,4.38,5.8,False,True,True
2023-04-10,6.5,100,0,4,0.9886775902323405,-0.1500553983446526,6.55,6.85,4.75,4.5,5.858333333333333,False,True,True
2023-04-10,5.0,100,0,4,0.9886775902323405,-0.1500553983446526,5.0,5.0,5.0,5.0,5.0,True,False,True
2023-04-11,5.0,101,1,4,0.9859481499638304,-0.16705162550211924,5.0,5.0,5.0,5.0,5.0,True,False,True
2023-04-11,6.4375,101,1,4,0.9859481499638304,-0.16705162550211924,6.5,6.8,4.75,4.55,5.914583333333334,False,True,True
2023-04-12,5.0,102,2,4,0.9829265519799822,-0.18399835165768005,5.0,5.0,5.0,5.0,5.0,True,False,True
2023-04-12,6.375,102,2,4,0.9829265519799822,-0.18399835165768005,6.4375,6.75,4.75,4.6,5.96875,False,True,True
2023-04-13,6.3125,103,3,4,0.9796136916454901,-0.20089055513063506,6.375,6.7,4.75,4.65,6.020833333333333,False,True,True
2023-04-13,5.0,103,3,4,0.9796136916454901,-0.20089055513063506,5.0,5.0,5.0,5.0,5.0,True,False,True
2023-04-14,5.0,104,4,4,0.9760105506323683,-0.21772323039653177,5.0,5.0,5.0,5.0,5.0,True,False,True
2023-04-14,6.25,104,4,4,0.9760105506323683,-0.21772323039653177,6.3125,6.65,4.75,4.7,6.070833333333334,False,True,True
2023-04-15,5.0,105,5,4,0.9721181966290613,-0.23449138957040985,5.0,5.0,5.0,5.0,5.0,True,False,True
2023-04-15,6.1875,105,5,4,0.9721181966290613,-0.23449138957040985,6.25,6.6,4.75,4.75,6.11875,False,True,True
2023-04-16,5.0,106,6,4,0.9679377830240642,-0.25119006388481935,5.0,5.0,5.0,5.0,5.0,True,False,True
2023-04-16,6.125,106,6,4,0.9679377830240642,-0.25119006388481935,6.1875,6.55,4.75,4.8,6.164583333333334,False,True,True
2023-04-17,5.0,107,0,4,0.9634705485641488,-0.2678143051621742,5.0,5.0,5.0,5.0,5.0,True,False,True
2023-04-17,6.0625,107,0,4,0.9634705485641488,-0.2678143051621742,6.125,6.5,4.75,4.85,6.208333333333333,False,True,True
2023-04-18,6.0,108,1,4,0.9587178169872964,-0.2843591872810034,6.0625,6.4375,4.75,4.9,6.25,False,True,True
2023-04-18,5.0,108,1,4,0.9587178169872964,-0.2843591872810034,5.0,5.0,5.0,5.0,5.0,True,False,True
2023-04-19,5.9375,109,2,4,0.9536809966304457,-0.30081980763566735,6.0,6.375,4.75,4.95,6.289583333333334,False,True,True
2023-04-19,5.0,109,2,4,0.9536809966304457,-0.30081980763566735,5.0,5.0,5.0,5.0,5.0,True,False,True
2023-04-20,5.875,110,3,4,0.9483615800121715,-0.3171912885891061,5.9375,6.3125,4.954545454545454,5.0,6.3202651515151524,False,True,True
2023-04-20,5.0,110,3,4,0.9483615800121715,-0.3171912885891061,5.0,5.0,5.0,5.0,5.0,True,False,True
2023-04-21,5.0,111,4,4,0.9427611433904207,-0.3334687789181868,5.0,5.0,5.0,5.0,5.0,True,False,True
2023-04-21,5.8125,111,4,4,0.9427611433904207,-0.3334687789181868,5.875,6.25,5.159090909090909,4.975,6.342045454545455,False,True,True
2023-04-22,5.0,112,5,4,0.9368813462954315,-0.3496474552512284,5.0,5.0,5.0,5.0,5.0,True,False,True
2023-04-22,5.75,112,5,4,0.9368813462954315,-0.3496474552512284,5.8125,6.1875,5.363636363636363,4.95,6.354924242424243,False,True,True
2023-04-23,5.0,113,6,4,0.9307239310379795,-0.36572252349726897,5.0,5.0,5.0,5.0,5.0,True,False,True
2023-04-23,5.6875,113,6,4,0.9307239310379795,-0.36572252349726897,5.75,6.125,5.568181818181818,4.925,6.358901515151516,False,True,True
2023-04-24,5.0,114,0,4,0.9242907221930933,-0.3816892202666588,5.0,5.0,5.0,5.0,5.0,True,False,True
2023-04-24,5.625,114,0,4,0.9242907221930933,-0.3816892202666588,5.6875,6.0625,5.7727272727272725,4.9,6.353977272727273,False,True,True
2023-04-25,5.5625,115,1,4,0.9175836260593937,-0.39754281428255595,5.625,6.0,5.9772727272727275,4.875,6.340151515151516,False,True,True
2023-04-25,5.0,115,1,4,0.9175836260593937,-0.39754281428255595,5.0,5.0,5.0,5.0,5.0,True,False,True
2023-04-26,5.5,116,2,4,0.9106046300942162,-0.4132786077829042,5.5625,5.9375,6.181818181818182,4.85,6.317424242424242,False,True,True
2023-04-26,5.0,116,2,4,0.9106046300942162,-0.4132786077829042,5.0,5.0,5.0,5.0,5.0,True,False,True
2023-04-27,5.4375,117,3,4,0.9033558023246845,-0.4288919379124835,5.5,5.875,6.386363636363637,4.825,6.285795454545455,False,True,True
2023-04-27,5.0,117,3,4,0.9033558023246845,-0.4288919379124835,5.0,5.0,5.0,5.0,5.0,True,False,True
2023-04-28,5.0,118,4,4,0.895839290734909,-0.4443781781046132,5.0,5.0,5.0,5.0,5.0,True,False,True
2023-04-28,5.375,118,4,4,0.895839290734909,-0.4443781781046132,5.4375,5.8125,6.590909090909091,4.8,6.245265151515152,False,True,True
2023-04-29,5.0,119,5,4,0.8880573226294932,-0.45973273945210397,5.0,5.0,5.0,5.0,5.0,True,False,True
2023-04-29,5.3125,119,5,4,0.8880573226294932,-0.45973273945210397,5.375,5.75,6.795454545454545,4.775,6.195833333333334,False,True,True
2023-04-30,5.0,120,6,4,0.8800122039735357,-0.47495107206704995,5.0,5.0,5.0,5.0,5.0,True,False,True
2023-04-30,5.25,120,6,4,0.8800122039735357,-0.47495107206704995,5.3125,5.6875,7.0,4.75,6.1375,False,True,True
2023-05-01,5.15,121,0,5,0.8717063187093218,-0.4900286664290592,5.25,5.625,6.95,4.75,6.0775,False,True,True
2023-05-01,5.0,121,0,5,0.8717063187093218,-0.4900286664290592,5.0,5.0,5.0,5.0,5.0,True,False,True
2023-05-02,5.05,122,1,5,0.8631421280499114,-0.5049610547215204,5.15,5.5625,6.9,4.75,6.015833333333333,False,True,True
2023-05-02,5.0,122,1,5,0.8631421280499114,-0.5049610547215204,5.0,5.0,5.0,5.0,5.0,True,False,True
2023-05-03,4.95,123,2,5,0.854322169749827,-0.5197438121555155,5.05,5.5,6.85,4.75,5.9525,False,True,True
2023-05-03,5.0,123,2,5,0.854322169749827,-0.5197438121555155,5.0,5.0,5.0,5.0,5.0,True,False,True
2023-05-04,4.85,124,3,5,0.8452490573530633,-0.5343725582809786,4.95,5.4375,6.8,4.75,5.8875,False,True,True
2023-05-04,5.0,124,3,5,0.8452490573530633,-0.5343725582809786,5.0,5.0,5.0,5.0,5.0,True,False,True
2023-05-05,4.75,125,4,5,0.8359254794186372,-0.548842958284719,4.85,5.375,6.75,4.75,5.820833333333334,False,True,True
2023-05-05,5.0,125,4,5,0.8359254794186372,-0.548842958284719,5.0,5.0,5.0,5.0,5.0,True,False,True
2023-05-06,5.0,126,5,5,0.8263541987239096,-0.5631507242749186,5.0,5.0,5.0,5.0,5.0,True,False,True
2023-05-06,4.65,126,5,5,0.8263541987239096,-0.5631507242749186,4.75,5.3125,6.7,4.75,5.7524999999999995,False,True,True
2023-05-07,5.0,127,6,5,0.8165380514459161,-0.5772916165517272,5.0,5.0,5.0,5.0,5.0,True,False,True
2023-05-07,4.55,127,6,5,0.8165380514459161,-0.5772916165517272,4.65,5.25,6.65,4.75,5.6825,False,True,True
2023-05-08,4.45,128,0,5,0.8064799463209448,-0.5912614448635781,4.55,5.15,6.6,4.75,5.610833333333333,False,True,True
2023-05-08,5.0,128,0,5,0.8064799463209448,-0.5912614448635781,5.0,5.0,5.0,5.0,5.0,True,False,True
2023-05-09,5.0,129,1,5,0.7961828637826158,-0.6050560696488488,5.0,5.0,5.0,5.0,5.0,True,False,True
2023-05-09,4.35,129,1,5,0.7961828637826158,-0.6050560696488488,4.45,5.05,6.55,4.75,5.5375,False,True,True
2023-05-10,4.25,130,2,5,0.7856498550787147,-0.6186714032625031,4.35,4.95,6.5,4.75,5.4625,False,True,True
2023-05-10,5.0,130,2,5,0.7856498550787147,-0.6186714032625031,5.0,5.0,5.0,5.0,5.0,True,False,True
2023-05-11,4.25,131,3,5,0.7748840413670407,-0.6321034111873487,4.25,4.85,6.4375,4.75,5.389583333333333,False,True,True
2023-05-11,5.0,131,3,5,0.7748840413670407,-0.6321034111873487,5.0,5.0,5.0,5.0,5.0,True,False,True
2023-05-12,4.25,132,4,5,0.7638886127905428,-0.6453481132295501,4.25,4.75,6.375,4.75,5.31875,False,True,True
2023-05-12,5.0,132,4,5,0.7638886127905428,-0.6453481132295501,5.0,5.0,5.0,5.0,5.0,True,False,True
2023-05-13,5.0,133,5,5,0.7526668275320085,-0.6584015846980488,5.0,5.0,5.0,5.0,5.0,True,False,True
2023-05-13,4.25,133,5,5,0.7526668275320085,-0.6584015846980488,4.25,4.65,6.3125,4.75,5.25,False,True,True
2023-05-14,4.25,134,6,5,0.7412220108485958,-0.6712599575675313,4.25,4.55,6.25,4.75,5.183333333333334,False,True,True
2023-05-14,5.0,134,6,5,0.7412220108485958,-0.6712599575675313,5.0,5.0,5.0,5.0,5.0,True,False,True
2023-05-15,5.0,135,0,5,0.7295575540864875,-0.6839194216246106,5.0,5.0,5.0,5.0,5.0,True,False,True
2023-05-15,4.25,135,0,5,0.7295575540864875,-0.6839194216246106,4.25,4.45,6.1875,4.75,5.11875,False,True,True
2023-05-16,5.0,136,1,5,0.717676913675962,-0.6963762255968722,5.0,5.0,5.0,5.0,5.0,True,False,True
2023-05-16,4.25,136,1,5,0.717676913675962,-0.6963762255968722,4.25,4.35,6.125,4.75,5.05625,False,True,True
2023-05-17,4.25,137,2,5,0.705583610107178,-0.7086266782644596,4.25,4.25,6.0625,4.75,4.995833333333334,False,True,True
2023-05-17,5.0,137,2,5,0.705583610107178,-0.7086266782644596,5.0,5.0,5.0,5.0,5.0,True,False,True
2023-05-18,4.25,138,3,5,0.6932812268869777,-0.7206671495538609,4.25,4.25,6.0,4.75,4.9375,False,True,True
2023-05-18,5.0,138,3,5,0.6932812268869777,-0.7206671495538609,5.0,5.0,5.0,5.0,5.0,True,False,True
2023-05-19,5.0,139,4,5,0.6807734094770161,-0.7324940716135789,5.0,5.0,5.0,5.0,5.0,True,False,True
2023-05-19,4.25,139,4,5,0.6807734094770161,-0.7324940716135789,4.25,4.25,5.9375,4.75,4.88125,False,True,True
2023-05-20,4.25,140,5,5,0.6680638642135335,-0.7441039398713607,4.25,4.25,5.875,4.75,4.827083333333333,False,True,True
2023-05-20,5.0,140,5,5,0.6680638642135335,-0.7441039398713607,5.0,5.0,5.0,5.0,5.0,True,False,True
2023-05-21,5.0,141,6,5,0.6551563572090853,-0.7554933140726803,5.0,5.0,5.0,5.0,5.0,True,False,True
2023-05-21,4.25,141,6,5,0.6551563572090853,-0.7554933140726803,4.25,4.25,5.8125,4.75,4.775,False,True,True
2023-05-22,5.0,142,0,5,0.6420547132365637,-0.766658819300159,5.0,5.0,5.0,5.0,5.0,True,False,True
2023-05-22,4.25,142,0,5,0.6420547132365637,-0.766658819300159,4.25,4.25,5.75,4.75,4.725,False,True,True
2023-05-23,5.0,143,1,5,0.6287628145958344,-0.7775971469736269,5.0,5.0,5.0,5.0,5.0,True,False,True
2023-05-23,4.25,143,1,5,0.6287628145958344,-0.7775971469736269,4.25,4.25,5.6875,4.75,4.677083333333333,False,True,True
2023-05-24,5.0,144,2,5,0.6152845999633276,-0.7883050558305255,5.0,5.0,5.0,5.0,5.0,True,False,True
2023-05-24,4.25,144,2,5,0.6152845999633276,-0.7883050558305255,4.25,4.25,5.625,4.75,4.63125,False,True,True
2023-05-25,5.0,145,3,5,0.6016240632249226,-0.7987793728863649,5.0,5.0,5.0,5.0,5.0,True,False,True
2023-05-25,4.25,145,3,5,0.6016240632249226,-0.7987793728863649,4.25,4.25,5.5625,4.75,4.5875,False,True,True
2023-05-26,5.0,146,4,5,0.5877852522924732,-0.8090169943749473,5.0,5.0,5.0,5.0,5.0,True,False,True
2023-05-26,4.25,146,4,5,0.5877852522924732,-0.8090169943749473,4.25,4.25,5.5,4.75,4.545833333333333,False,True,True
2023-05-27,4.25,147,5,5,0.5737722679043246,-0.8190148866680801,4.25,4.25,5.4375,4.75,4.50625,False,True,True
2023-05-27,5.0,147,5,5,0.5737722679043246,-0.8190148866680801,5.0,5.0,5.0,5.0,5.0,True,False,True
2023-05-28,4.25,148,6,5,0.5595892624101765,-0.8287700871745038,4.25,4.25,5.375,4.75,4.46875,False,True,True
2023-05-28,5.0,148,6,5,0.5595892624101765,-0.8287700871745038,5.0,5.0,5.0,5.0,5.0,True,False,True
2023-05-29,5.0,149,0,5,0.545240438540651,-0.8382797052177744,5.0,5.0,5.0,5.0,5.0,True,False,True
2023-05-29,4.25,149,0,5,0.545240438540651,-0.8382797052177744,4.25,4.25,5.3125,4.75,4.433333333333334,False,True,True
2023-05-30,4.25,150,1,5,0.5307300481619334,-0.8475409228928311,4.25,4.25,5.25,4.75,4.4,False,True,True
2023-05-30,5.0,150,1,5,0.5307300481619334,-0.8475409228928311,5.0,5.0,5.0,5.0,5.0,True,False,True
2023-05-31,5.0,151,2,5,0.5160623910158528,-0.8565509959010036,5.0,5.0,5.0,5.0,5.0,True,False,True
2023-05-31,4.25,151,2,5,0.5160623910158528,-0.8565509959010036,4.25,4.25,5.15,4.75,4.37,False,True,True
2023-06-01,5.0,152,3,6,0.5012418134457758,-0.865307254363206,5.0,5.0,5.0,5.0,5.0,True,False,True
2023-06-01,4.25,152,3,6,0.5012418134457758,-0.865307254363206,4.25,4.25,5.05,4.8625,4.343333333333334,False,True,True
2023-06-02,5.0,153,4,6,0.48627270710868997,-0.8738071036110808,5.0,5.0,5.0,5.0,5.0,True,False,True
2023-06-02,4.25,153,4,6,0.48627270710868997,-0.8738071036110808,4.25,4.25,4.95,4.975,4.319999999999999,False,True,True
2023-06-03,5.0,154,5,6,0.4711595076738638,-0.8820480249558537,5.0,5.0,5.0,5.0,5.0,True,False,True
2023-06-03,4.25,154,5,6,0.4711595076738638,-0.8820480249558537,4.25,4.25,4.85,5.0875,4.3,False,True,True
2023-06-04,5.0,155,6,6,0.4559066935084588,-0.8900275764346767,5.0,5.0,5.0,5.0,5.0,True,False,True
2023-06-04,4.25,155,6,6,0.4559066935084588,-0.8900275764346767,4.25,4.25,4.75,5.2,4.283333333333333,False,True,True
2023-06-05,4.25,156,0,6,0.440518784350495,-0.8977433935342337,4.25,4.25,4.65,5.3125,4.27,False,True,True
2023-06-05,5.0,156,0,6,0.440518784350495,-0.8977433935342337,5.0,5.0,5.0,5.0,5.0,True,False,True
2023-06-06,5.0,157,1,6,0.42500033996955416,-0.9051931898913974,5.0,5.0,5.0,5.0,5.0,True,False,True
2023-06-06,4.25,157,1,6,0.42500033996955416,-0.9051931898913974,4.25,4.25,4.55,5.425,4.26,False,True,True
2023-06-07,4.25,158,2,6,0.4093559588156213,-0.9123747579707273,4.25,4.25,4.45,5.5375,4.253333333333333,False,True,True
2023-06-07,5.0,158,2,6,0.4093559588156213,-0.9123747579707273,5.0,5.0,5.0,5.0,5.0,True,False,True
2023-06-08,4.25,159,3,6,0.39359027665646673,-0.9192859697186104,4.25,4.25,4.35,5.65,4.25,False,True,True
2023-06-08,5.0,159,3,6,0.39359027665646673,-0.9192859697186104,5.0,5.0,5.0,5.0,5.0,True,False,True
2023-06-09,4.25,160,4,6,0.3777079652039649,-0.9259247771938498,4.25,4.25,4.25,5.7625,4.25,False,True,True
2023-06-09,5.0,160,4,6,0.3777079652039649,-0.9259247771938498,5.0,5.0,5.0,5.0,5.0,True,False,True
2023-06-10,5.0,161,5,6,0.36171373072976765,-0.9322892131745133,5.0,5.0,5.0,5.0,5.0,True,False,True
2023-06-10,4.25,161,5,6,0.36171373072976765,-0.9322892131745133,4.25,4.25,4.25,5.875,4.25,False,True,True
2023-06-11,5.0,162,6,6,0.3456123126707335,-0.9383773917408641,5.0,5.0,5.0,5.0,5.0,True,False,True
2023-06-11,4.25,162,6,6,0.3456123126707335,-0.9383773917408641,4.25,4.25,4.25,5.9875,4.25,False,True,True
2023-06-12,5.0,163,0,6,0.3294084822245304,-0.9441875088341993,5.0,5.0,5.0,5.0,5.0,True,False,True
2023-06-12,4.25,163,0,6,0.3294084822245304,-0.9441875088341993,4.25,4.25,4.25,6.1,4.25,False,True,True
2023-06-13,4.25,164,1,6,0.3131070409358269,-0.9497178427914316,4.25,4.25,4.25,6.2125,4.25,False,True,True
2023-06-13,5.0,164,1,6,0.3131070409358269,-0.9497178427914316,5.0,5.0,5.0,5.0,5.0,True,False,True
2023-06-14,4.25,165,2,6,0.29671281927349075,-0.9549667548552551,4.25,4.25,4.25,6.325,4.25,False,True,True
2023-06-14,5.0,165,2,6,0.29671281927349075,-0.9549667548552551,5.0,5.0,5.0,5.0,5.0,True,False,True
2023-06-15,5.0,166,3,6,0.28023067519921585,-0.9599326896597447,5.0,5.0,5.0,5.0,5.0,True,False,True
2023-06-15,4.25,166,3,6,0.28023067519921585,-0.9599326896597447,4.25,4.25,4.25,6.4375,4.25,False,True,True
2023-06-16,4.25,167,4,6,0.26366549272800704,-0.9646141756912435,4.25,4.25,4.25,6.55,4.25,False,True,True
2023-06-16,5.0,167,4,6,0.26366549272800704,-0.9646141756912435,5.0,5.0,5.0,5.0,5.0,True,False,True
2023-06-17,5.0,168,5,6,0.24702218048093552,-0.9690098257244062,5.0,5.0,5.0,5.0,5.0,True,False,True
2023-06-17,4.25,168,5,6,0.24702218048093552,-0.9690098257244062,4.25,4.25,4.25,6.6625,4.25,False,True,True
2023-06-18,5.0,169,6,6,0.23030567023061221,-0.9731183372332619,5.0,5.0,5.0,5.0,5.0,True,False,True
2023-06-18,4.25,169,6,6,0.23030567023061221,-0.9731183372332619,4.25,4.25,4.25,6.775,4.25,False,True,True
2023-06-19,5.0,170,0,6,0.21352091543979612,-0.9769384927771817,5.0,5.0,5.0,5.0,5.0,True,False,True
2023-06-19,4.25,170,0,6,0.21352091543979612,-0.9769384927771817,4.25,4.25,4.25,6.8875,4.25,False,True,True
2023-06-20,5.0,171,1,6,0.19667288979357647,-0.980469160361632,5.0,5.0,5.0,5.0,5.0,True,False,True
2023-06-20,4.25,171,1,6,0.19667288979357647,-0.980469160361632,4.25,4.25,4.25,7.0,4.25,False,True,True
2023-06-21,4.25,172,2,6,0.1797665857255624,-0.9837092937736097,4.25,4.25,4.25,7.0,4.25,False,True,True
2023-06-21,5.0,172,2,6,0.1797665857255624,-0.9837092937736097,5.0,5.0,5.0,5.0,5.0,True,False,True
2023-06-22,4.25,173,3,6,0.16280701293851715,-0.986657932891657,4.25,4.25,4.25,7.0,4.25,False,True,True
2023-06-22,5.0,173,3,6,0.16280701293851715,-0.986657932891657,5.0,5.0,5.0,5.0,5.0,True,False,True
2023-06-23,5.0,174,4,6,0.1457991969198751,-0.9893142039703663,5.0,5.0,5.0,5.0,5.0,True,False,True
2023-06-23,4.25,174,4,6,0.1457991969198751,-0.9893142039703663,4.25,4.25,4.25,7.0,4.25,False,True,True
2023-06-24,4.25,175,5,6,0.12874817745258132,-0.99167731989929,4.25,4.25,4.25,7.0,4.25,False,True,True
2023-06-24,5.0,175,5,6,0.12874817745258132,-0.99167731989929,5.0,5.0,5.0,5.0,5.0,True,False,True
2023-06-25,5.0,176,6,6,0.11165900712169512,-0.993746580436178,5.0,5.0,5.0,5.0,5.0,True,False,True
2023-06-25,4.25,176,6,6,0.11165900712169512,-0.993746580436178,4.25,4.25,4.25,7.0,4.25,False,True,True
2023-06-26,5.0,177,0,6,0.09453674981719912,-0.9955213724144752,5.0,5.0,5.0,5.0,5.0,True,False,True
2023-06-26,4.25,177,0,6,0.09453674981719912,-0.9955213724144752,4.25,4.25,4.25,7.0,4.25,False,True,True
2023-06-27,5.0,178,1,6,0.07738647923346301,-0.9970011699250151,5.0,5.0,5.0,5.0,5.0,True,False,True
2023-06-27,4.25,178,1,6,0.07738647923346301,-0.9970011699250151,4.25,4.25,4.25,7.0,4.25,False,True,True
2023-06-28,4.25,179,2,6,0.06021327736579302,-0.9981855344718586,4.25,4.25,4.25,7.0,4.25,False,True,True
2023-06-28,5.0,179,2,6,0.06021327736579302,-0.9981855344718586,5.0,5.0,5.0,5.0,5.0,True,False,True
2023-06-29,4.25,180,3,6,0.04302223300453059,-0.99907411510223,4.25,4.25,4.25,7.0,4.25,False,True,True
2023-06-29,5.0,180,3,6,0.04302223300453059,-0.99907411510223,5.0,5.0,5.0,5.0,5.0,True,False,True
2023-06-30,4.25,181,4,6,0.02581844022713308,-0.9996666485105112,4.25,4.25,4.25,7.0,4.25,False,True,True
2023-06-30,5.0,181,4,6,0.02581844022713308,-0.9996666485105112,5.0,5.0,5.0,5.0,5.0,True,False,True
2023-07-01,5.0,182,5,7,0.008606996888688698,-0.9999629591162655,5.0,5.0,5.0,5.0,5.0,True,False,True
2023-07-01,4.25,182,5,7,0.008606996888688698,-0.9999629591162655,4.25,4.25,4.25,6.8,4.25,False,True,True
2023-07-02,5.0,183,6,7,-0.008606996888688009,-0.9999629591162655,5.0,5.0,5.0,5.0,5.0,True,False,True
2023-07-02,4.25,183,6,7,-0.008606996888688009,-0.9999629591162655,4.25,4.25,4.25,6.6,4.25,False,True,True
2023-07-03,4.25,184,0,7,-0.02581844022713239,-0.9996666485105112,4.25,4.25,4.25,6.4,4.25,False,True,True
2023-07-03,5.0,184,0,7,-0.02581844022713239,-0.9996666485105112,5.0,5.0,5.0,5.0,5.0,True,False,True
2023-07-04,5.0,185,1,7,-0.04302223300453034,-0.99907411510223,5.0,5.0,5.0,5.0,5.0,True,False,True
2023-07-04,4.25,185,1,7,-0.04302223300453034,-0.99907411510223,4.25,4.25,4.25,6.2,4.25,False,True,True
2023-07-05,5.0,186,2,7,-0.060213277365792774,-0.9981855344718586,5.0,5.0,5.0,5.0,5.0,True,False,True
2023-07-05,4.25,186,2,7,-0.060213277365792774,-0.9981855344718586,4.25,4.25,4.25,6.0,4.25,False,True,True
2023-07-06,5.0,187,3,7,-0.07738647923346322,-0.9970011699250151,5.0,5.0,5.0,5.0,5.0,True,False,True
2023-07-06,4.25,187,3,7,-0.07738647923346322,-0.9970011699250151,4.25,4.25,4.25,5.8,4.25,False,True,True
2023-07-07,4.25,188,4,7,-0.09453674981719933,-0.9955213724144752,4.25,4.25,4.25,5.6,4.25,False,True,True
2023-07-07,5.0,188,4,7,-0.09453674981719933,-0.9955213724144752,5.0,5.0,5.0,5.0,5.0,True,False,True
2023-07-08,5.0,189,5,7,-0.11165900712169444,-0.9937465804361781,5.0,5.0,5.0,5.0,5.0,True,False,True
2023-07-08,4.25,189,5,7,-0.11165900712169444,-0.9937465804361781,4.25,4.25,4.25,5.4,4.25,False,True,True
2023-07-09,4.25,190,6,7,-0.12874817745258066,-0.99167731989929,4.25,4.25,4.25,5.2,4.25,False,True,True
2023-07-09,5.0,190,6,7,-0.12874817745258066,-0.99167731989929,5.0,5.0,5.0,5.0,5.0,True,False,True
2023-07-10,4.25,191,0,7,-0.14579919691987442,-0.9893142039703664,4.25,4.25,4.25,5.0,4.25,False,True,True
2023-07-10,5.0,191,0,7,-0.14579919691987442,-0.9893142039703664,5.0,5.0,5.0,5.0,5.0,True,False,True
2023-07-11,4.25,192,1,7,-0.16280701293851646,-0.9866579328916572,4.25,4.25,4.25,4.975,4.25,False,True,True
2023-07-11,5.0,192,1,7,-0.16280701293851646,-0.9866579328916572,5.0,5.0,5.0,5.0,5.0,True,False,True
2023-07-12,5.0,193,2,7,-0.17976658572556214,-0.9837092937736098,5.0,5.0,5.0,5.0,5.0,True,False,True
2023-07-12,4.25,193,2,7,-0.17976658572556214,-0.9837092937736098,4.25,4.25,4.25,4.95,4.25,False,True,True
2023-07-13,5.0,194,3,7,-0.19667288979357622,-0.9804691603616321,5.0,5.0,5.0,5.0,5.0,True,False,True
2023-07-13,4.25,194,3,7,-0.19667288979357622,-0.9804691603616321,4.25,4.25,4.25,4.925,4.25,False,True,True
2023-07-14,5.0,195,4,7,-0.2135209154397959,-0.9769384927771817,5.0,5.0,5.0,5.0,5.0,True,False,True
2023-07-14,4.25,195,4,7,-0.2135209154397959,-0.9769384927771817,4.25,4.25,4.25,4.9,4.25,False,True,True
2023-07-15,4.25,196,5,7,-0.23030567023061196,-0.973118337233262,4.25,4.25,4.25,4.875,4.25,False,True,True
2023-07-15,5.0,196,5,7,-0.23030567023061196,-0.973118337233262,5.0,5.0,5.0,5.0,5.0,True,False,True
2023-07-16,5.0,197,6,7,-0.24702218048093527,-0.9690098257244063,5.0,5.0,5.0,5.0,5.0,True,False,True
2023-07-16,4.25,197,6,7,-0.24702218048093527,-0.9690098257244063,4.25,4.25,4.25,4.85,4.25,False,True,True
2023-07-17,4.25,198,0,7,-0.2636654927280072,-0.9646141756912435,4.25,4.25,4.25,4.825,4.25,False,True,True
2023-07-17,5.0,198,0,7,-0.2636654927280072,-0.9646141756912435,5.0,5.0,5.0,5.0,5.0,True,False,True
2023-07-18,5.0,199,1,7,-0.2802306751992161,-0.9599326896597445,5.0,5.0,5.0,5.0,5.0,True,False,True
2023-07-18,4.25,199,1,7,-0.2802306751992161,-0.9599326896597445,4.25,4.25,4.25,4.8,4.25,False,True,True
2023-07-19,4.25,200,2,7,-0.2967128192734901,-0.9549667548552553,4.25,4.25,4.25,4.775,4.25,False,True,True
2023-07-19,5.0,200,2,7,-0.2967128192734901,-0.9549667548552553,5.0,5.0,5.0,5.0,5.0,True,False,True
2023-07-20,5.0,201,3,7,-0.3131070409358267,-0.9497178427914317,5.0,5.0,5.0,5.0,5.0,True,False,True
2023-07-20,4.25,201,3,7,-0.3131070409358267,-0.9497178427914317,4.25,4.25,4.25,4.75,4.25,False,True,True
2023-07-21,4.25,202,4,7,-0.3294084822245302,-0.9441875088341994,4.25,4.25,4.25,4.75,4.25,False,True,True
2023-07-21,5.0,202,4,7,-0.3294084822245302,-0.9441875088341994,5.0,5.0,5.0,5.0,5.0,True,False,True
2023-07-22,4.25,203,5,7,-0.3456123126707333,-0.9383773917408642,4.25,4.25,4.25,4.75,4.25,False,True,True
2023-07-22,5.0,203,5,7,-0.3456123126707333,-0.9383773917408642,5.0,5.0,5.0,5.0,5.0,True,False,True
2023-07-23,4.25,204,6,7,-0.3617137307297674,-0.9322892131745134,4.25,4.25,4.25,4.75,4.25,False,True,True
2023-07-23,5.0,204,6,7,-0.3617137307297674,-0.9322892131745134,5.0,5.0,5.0,5.0,5.0,True,False,True
2023-07-24,5.0,205,0,7,-0.37770796520396466,-0.9259247771938499,5.0,5.0,5.0,5.0,5.0,True,False,True
2023-07-24,4.25,205,0,7,-0.37770796520396466,-0.9259247771938499,4.25,4.25,4.25,4.75,4.25,False,True,True
2023-07-25,4.25,206,1,7,-0.39359027665646645,-0.9192859697186105,4.25,4.25,4.25,4.75,4.25,False,True,True
2023-07-25,5.0,206,1,7,-0.39359027665646645,-0.9192859697186105,5.0,5.0,5.0,5.0,5.0,True,False,True
2023-07-26,4.25,207,2,7,-0.4093559588156211,-0.9123747579707274,4.25,4.25,4.25,4.75,4.25,False,True,True
2023-07-26,5.0,207,2,7,-0.4093559588156211,-0.9123747579707274,5.0,5.0,5.0,5.0,5.0,True,False,True
2023-07-27,4.25,208,3,7,-0.42500033996955394,-0.9051931898913975,4.25,4.25,4.25,4.75,4.25,False,True,True
2023-07-27,5.0,208,3,7,-0.42500033996955394,-0.9051931898913975,5.0,5.0,5.0,5.0,5.0,True,False,True
2023-07-28,5.0,209,4,7,-0.4405187843504952,-0.8977433935342336,5.0,5.0,5.0,5.0,5.0,True,False,True
2023-07-28,4.25,209,4,7,-0.4405187843504952,-0.8977433935342336,4.25,4.25,4.25,4.75,4.25,False,True,True
2023-07-29,4.25,210,5,7,-0.455906693508459,-0.8900275764346766,4.25,4.25,4.25,4.75,4.25,False,True,True
2023-07-29,5.0,210,5,7,-0.455906693508459,-0.8900275764346766,5.0,5.0,5.0,5.0,5.0,True,False,True
2023-07-30,4.25,211,6,7,-0.47115950767386394,-0.8820480249558535,4.25,4.25,4.25,4.75,4.25,False,True,True
2023-07-30,5.0,211,6,7,-0.47115950767386394,-0.8820480249558535,5.0,5.0,5.0,5.0,5.0,True,False,True
2023-07-31,4.25,212,0,7,-0.4862727071086902,-0.8738071036110807,4.25,4.25,4.25,4.75,4.25,False,True,True
2023-07-31,5.0,212,0,7,-0.4862727071086902,-0.8738071036110807,5.0,5.0,5.0,5.0,5.0,True,False,True
2023-08-01,4.25,213,1,8,-0.5012418134457756,-0.8653072543632061,4.25,4.25,4.25,4.735,4.25,False,True,True
2023-08-01,5.0,213,1,8,-0.5012418134457756,-0.8653072543632061,5.0,5.0,5.0,5.0,5.0,True,False,True
2023-08-02,4.25,214,2,8,-0.5160623910158526,-0.8565509959010037,4.25,4.25,4.25,4.72,4.25,False,True,True
2023-08-02,5.0,214,2,8,-0.5160623910158526,-0.8565509959010037,5.0,5.0,5.0,5.0,5.0,True,False,True
2023-08-03,4.25,215,3,8,-0.5307300481619331,-0.8475409228928312,4.25,4.25,4.25,4.705,4.25,False,True,True
2023-08-03,5.0,215,3,8,-0.5307300481619331,-0.8475409228928312,5.0,5.0,5.0,5.0,5.0,True,False,True
2023-08-04,4.25,216,4,8,-0.5452404385406507,-0.8382797052177745,4.25,4.25,4.25,4.6899999999999995,4.25,False,True,True
2023-08-04,5.0,216,4,8,-0.5452404385406507,-0.8382797052177745,5.0,5.0,5.0,5.0,5.0,True,False,True
2023-08-05,5.0,217,5,8,-0.5595892624101763,-0.828770087174504,5.0,5.0,5.0,5.0,5.0,True,False,True
2023-08-05,4.25,217,5,8,-0.5595892624101763,-0.828770087174504,4.25,4.25,4.25,4.675,4.25,False,True,True
2023-08-06,4.25,218,6,8,-0.5737722679043243,-0.8190148866680802,4.25,4.25,4.25,4.66,4.25,False,True,True
2023-08-06,5.0,218,6,8,-0.5737722679043243,-0.8190148866680802,5.0,5.0,5.0,5.0,5.0,True,False,True
2023-08-07,4.25,219,0,8,-0.5877852522924734,-0.8090169943749472,4.25,4.25,4.25,4.645,4.25,False,True,True
2023-08-07,5.0,219,0,8,-0.5877852522924734,-0.8090169943749472,5.0,5.0,5.0,5.0,5.0,True,False,True
2023-08-08,4.25,220,1,8,-0.6016240632249227,-0.7987793728863648,4.25,4.25,4.25,4.63,4.25,False,True,True
2023-08-08,5.0,220,1,8,-0.6016240632249227,-0.7987793728863648,5.0,5.0,5.0,5.0,5.0,True,False,True
2023-08-09,4.25,221,2,8,-0.6152845999633277,-0.7883050558305253,4.25,4.25,4.25,4.614999999999999,4.25,False,True,True
2023-08-09,5.0,221,2,8,-0.6152845999633277,-0.7883050558305253,5.0,5.0,5.0,5.0,5.0,True,False,True
2023-08-10,5.0,222,3,8,-0.6287628145958345,-0.7775971469736268,5.0,5.0,5.0,5.0,5.0,True,False,True
2023-08-10,4.25,222,3,8,-0.6287628145958345,-0.7775971469736268,4.25,4.25,4.25,4.6,4.25,False,True,True
