pubDate,avgPrice,day_of_year,day_of_week,month,doy_sin,doy_cos,avgPrice_lag_1,avgPrice_lag_7,avgPrice_lag_30,avgPrice_lag_365,avgPrice_MA_30,specInfo_>300g/冻,specInfo_鲜,prodPcat_海水鱼
2022-08-23,15.0,235,1,8,-0.7856498550787144,-0.6186714032625032,15.0,15.0,15.0,14.0,15.0,True,False,True
2022-08-23,19.154362416107382,235,1,8,-0.7856498550787144,-0.6186714032625032,19.144295302013422,19.083892617449663,18.85234899328859,15.0,19.008389261744966,False,True,True
2022-08-24,19.164429530201343,236,2,8,-0.7961828637826154,-0.6050560696488494,19.154362416107382,19.093959731543624,18.86241610738255,15.0,19.018456375838927,False,True,True
2022-08-24,15.0,236,2,8,-0.7961828637826154,-0.6050560696488494,15.0,15.0,15.0,14.0,15.0,True,False,True
2022-08-25,15.0,237,3,8,-0.8064799463209447,-0.5912614448635782,15.0,15.0,15.0,14.0,15.0,True,False,True
2022-08-25,19.174496644295303,237,3,8,-0.8064799463209447,-0.5912614448635782,19.164429530201343,19.104026845637584,18.87248322147651,15.0,19.028523489932887,False,True,True
2022-08-26,15.0,238,4,8,-0.8165380514459157,-0.5772916165517278,15.0,15.0,15.0,14.0,15.0,True,False,True
2022-08-26,19.18456375838926,238,4,8,-0.8165380514459157,-0.5772916165517278,19.174496644295303,19.114093959731544,18.88255033557047,15.0,19.038590604026847,False,True,True
2022-08-27,15.0,239,5,8,-0.8263541987239094,-0.5631507242749187,15.0,15.0,15.0,14.0,15.0,True,False,True
2022-08-27,19.19463087248322,239,5,8,-0.8263541987239094,-0.5631507242749187,19.18456375838926,19.124161073825505,18.892617449664428,15.0,19.048657718120804,False,True,True
2022-08-28,19.20469798657718,240,6,8,-0.8359254794186365,-0.5488429582847199,19.19463087248322,19.13422818791946,18.90268456375839,15.0,19.05872483221476,False,True,True
2022-08-28,15.0,240,6,8,-0.8359254794186365,-0.5488429582847199,15.0,15.0,15.0,14.0,15.0,True,False,True
2022-08-29,19.21476510067114,241,0,8,-0.8452490573530634,-0.5343725582809785,19.20469798657718,19.144295302013422,18.91275167785235,15.0,19.06879194630873,False,True,True
2022-08-29,15.0,241,0,8,-0.8452490573530634,-0.5343725582809785,15.0,15.0,15.0,14.0,15.0,True,False,True
2022-08-30,19.2248322147651,242,1,8,-0.8543221697498269,-0.5197438121555157,19.21476510067114,19.154362416107382,18.92281879194631,15.0,19.078859060402685,False,True,True
2022-08-30,15.0,242,1,8,-0.8543221697498269,-0.5197438121555157,15.0,15.0,15.0,14.0,15.0,True,False,True
2022-08-31,19.23489932885906,243,2,8,-0.8631421280499115,-0.5049610547215202,19.2248322147651,19.164429530201343,18.93288590604027,15.0,19.088926174496642,False,True,True
2022-08-31,15.0,243,2,8,-0.8631421280499115,-0.5049610547215202,15.0,15.0,15.0,14.0,15.0,True,False,True
2022-09-01,19.24496644295302,244,3,9,-0.8717063187093217,-0.4900286664290594,19.23489932885906,19.174496644295303,18.94295302013423,15.0,19.098993288590602,False,True,True
2022-09-01,15.0,244,3,9,-0.8717063187093217,-0.4900286664290594,15.0,15.0,15.0,14.0,15.0,True,False,True
2022-09-02,19.25503355704698,245,4,9,-0.8800122039735356,-0.4749510720670502,19.24496644295302,19.18456375838926,18.953020134228186,15.0,19.109060402684563,False,True,True
2022-09-02,15.0,245,4,9,-0.8800122039735356,-0.4749510720670502,15.0,15.0,15.0,14.0,15.0,True,False,True
2022-09-03,19.26510067114094,246,5,9,-0.888057322629493,-0.4597327394521046,19.25503355704698,19.19463087248322,18.963087248322147,15.0,19.119127516778523,False,True,True
2022-09-03,15.0,246,5,9,-0.888057322629493,-0.4597327394521046,15.0,15.0,15.0,14.0,15.0,True,False,True
2022-09-04,15.0,247,6,9,-0.8958392907349089,-0.4443781781046134,15.0,15.0,15.0,14.0,15.0,True,False,True
2022-09-04,19.2751677852349,247,6,9,-0.8958392907349089,-0.4443781781046134,19.26510067114094,19.20469798657718,18.973154362416107,15.0,19.129194630872483,False,True,True
2022-09-05,15.0,248,0,9,-0.9033558023246842,-0.4288919379124841,15.0,15.0,15.0,14.0,15.0,True,False,True
2022-09-05,19.28523489932886,248,0,9,-0.9033558023246842,-0.4288919379124841,19.2751677852349,19.21476510067114,18.983221476510067,15.0,19.139261744966447,False,True,True
2022-09-06,15.0,249,1,9,-0.9106046300942162,-0.41327860778290443,15.0,15.0,15.0,14.0,15.0,True,False,True
2022-09-06,19.29530201342282,249,1,9,-0.9106046300942162,-0.41327860778290443,19.28523489932886,19.2248322147651,18.993288590604028,15.0,19.149328859060404,False,True,True
2022-09-07,19.305369127516776,250,2,9,-0.9175836260593934,-0.3975428142825566,19.29530201342282,19.23489932885906,19.003355704697988,15.0,19.15939597315436,False,True,True
2022-09-07,15.0,250,2,9,-0.9175836260593934,-0.3975428142825566,15.0,15.0,15.0,14.0,15.0,True,False,True
2022-09-08,15.0,251,3,9,-0.9242907221930934,-0.3816892202666586,15.0,15.0,15.0,14.0,15.0,True,False,True
2022-09-08,19.315436241610737,251,3,9,-0.9242907221930934,-0.3816892202666586,19.305369127516776,19.24496644295302,19.013422818791945,15.0,19.169463087248324,False,True,True
2022-09-09,15.0,252,4,9,-0.9307239310379793,-0.3657225234972692,15.0,15.0,15.0,14.0,15.0,True,False,True
2022-09-09,19.325503355704697,252,4,9,-0.9307239310379793,-0.3657225234972692,19.315436241610737,19.25503355704698,19.023489932885905,15.0,19.17953020134228,False,True,True
2022-09-10,15.0,253,5,9,-0.9368813462954315,-0.34964745525122826,15.0,15.0,15.0,14.0,15.0,True,False,True
2022-09-10,19.335570469798657,253,5,9,-0.9368813462954315,-0.34964745525122826,19.325503355704697,19.26510067114094,19.033557046979865,15.0,19.18959731543624,False,True,True
2022-09-11,19.345637583892618,254,6,9,-0.9427611433904206,-0.33346877891818705,19.335570469798657,19.2751677852349,19.043624161073826,15.0,19.1996644295302,False,True,True
2022-09-11,15.0,254,6,9,-0.9427611433904206,-0.33346877891818705,15.0,15.0,15.0,14.0,15.0,True,False,True
2022-09-12,19.355704697986578,255,0,9,-0.9483615800121716,-0.31719128858910595,19.345637583892618,19.28523489932886,19.053691275167786,15.0,19.209731543624162,False,True,True
2022-09-12,15.0,255,0,9,-0.9483615800121716,-0.31719128858910595,15.0,15.0,15.0,14.0,15.0,True,False,True
2022-09-13,15.0,256,1,9,-0.9536809966304455,-0.300819807635668,15.0,15.0,15.0,14.0,15.0,True,False,True
2022-09-13,19.36577181208054,256,1,9,-0.9536809966304455,-0.300819807635668,19.355704697986578,19.29530201342282,19.063758389261746,15.0,19.21979865771812,False,True,True
2022-09-14,15.0,257,2,9,-0.9587178169872964,-0.2843591872810036,15.0,15.0,15.0,14.0,15.0,True,False,True
2022-09-14,19.375838926174495,257,2,9,-0.9587178169872964,-0.2843591872810036,19.36577181208054,19.305369127516776,19.073825503355703,15.0,19.22986577181208,False,True,True
2022-09-15,19.385906040268456,258,3,9,-0.9634705485641486,-0.26781430516217486,19.375838926174495,19.315436241610737,19.083892617449663,15.0,19.23993288590604,False,True,True
2022-09-15,15.0,258,3,9,-0.9634705485641486,-0.26781430516217486,15.0,15.0,15.0,14.0,15.0,True,False,True
2022-09-16,19.395973154362416,259,4,9,-0.9679377830240642,-0.25119006388481957,19.385906040268456,19.325503355704697,19.093959731543624,15.0,19.25,False,True,True
2022-09-16,15.0,259,4,9,-0.9679377830240642,-0.25119006388481957,15.0,15.0,15.0,14.0,15.0,True,False,True
2022-09-17,15.0,260,5,9,-0.9721181966290612,-0.23449138957041052,15.0,15.0,15.0,14.0,15.0,True,False,True
2022-09-17,19.406040268456376,260,5,9,-0.9721181966290612,-0.23449138957041052,19.395973154362416,19.335570469798657,19.104026845637584,15.0,19.26006711409396,False,True,True
2022-09-18,15.0,261,6,9,-0.9760105506323682,-0.21772323039653224,15.0,15.0,15.0,16.0,15.0,True,False,True
2022-09-18,19.416107382550337,261,6,9,-0.9760105506323682,-0.21772323039653224,19.406040268456376,19.345637583892618,19.114093959731544,15.0,19.27013422818792,False,True,True
2022-09-19,19.426174496644293,262,0,9,-0.9796136916454901,-0.20089055513063528,19.416107382550337,19.355704697986578,19.124161073825505,15.0,19.28020134228188,False,True,True
2022-09-19,15.0,262,0,9,-0.9796136916454901,-0.20089055513063528,15.0,15.0,15.0,16.0,15.0,True,False,True
2022-09-20,19.436241610738254,263,1,9,-0.9829265519799822,-0.18399835165767986,19.426174496644293,19.36577181208054,19.13422818791946,15.0,19.290268456375838,False,True,True
2022-09-20,15.0,263,1,9,-0.9829265519799822,-0.18399835165767986,15.0,15.0,15.0,16.0,15.0,True,False,True
2022-09-21,19.446308724832214,264,2,9,-0.9859481499638303,-0.1670516255021195,19.436241610738254,19.375838926174495,19.144295302013422,15.0,19.300335570469795,False,True,True
2022-09-21,15.0,264,2,9,-0.9859481499638303,-0.1670516255021195,15.0,15.0,15.0,16.0,15.0,True,False,True
2022-09-22,15.0,265,3,9,-0.9886775902323404,-0.15005539834465262,15.0,15.0,15.0,17.0,15.0,True,False,True
2022-09-22,19.456375838926174,265,3,9,-0.9886775902323404,-0.15005539834465262,19.446308724832214,19.385906040268456,19.154362416107382,15.0,19.31040268456376,False,True,True
2022-09-23,19.466442953020135,266,4,9,-0.9911140639934546,-0.13301470653419636,19.456375838926174,19.395973154362416,19.164429530201343,15.0,19.32046979865772,False,True,True
2022-09-23,15.0,266,4,9,-0.9911140639934546,-0.13301470653419636,15.0,15.0,15.0,17.0,15.0,True,False,True
2022-09-24,15.0,267,5,9,-0.9932568492674143,-0.11593459959550066,15.0,15.0,15.0,17.0,15.0,True,False,True
2022-09-24,19.476510067114095,267,5,9,-0.9932568492674143,-0.11593459959550066,19.466442953020135,19.406040268456376,19.174496644295303,15.0,19.330536912751676,False,True,True
2022-09-25,19.486577181208055,268,6,9,-0.9951053111006974,-0.09882013873287211,19.476510067114095,19.416107382550337,19.18456375838926,15.0,19.34060402684564,False,True,True
2022-09-25,15.0,268,6,9,-0.9951053111006974,-0.09882013873287211,15.0,15.0,15.0,16.0,15.0,True,False,True
2022-09-26,15.0,269,0,9,-0.99665890175417,-0.08167639533042288,15.0,15.0,15.0,15.0,15.0,True,False,True
2022-09-26,19.496644295302012,269,0,9,-0.99665890175417,-0.08167639533042288,19.486577181208055,19.426174496644293,19.19463087248322,15.0,19.350671140939596,False,True,True
2022-09-27,19.506711409395972,270,1,9,-0.9979171608653922,-0.06450844944931625,19.496644295302012,19.436241610738254,19.20469798657718,15.0,19.360738255033556,False,True,True
2022-09-27,15.0,270,1,9,-0.9979171608653922,-0.06450844944931625,15.0,15.0,15.0,15.0,15.0,True,False,True
2022-09-28,19.516778523489933,271,2,9,-0.9988797155850335,-0.04732138832243232,19.506711409395972,19.446308724832214,19.21476510067114,15.0,19.370805369127517,False,True,True
2022-09-28,15.0,271,2,9,-0.9988797155850335,-0.04732138832243232,15.0,15.0,15.0,15.0,15.0,True,False,True
2022-09-29,19.526845637583893,272,3,9,-0.9995462806873573,-0.03012030484690836,19.516778523489933,19.456375838926174,19.2248322147651,15.0,19.380872483221474,False,True,True
2022-09-29,15.0,272,3,9,-0.9995462806873573,-0.03012030484690836,15.0,15.0,15.0,15.0,15.0,True,False,True
2022-09-30,15.0,273,4,9,-0.9999166586547379,-0.012910296075008843,15.0,15.0,15.0,14.0,15.0,True,False,True
2022-09-30,19.536912751677853,273,4,9,-0.9999166586547379,-0.012910296075008843,19.526845637583893,19.466442953020135,19.23489932885906,15.0,19.390939597315437,False,True,True
2022-10-01,19.54697986577181,274,5,10,-0.9999907397361901,0.004303538296243821,19.536912751677853,19.476510067114095,19.24496644295302,15.0,19.401006711409398,False,True,True
2022-10-01,15.0,274,5,10,-0.9999907397361901,0.004303538296243821,15.0,15.0,15.0,14.0,15.0,True,False,True
2022-10-02,19.55704697986577,275,6,10,-0.9997685019798909,0.021516097436222233,19.54697986577181,19.486577181208055,19.25503355704698,15.0,19.411073825503358,False,True,True
2022-10-02,15.0,275,6,10,-0.9997685019798909,0.021516097436222233,15.0,15.0,15.0,14.0,15.0,True,False,True
2022-10-03,15.0,276,0,10,-0.9992500112396835,0.03872228089217399,15.0,15.0,15.0,14.0,15.0,True,False,True
2022-10-03,19.56711409395973,276,0,10,-0.9992500112396835,0.03872228089217399,19.55704697986577,19.496644295302012,19.26510067114094,15.0,19.421140939597315,False,True,True
2022-10-04,15.0,277,1,10,-0.9984354211555643,0.05591699010060302,15.0,15.0,15.0,14.0,15.0,True,False,True
2022-10-04,19.57718120805369,277,1,10,-0.9984354211555643,0.05591699010060302,19.56711409395973,19.506711409395972,19.2751677852349,15.0,19.43120805369127,False,True,True
2022-10-05,19.58724832214765,278,2,10,-0.9973249731081555,0.07309512989807776,19.57718120805369,19.516778523489933,19.28523489932886,15.0,19.441275167785232,False,True,True
2022-10-05,15.0,278,2,10,-0.9973249731081555,0.07309512989807776,15.0,15.0,15.0,14.0,15.0,True,False,True
2022-10-06,15.0,279,3,10,-0.9959189961471792,0.0902516100310407,15.0,15.0,15.0,14.0,15.0,True,False,True
2022-10-06,19.59731543624161,279,3,10,-0.9959189961471792,0.0902516100310407,19.58724832214765,19.526845637583893,19.29530201342282,15.0,19.451342281879192,False,True,True
2022-10-07,15.0,280,4,10,-0.994217906893952,0.10738134666416306,15.0,15.0,15.0,14.0,15.0,True,False,True
2022-10-07,19.607382550335572,280,4,10,-0.994217906893952,0.10738134666416306,19.59731543624161,19.536912751677853,19.305369127516776,15.0,19.461409395973153,False,True,True
2022-10-08,15.0,281,5,10,-0.9922222094179324,0.12447926388678869,15.0,15.0,15.0,14.0,15.0,True,False,True
2022-10-08,19.61744966442953,281,5,10,-0.9922222094179324,0.12447926388678869,19.607382550335572,19.54697986577181,19.315436241610737,15.0,19.471476510067113,False,True,True
2022-10-09,19.62751677852349,282,6,10,-0.989932495087353,0.141540295217043,19.61744966442953,19.55704697986577,19.325503355704697,15.0,19.481543624161073,False,True,True
2022-10-09,15.0,282,6,10,-0.989932495087353,0.141540295217043,15.0,15.0,15.0,14.0,15.0,True,False,True
2022-10-10,15.0,283,0,10,-0.9873494423939864,0.15855938510313475,15.0,15.0,15.0,14.0,15.0,True,False,True
2022-10-10,19.63758389261745,283,0,10,-0.9873494423939864,0.15855938510313475,19.62751677852349,19.56711409395973,19.335570469798657,15.0,19.491610738255034,False,True,True
2022-10-11,19.64765100671141,284,1,10,-0.9844738167520923,0.17553149042142777,19.63758389261745,19.57718120805369,19.345637583892618,15.0,19.501677852348994,False,True,True
2022-10-11,15.0,284,1,10,-0.9844738167520923,0.17553149042142777,15.0,15.0,15.0,14.0,15.0,True,False,True
2022-10-12,15.0,285,2,10,-0.9813064702716093,0.19245158197082995,15.0,15.0,15.0,14.0,15.0,True,False,True
2022-10-12,19.65771812080537,285,2,10,-0.9813064702716093,0.19245158197082995,19.64765100671141,19.58724832214765,19.355704697986578,15.0,19.511744966442954,False,True,True
2022-10-13,15.0,286,3,10,-0.9778483415056567,0.20931464596304888,15.0,15.0,15.0,14.0,15.0,True,False,True
2022-10-13,19.667785234899327,286,3,10,-0.9778483415056567,0.20931464596304888,19.65771812080537,19.59731543624161,19.36577181208054,15.0,19.52181208053691,False,True,True
2022-10-14,15.0,287,4,10,-0.9741004551724206,0.22611568550828803,15.0,15.0,15.0,14.0,15.0,True,False,True
2022-10-14,19.677852348993287,287,4,10,-0.9741004551724206,0.22611568550828803,19.667785234899327,19.607382550335572,19.375838926174495,15.0,19.53187919463087,False,True,True
2022-10-15,19.687919463087248,288,5,10,-0.970063921851507,0.2428497220959358,19.677852348993287,19.61744966442953,19.385906040268456,15.0,19.54194630872483,False,True,True
2022-10-15,15.0,288,5,10,-0.970063921851507,0.2428497220959358,15.0,15.0,15.0,14.0,15.0,True,False,True
2022-10-16,19.697986577181208,289,6,10,-0.965739937654855,0.25951179706979943,19.687919463087248,19.62751677852349,19.395973154362416,15.0,19.552013422818792,False,True,True
2022-10-16,15.0,289,6,10,-0.965739937654855,0.25951179706979943,15.0,15.0,15.0,14.0,15.0,True,False,True
2022-10-17,19.70805369127517,290,0,10,-0.9611297838723007,0.27609697309746883,19.697986577181208,19.63758389261745,19.406040268456376,15.0,19.56208053691275,False,True,True
2022-10-17,15.0,290,0,10,-0.9611297838723007,0.27609697309746883,15.0,15.0,15.0,14.0,15.0,True,False,True
2022-10-18,15.0,291,1,10,-0.9562348265919058,0.2926003356333479,15.0,15.0,15.0,14.0,15.0,True,False,True
2022-10-18,19.71812080536913,291,1,10,-0.9562348265919058,0.2926003356333479,19.70805369127517,19.64765100671141,19.416107382550337,15.0,19.572147651006713,False,True,True
2022-10-19,19.72818791946309,292,2,10,-0.9510565162951536,0.30901699437494723,19.71812080536913,19.65771812080537,19.426174496644293,15.0,19.58221476510067,False,True,True
2022-10-19,15.0,292,2,10,-0.9510565162951536,0.30901699437494723,15.0,15.0,15.0,14.0,15.0,True,False,True
2022-10-20,19.738255033557046,293,3,10,-0.9455963874271428,0.3253420847119795,19.72818791946309,19.667785234899327,19.436241610738254,15.0,19.59228187919463,False,True,True
2022-10-20,15.0,293,3,10,-0.9455963874271428,0.3253420847119795,15.0,15.0,15.0,14.0,15.0,True,False,True
2022-10-21,19.748322147651006,294,4,10,-0.9398560579418953,0.341570769167856,19.738255033557046,19.677852348993287,19.446308724832214,15.0,19.602348993288594,False,True,True
2022-10-21,15.0,294,4,10,-0.9398560579418953,0.341570769167856,15.0,15.0,15.0,14.0,15.0,True,False,True
2022-10-22,19.758389261744966,295,5,10,-0.9338372288229252,0.35769823883312546,19.748322147651006,19.687919463087248,19.456375838926174,15.0,19.61241610738255,False,True,True
2022-10-22,15.0,295,5,10,-0.9338372288229252,0.35769823883312546,15.0,15.0,15.0,14.0,15.0,True,False,True
2022-10-23,19.768456375838927,296,6,10,-0.9275416835791965,0.3737197147904692,19.758389261744966,19.697986577181208,19.466442953020135,15.0,19.622483221476507,False,True,True
2022-10-23,15.0,296,6,10,-0.9275416835791965,0.3737197147904692,15.0,15.0,15.0,14.0,15.0,True,False,True
2022-10-24,15.0,297,0,10,-0.9209712877166347,0.38963044953078774,15.0,15.0,15.0,14.0,15.0,True,False,True
2022-10-24,19.778523489932887,297,0,10,-0.9209712877166347,0.38963044953078774,19.768456375838927,19.70805369127517,19.476510067114095,15.0,19.632550335570468,False,True,True
2022-10-25,15.0,298,1,10,-0.9141279881853337,0.4054257283599973,15.0,15.0,15.0,14.0,15.0,True,False,True
2022-10-25,19.788590604026844,298,1,10,-0.9141279881853337,0.4054257283599973,19.778523489932887,19.71812080536913,19.486577181208055,15.0,19.642617449664428,False,True,True
2022-10-26,15.0,299,2,10,-0.9070138128026362,0.42110087079608916,15.0,15.0,15.0,14.0,15.0,True,False,True
2022-10-26,19.798657718120804,299,2,10,-0.9070138128026362,0.42110087079608916,19.788590604026844,19.72818791946309,19.496644295302012,15.0,19.65268456375839,False,True,True
2022-10-27,15.0,300,3,10,-0.8996308696522434,0.4366512319560638,15.0,15.0,15.0,14.0,15.0,True,False,True
2022-10-27,19.808724832214764,300,3,10,-0.8996308696522434,0.4366512319560638,19.798657718120804,19.738255033557046,19.506711409395972,15.0,19.66275167785235,False,True,True
2022-10-28,15.0,301,4,10,-0.8919813464595487,0.45207220393230374,15.0,15.0,15.0,14.0,15.0,True,False,True
2022-10-28,19.818791946308725,301,4,10,-0.8919813464595487,0.45207220393230374,19.808724832214764,19.748322147651006,19.516778523489933,15.0,19.67281879194631,False,True,True
2022-10-29,15.0,302,5,10,-0.8840675099433637,0.46735921715800205,15.0,15.0,15.0,14.0,15.0,True,False,True
2022-10-29,19.828859060402685,302,5,10,-0.8840675099433637,0.46735921715800205,19.818791946308725,19.758389261744966,19.526845637583893,15.0,19.68288590604027,False,True,True
2022-10-30,15.0,303,6,10,-0.8758917051442433,0.48250774176121763,15.0,15.0,15.0,14.0,15.0,True,False,True
2022-10-30,19.838926174496645,303,6,10,-0.8758917051442433,0.48250774176121763,19.828859060402685,19.768456375838927,19.536912751677853,15.0,19.69295302013423,False,True,True
2022-10-31,19.848993288590606,304,0,10,-0.8674563547295971,0.4975132889071803,19.838926174496645,19.778523489932887,19.54697986577181,15.0,19.70302013422819,False,True,True
2022-10-31,15.0,304,0,10,-0.8674563547295971,0.4975132889071803,15.0,15.0,15.0,14.0,15.0,True,False,True
2022-11-01,19.859060402684563,305,1,11,-0.858763958275803,0.5123714121284235,19.848993288590606,19.788590604026844,19.55704697986577,15.0,19.713087248322147,False,True,True
2022-11-01,15.0,305,1,11,-0.858763958275803,0.5123714121284235,15.0,15.0,15.0,14.0,15.0,True,False,True
2022-11-02,19.869127516778523,306,2,11,-0.8498170915275277,0.5270777086423724,19.859060402684563,19.798657718120804,19.56711409395973,15.0,19.723154362416103,False,True,True
2022-11-02,15.0,306,2,11,-0.8498170915275277,0.5270777086423724,15.0,15.0,15.0,14.0,15.0,True,False,True
2022-11-03,19.879194630872483,307,3,11,-0.8406184056344783,0.5416278206559811,19.869127516778523,19.808724832214764,19.57718120805369,15.0,19.73322147651007,False,True,True
2022-11-03,15.0,307,3,11,-0.8406184056344783,0.5416278206559811,15.0,15.0,15.0,14.0,15.0,True,False,True
2022-11-04,19.889261744966444,308,4,11,-0.8311706263658079,0.5560174366570446,19.879194630872483,19.818791946308725,19.58724832214765,15.0,19.743288590604028,False,True,True
2022-11-04,15.0,308,4,11,-0.8311706263658079,0.5560174366570446,15.0,15.0,15.0,15.0,15.0,True,False,True
2022-11-05,19.899328859060404,309,5,11,-0.8214765533024145,0.5702422926917867,19.889261744966444,19.828859060402685,19.59731543624161,15.0,19.753355704697988,False,True,True
2022-11-05,15.0,309,5,11,-0.8214765533024145,0.5702422926917867,15.0,15.0,15.0,15.0,15.0,True,False,True
2022-11-06,15.0,310,6,11,-0.8115390590073611,0.5842981736283683,15.0,15.0,15.0,15.0,15.0,True,False,True
2022-11-06,19.90939597315436,310,6,11,-0.8115390590073611,0.5842981736283683,19.899328859060404,19.838926174496645,19.607382550335572,15.0,19.763422818791945,False,True,True
2022-11-07,19.91946308724832,311,0,11,-0.801361088174677,0.5981809144059158,19.90939597315436,19.848993288590606,19.61744966442953,15.0,19.77348993288591,False,True,True
2022-11-07,15.0,311,0,11,-0.801361088174677,0.5981809144059158,15.0,15.0,15.0,15.0,15.0,True,False,True
2022-11-08,19.92953020134228,312,1,11,-0.7909456567567774,0.6118864012687242,19.91946308724832,19.859060402684563,19.62751677852349,15.0,19.783557046979865,False,True,True
2022-11-08,15.0,312,1,11,-0.7909456567567774,0.6118864012687242,15.0,15.0,15.0,15.0,15.0,True,False,True
2022-11-09,15.0,313,2,11,-0.780295851070776,0.6254105729852457,15.0,15.0,15.0,15.0,15.0,True,False,True
2022-11-09,19.93959731543624,313,2,11,-0.780295851070776,0.6254105729852457,19.92953020134228,19.869127516778523,19.63758389261745,15.0,19.793624161073822,False,True,True
2022-11-10,19.949664429530202,314,3,11,-0.7694148268839381,0.6387494220515268,19.93959731543624,19.879194630872483,19.64765100671141,15.0,19.803691275167786,False,True,True
2022-11-10,15.0,314,3,11,-0.7694148268839381,0.6387494220515268,15.0,15.0,15.0,15.0,15.0,True,False,True
2022-11-11,15.0,315,4,11,-0.7583058084785625,0.6518989958787125,15.0,15.0,15.0,15.0,15.0,True,False,True
2022-11-11,19.959731543624162,315,4,11,-0.7583058084785625,0.6518989958787125,19.949664429530202,19.889261744966444,19.65771812080537,15.0,19.813758389261746,False,True,True
2022-11-12,15.0,316,5,11,-0.7469720876965551,0.6648553979642866,15.0,15.0,15.0,15.0,15.0,True,False,True
2022-11-12,19.969798657718123,316,5,11,-0.7469720876965551,0.6648553979642866,19.959731543624162,19.899328859060404,19.667785234899327,15.0,19.823825503355707,False,True,True
2022-11-13,19.97986577181208,317,6,11,-0.7354170229639858,0.6776147890466887,19.969798657718123,19.90939597315436,19.677852348993287,15.0,19.83389261744966,False,True,True
2022-11-13,15.0,317,6,11,-0.7354170229639858,0.6776147890466887,15.0,15.0,15.0,15.0,15.0,True,False,True
2022-11-14,15.0,318,0,11,-0.7236440382959124,0.690173388242972,15.0,15.0,15.0,15.0,15.0,True,False,True
2022-11-14,19.98993288590604,318,0,11,-0.7236440382959124,0.690173388242972,19.97986577181208,19.91946308724832,19.687919463087248,15.0,19.843959731543627,False,True,True
2022-11-15,15.0,319,1,11,-0.711656622281775,0.7025274741691566,15.0,15.0,15.0,15.0,15.0,True,False,True
2022-11-15,20.0,319,1,11,-0.711656622281775,0.7025274741691566,19.98993288590604,19.92953020134228,19.697986577181208,15.0,19.854026845637584,False,True,True
2022-11-16,15.0,320,2,11,-0.6994583270516471,0.7146733860429608,15.0,15.0,15.0,15.0,15.0,True,False,True
2022-11-16,20.0,320,2,11,-0.6994583270516471,0.7146733860429608,20.0,19.93959731543624,19.70805369127517,15.0,19.863758389261747,False,True,True
2022-11-17,15.0,321,3,11,-0.6870527672236675,0.7266075247685652,15.0,15.0,15.0,15.0,15.0,True,False,True
2022-11-17,20.0,321,3,11,-0.6870527672236675,0.7266075247685652,20.0,19.949664429530202,19.71812080536913,15.0,19.87315436241611,False,True,True
2022-11-18,15.0,322,4,11,-0.6744436188329457,0.7383263540031063,15.0,15.0,15.0,15.0,15.0,True,False,True
2022-11-18,20.0,322,4,11,-0.6744436188329457,0.7383263540031063,20.0,19.959731543624162,19.72818791946309,15.0,19.882214765100674,False,True,True
2022-11-19,15.0,323,5,11,-0.661634618242279,0.749826401204568,15.0,15.0,15.0,15.0,15.0,True,False,True
2022-11-19,20.0,323,5,11,-0.661634618242279,0.749826401204568,20.0,19.969798657718123,19.738255033557046,15.0,19.890939597315437,False,True,True
2022-11-20,20.0,324,6,11,-0.6486295610349818,0.7611042586607742,20.0,19.97986577181208,19.748322147651006,15.0,19.899328859060404,False,True,True
2022-11-20,15.0,324,6,11,-0.6486295610349818,0.7611042586607742,15.0,15.0,15.0,15.0,15.0,True,False,True
2022-11-21,20.0,325,0,11,-0.6354323008901775,0.7721565844991641,20.0,19.98993288590604,19.758389261744966,15.0,19.907382550335573,False,True,True
2022-11-21,15.0,325,0,11,-0.6354323008901775,0.7721565844991641,15.0,15.0,15.0,15.0,15.0,True,False,True
2022-11-22,15.0,326,1,11,-0.622046748440868,0.7829801036770624,15.0,15.0,15.0,15.0,15.0,True,False,True
2022-11-22,20.0,326,1,11,-0.622046748440868,0.7829801036770624,20.0,20.0,19.768456375838927,15.5,19.91510067114094,False,True,True
2022-11-23,15.0,327,2,11,-0.6084768701151264,0.7935716089521472,15.0,15.0,15.0,15.0,15.0,True,False,True
2022-11-23,20.0,327,2,11,-0.6084768701151264,0.7935716089521472,20.0,20.0,19.778523489932887,16.0,19.92248322147651,False,True,True
2022-11-24,15.0,328,3,11,-0.594726686960764,0.8039279618328208,15.0,15.0,15.0,15.0,15.0,True,False,True
2022-11-24,20.0,328,3,11,-0.594726686960764,0.8039279618328208,20.0,20.0,19.788590604026844,16.0,19.929530201342285,False,True,True
2022-11-25,15.0,329,4,11,-0.5808002734538013,0.8140460935082175,15.0,15.0,15.0,15.0,15.0,True,False,True
2022-11-25,20.0,329,4,11,-0.5808002734538013,0.8140460935082175,20.0,20.0,19.798657718120804,16.0,19.936241610738257,False,True,True
2022-11-26,15.0,330,5,11,-0.5667017562911184,0.8239230057575536,15.0,15.0,15.0,15.0,15.0,True,False,True
2022-11-26,20.0,330,5,11,-0.5667017562911184,0.8239230057575536,20.0,20.0,19.808724832214764,16.0,19.942617449664432,False,True,True
2022-11-27,20.0,331,6,11,-0.5524353131676203,0.8335557718385695,20.0,20.0,19.818791946308725,16.0,19.948657718120806,False,True,True
2022-11-27,15.0,331,6,11,-0.5524353131676203,0.8335557718385695,15.0,15.0,15.0,15.0,15.0,True,False,True
2022-11-28,15.0,332,0,11,-0.5380051715382992,0.8429415373547832,15.0,15.0,15.0,15.0,15.0,True,False,True
2022-11-28,20.0,332,0,11,-0.5380051715382992,0.8429415373547832,20.0,20.0,19.828859060402685,16.0,19.954362416107383,False,True,True
2022-11-29,20.0,333,1,11,-0.5234156073655503,0.8520775211013093,20.0,20.0,19.838926174496645,16.0,19.959731543624162,False,True,True
2022-11-29,15.0,333,1,11,-0.5234156073655503,0.8520775211013093,15.0,15.0,15.0,15.0,15.0,True,False,True
2022-11-30,15.0,334,2,11,-0.5086709438521042,0.8609610158889945,15.0,15.0,15.0,15.0,15.0,True,False,True
2022-11-30,20.0,334,2,11,-0.5086709438521042,0.8609610158889945,20.0,20.0,19.848993288590606,16.0,19.96476510067114,False,True,True
2022-12-01,20.0,335,3,12,-0.49377555015997737,0.8695893893466109,20.0,20.0,19.859060402684563,16.0,19.96946308724832,False,True,True
2022-12-01,15.0,335,3,12,-0.49377555015997737,0.8695893893466109,15.0,15.0,15.0,15.0,15.0,True,False,True
2022-12-02,20.0,336,4,12,-0.4787338401157883,0.8779600847008883,20.0,20.0,19.869127516778523,16.0,19.97382550335571,False,True,True
2022-12-02,15.0,336,4,12,-0.4787338401157883,0.8779600847008883,15.0,15.0,15.0,15.0,15.0,True,False,True
2022-12-03,15.0,337,5,12,-0.4635502709028512,0.8860706215341378,15.0,15.0,15.0,15.0,15.0,True,False,True
2022-12-03,20.0,337,5,12,-0.4635502709028512,0.8860706215341378,20.0,20.0,19.879194630872483,16.0,19.977852348993288,False,True,True
2022-12-04,20.0,338,6,12,-0.4482293417404106,0.893918596519257,20.0,20.0,19.889261744966444,16.0,19.981543624161077,False,True,True
2022-12-04,15.0,338,6,12,-0.4482293417404106,0.893918596519257,15.0,15.0,15.0,15.0,15.0,True,False,True
2022-12-05,15.0,339,0,12,-0.4327755925504317,0.9015016841318838,15.0,15.0,15.0,15.0,15.0,True,False,True
2022-12-05,20.0,339,0,12,-0.4327755925504317,0.9015016841318838,20.0,20.0,19.899328859060404,16.0,19.98489932885906,False,True,True
2022-12-06,20.0,340,1,12,-0.41719360261231697,0.9088176373395028,20.0,20.0,19.90939597315436,16.0,19.98791946308725,False,True,True
2022-12-06,15.0,340,1,12,-0.41719360261231697,0.9088176373395028,15.0,15.0,15.0,15.0,15.0,True,False,True
2022-12-07,20.0,341,2,12,-0.4014879892059737,0.9158642882672868,20.0,20.0,19.91946308724832,16.0,19.990604026845638,False,True,True
2022-12-07,15.0,341,2,12,-0.4014879892059737,0.9158642882672868,15.0,15.0,15.0,15.0,15.0,True,False,True
2022-12-08,15.0,342,3,12,-0.38566340624360745,0.9226395488404875,15.0,15.0,15.0,15.0,15.0,True,False,True
2022-12-08,20.0,342,3,12,-0.38566340624360745,0.9226395488404875,20.0,20.0,19.92953020134228,16.0,19.99295302013423,False,True,True
2022-12-09,15.0,343,4,12,-0.3697245428906732,0.9291414114031743,15.0,15.0,15.0,15.0,15.0,True,False,True
2022-12-09,20.0,343,4,12,-0.3697245428906732,0.9291414114031743,20.0,20.0,19.93959731543624,16.0,19.99496644295302,False,True,True
2022-12-10,15.0,344,5,12,-0.3536761221763721,0.935367949313148,15.0,15.0,15.0,15.0,15.0,True,False,True
2022-12-10,20.0,344,5,12,-0.3536761221763721,0.935367949313148,20.0,20.0,19.949664429530202,16.0,19.996644295302016,False,True,True
2022-12-11,15.0,345,6,12,-0.33752289959411347,0.941317317512847,15.0,15.0,15.0,15.0,15.0,True,False,True
2022-12-11,20.0,345,6,12,-0.33752289959411347,0.941317317512847,20.0,20.0,19.959731543624162,16.0,19.99798657718121,False,True,True
2022-12-12,15.0,346,0,12,-0.32126966169236515,0.9469877530760751,15.0,15.0,15.0,15.0,15.0,True,False,True
2022-12-12,20.0,346,0,12,-0.32126966169236515,0.9469877530760751,20.0,20.0,19.969798657718123,16.0,19.998993288590604,False,True,True
2022-12-13,15.0,347,1,12,-0.3049212246562894,0.9523775757303973,15.0,15.0,15.0,15.0,15.0,True,False,True
2022-12-13,20.0,347,1,12,-0.3049212246562894,0.9523775757303973,20.0,20.0,19.97986577181208,16.0,19.999664429530203,False,True,True
2022-12-14,20.0,348,2,12,-0.2884824328806098,0.9574851883550389,20.0,20.0,19.98993288590604,16.0,20.0,False,True,True
2022-12-14,15.0,348,2,12,-0.2884824328806098,0.9574851883550389,15.0,15.0,15.0,15.0,15.0,True,False,True
2022-12-15,20.0,349,3,12,-0.27195815753410524,0.9623090774541487,20.0,20.0,20.0,16.0,20.0,False,True,True
2022-12-15,15.0,349,3,12,-0.27195815753410524,0.9623090774541487,15.0,15.0,15.0,15.0,15.0,True,False,True
2022-12-16,20.0,350,4,12,-0.2553532951161881,0.9668478136052773,20.0,20.0,20.0,16.0,20.0,False,True,True
2022-12-16,15.0,350,4,12,-0.2553532951161881,0.9668478136052773,15.0,15.0,15.0,15.0,15.0,True,False,True
2022-12-17,15.0,351,5,12,-0.23867276600594997,0.9711000518829505,15.0,15.0,15.0,15.0,15.0,True,False,True
2022-12-17,20.0,351,5,12,-0.23867276600594997,0.9711000518829505,20.0,20.0,20.0,16.0,20.0,False,True,True
2022-12-18,15.0,352,6,12,-0.22192151300416674,0.9750645322571945,15.0,15.0,15.0,15.0,15.0,True,False,True
2022-12-18,20.0,352,6,12,-0.22192151300416674,0.9750645322571945,20.0,20.0,20.0,16.0,20.0,False,True,True
2022-12-19,15.0,353,0,12,-0.20510449986861926,0.9787400799669153,15.0,15.0,15.0,15.0,15.0,True,False,True
2022-12-19,20.0,353,0,12,-0.20510449986861926,0.9787400799669153,20.0,20.0,20.0,16.0,20.0,False,True,True
2022-12-20,15.0,354,1,12,-0.1882267098432439,0.9821256058680006,15.0,15.0,15.0,15.0,15.0,True,False,True
2022-12-20,20.0,354,1,12,-0.1882267098432439,0.9821256058680006,20.0,20.0,20.0,16.0,20.0,False,True,True
2022-12-21,20.0,355,2,12,-0.1712931441814778,0.9852201067560606,20.0,20.0,20.0,16.0,20.0,False,True,True
2022-12-21,15.0,355,2,12,-0.1712931441814778,0.9852201067560606,15.0,15.0,15.0,15.0,15.0,True,False,True
2022-12-22,15.0,356,3,12,-0.154308820664281,0.9880226656636976,15.0,15.0,15.0,15.0,15.0,True,False,True
2022-12-22,20.0,356,3,12,-0.154308820664281,0.9880226656636976,20.0,20.0,20.0,16.0,20.0,False,True,True
2022-12-23,20.0,357,4,12,-0.13727877211326517,0.9905324521322227,20.0,20.0,20.0,16.0,20.0,False,True,True
2022-12-23,15.0,357,4,12,-0.13727877211326517,0.9905324521322227,15.0,15.0,15.0,15.0,15.0,True,False,True
2022-12-24,15.0,358,5,12,-0.12020804489935275,0.9927487224577402,15.0,15.0,15.0,15.0,15.0,True,False,True
2022-12-24,20.0,358,5,12,-0.12020804489935275,0.9927487224577402,20.0,20.0,20.0,16.0,20.0,False,True,True
2022-12-25,20.0,359,6,12,-0.10310169744743544,0.9946708199115211,20.0,20.0,20.0,16.0,20.0,False,True,True
2022-12-25,15.0,359,6,12,-0.10310169744743544,0.9946708199115211,15.0,15.0,15.0,15.0,15.0,True,False,True
2022-12-26,15.0,360,0,12,-0.0859647987374467,0.9962981749346077,15.0,15.0,15.0,15.0,15.0,True,False,True
2022-12-26,20.0,360,0,12,-0.0859647987374467,0.9962981749346077,20.0,20.0,20.0,16.0,20.0,False,True,True
2022-12-27,20.0,361,1,12,-0.06880242680232064,0.9976303053065857,20.0,20.0,20.0,16.0,20.0,False,True,True
2022-12-27,15.0,361,1,12,-0.06880242680232064,0.9976303053065857,15.0,15.0,15.0,15.0,15.0,True,False,True
2022-12-28,20.0,362,2,12,-0.05161966722325418,0.9986668162884759,20.0,20.0,20.0,16.0,20.0,False,True,True
2022-12-28,15.0,362,2,12,-0.05161966722325418,0.9986668162884759,15.0,15.0,15.0,15.0,15.0,True,False,True
2022-12-29,15.0,363,3,12,-0.034421611622745804,0.9994074007397048,15.0,15.0,15.0,15.0,15.0,True,False,True
2022-12-29,20.0,363,3,12,-0.034421611622745804,0.9994074007397048,20.0,20.0,20.0,16.0,20.0,False,True,True
2022-12-30,20.0,364,4,12,-0.01721335615583528,0.9998518392091162,20.0,20.0,20.0,16.0,20.0,False,True,True
2022-12-30,15.0,364,4,12,-0.01721335615583528,0.9998518392091162,15.0,15.0,15.0,15.0,15.0,True,False,True
2022-12-31,20.0,365,5,12,6.432490598706546e-16,1.0,20.0,20.0,20.0,16.0,20.0,False,True,True
2022-12-31,15.0,365,5,12,6.432490598706546e-16,1.0,15.0,15.0,15.0,15.0,15.0,True,False,True
2023-01-01,20.0,1,6,1,0.017213356155834685,0.9998518392091162,20.0,20.0,20.0,16.0,20.0,False,True,True
2023-01-01,15.0,1,6,1,0.017213356155834685,0.9998518392091162,15.0,15.0,15.0,15.0,15.0,True,False,True
2023-01-02,20.0,2,0,1,0.03442161162274574,0.9994074007397048,20.0,20.0,20.0,16.0,20.0,False,True,True
2023-01-02,15.0,2,0,1,0.03442161162274574,0.9994074007397048,15.0,15.0,15.0,15.0,15.0,True,False,True
2023-01-03,20.0,3,1,1,0.051619667223253764,0.998666816288476,20.0,20.0,20.0,16.0,20.0,False,True,True
2023-01-03,15.0,3,1,1,0.051619667223253764,0.998666816288476,15.0,15.0,15.0,15.0,15.0,True,False,True
2023-01-04,20.0,4,2,1,0.06880242680231986,0.9976303053065857,20.0,20.0,20.0,16.0,20.0,False,True,True
2023-01-04,15.0,4,2,1,0.06880242680231986,0.9976303053065857,15.0,15.0,15.0,15.0,15.0,True,False,True
2023-01-05,20.0,5,3,1,0.08596479873744647,0.9962981749346078,20.0,20.0,20.0,16.0,20.0,False,True,True
2023-01-05,15.0,5,3,1,0.08596479873744647,0.9962981749346078,15.0,15.0,15.0,15.0,15.0,True,False,True
2023-01-06,15.0,6,4,1,0.10310169744743485,0.9946708199115211,15.0,15.0,15.0,15.0,15.0,True,False,True
2023-01-06,20.0,6,4,1,0.10310169744743485,0.9946708199115211,20.0,20.0,20.0,16.0,20.0,False,True,True
2023-01-07,20.0,7,5,1,0.1202080448993527,0.9927487224577402,20.0,20.0,20.0,16.0,20.0,False,True,True
2023-01-07,15.0,7,5,1,0.1202080448993527,0.9927487224577402,15.0,15.0,15.0,15.0,15.0,True,False,True
2023-01-08,20.0,8,6,1,0.13727877211326478,0.9905324521322229,20.0,20.0,20.0,16.0,20.0,False,True,True
2023-01-08,15.0,8,6,1,0.13727877211326478,0.9905324521322229,15.0,15.0,15.0,15.0,15.0,True,False,True
2023-01-09,20.0,9,0,1,0.15430882066428117,0.9880226656636976,20.0,20.0,20.0,16.0,20.0,False,True,True
2023-01-09,15.0,9,0,1,0.15430882066428117,0.9880226656636976,15.0,15.0,15.0,15.0,15.0,True,False,True
2023-01-10,20.0,10,1,1,0.1712931441814776,0.9852201067560606,20.0,20.0,20.0,16.0,20.0,False,True,True
2023-01-10,15.0,10,1,1,0.1712931441814776,0.9852201067560606,15.0,15.0,15.0,15.0,15.0,True,False,True
2023-01-11,15.0,11,2,1,0.1882267098432442,0.9821256058680006,15.0,15.0,15.0,15.0,15.0,True,False,True
2023-01-11,20.0,11,2,1,0.1882267098432442,0.9821256058680006,20.0,20.0,20.0,16.0,20.0,False,True,True
2023-01-12,15.0,12,3,1,0.2051044998686192,0.9787400799669153,15.0,15.0,15.0,15.0,15.0,True,False,True
2023-01-12,20.0,12,3,1,0.2051044998686192,0.9787400799669153,20.0,20.0,20.0,16.0,20.0,False,True,True
2023-01-13,15.0,13,4,1,0.2219215130041655,0.9750645322571948,15.0,15.0,15.0,15.0,15.0,True,False,True
2023-01-13,20.0,13,4,1,0.2219215130041655,0.9750645322571948,20.0,20.0,20.0,16.0,20.0,False,True,True
2023-01-14,20.0,14,5,1,0.2386727660059501,0.9711000518829505,20.0,20.0,20.0,16.0,20.0,False,True,True
2023-01-14,15.0,14,5,1,0.2386727660059501,0.9711000518829505,15.0,15.0,15.0,15.0,15.0,True,False,True
2023-01-15,20.0,15,6,1,0.255353295116187,0.9668478136052775,20.0,20.0,20.0,16.5,20.0,False,True,True
2023-01-15,15.0,15,6,1,0.255353295116187,0.9668478136052775,15.0,15.0,15.0,15.0,15.0,True,False,True
2023-01-16,20.0,16,0,1,0.2719581575341055,0.9623090774541486,20.0,20.0,20.0,17.0,20.0,False,True,True
2023-01-16,15.0,16,0,1,0.2719581575341055,0.9623090774541486,15.0,15.0,15.0,15.0,15.0,True,False,True
2023-01-17,20.0,17,1,1,0.288482432880609,0.9574851883550393,20.0,20.0,20.0,17.0,20.0,False,True,True
2023-01-17,15.0,17,1,1,0.288482432880609,0.9574851883550393,15.0,15.0,15.0,15.0,15.0,True,False,True
2023-01-18,20.0,18,2,1,0.30492122465628907,0.9523775757303974,20.0,20.0,20.0,17.0,20.0,False,True,True
2023-01-18,15.0,18,2,1,0.30492122465628907,0.9523775757303974,15.0,15.0,15.0,15.0,15.0,True,False,True
2023-01-19,20.0,19,3,1,0.3212696616923644,0.9469877530760753,20.0,20.0,20.0,17.0,20.0,False,True,True
2023-01-19,15.0,19,3,1,0.3212696616923644,0.9469877530760753,15.0,15.0,15.0,15.0,15.0,True,False,True
2023-01-20,20.0,20,4,1,0.3375228995941133,0.9413173175128471,20.0,20.0,20.0,17.0,20.0,False,True,True
2023-01-20,15.0,20,4,1,0.3375228995941133,0.9413173175128471,15.0,15.0,15.0,15.0,15.0,True,False,True
2023-01-21,20.0,21,5,1,0.3536761221763716,0.9353679493131483,20.0,20.0,20.0,17.0,20.0,False,True,True
2023-01-21,15.0,21,5,1,0.3536761221763716,0.9353679493131483,15.0,15.0,15.0,15.0,15.0,True,False,True
2023-01-22,20.0,22,6,1,0.3697245428906731,0.9291414114031743,20.0,20.0,20.0,17.01006711409396,20.0,False,True,True
2023-01-22,15.0,22,6,1,0.3697245428906731,0.9291414114031743,15.0,15.0,15.0,15.0,15.0,True,False,True
2023-01-23,20.0,23,0,1,0.38566340624360707,0.9226395488404876,20.0,20.0,20.0,17.02013422818792,20.0,False,True,True
2023-01-23,15.0,23,0,1,0.38566340624360707,0.9226395488404876,15.0,15.0,15.0,15.0,15.0,True,False,True
2023-01-24,20.0,24,1,1,0.401487989205973,0.9158642882672872,20.0,20.0,20.0,17.030201342281877,20.0,False,True,True
2023-01-24,15.0,24,1,1,0.401487989205973,0.9158642882672872,15.0,15.0,15.0,15.0,15.0,True,False,True
2023-01-25,20.0,25,2,1,0.4171936026123168,0.9088176373395029,20.0,20.0,20.0,17.040268456375838,20.0,False,True,True
2023-01-25,15.0,25,2,1,0.4171936026123168,0.9088176373395029,15.0,15.0,15.0,15.0,15.0,True,False,True
2023-01-26,20.0,26,3,1,0.4327755925504312,0.901501684131884,20.0,20.0,20.0,17.050335570469798,20.0,False,True,True
2023-01-26,15.0,26,3,1,0.4327755925504312,0.901501684131884,15.0,15.0,15.0,15.0,15.0,True,False,True
2023-01-27,20.0,27,4,1,0.4482293417404106,0.893918596519257,20.0,20.0,20.0,17.06040268456376,20.0,False,True,True
2023-01-27,15.0,27,4,1,0.4482293417404106,0.893918596519257,15.0,15.0,15.0,15.0,15.0,True,False,True
2023-01-28,15.0,28,5,1,0.4635502709028509,0.886070621534138,15.0,15.0,15.0,15.0,15.0,True,False,True
2023-01-28,20.0,28,5,1,0.4635502709028509,0.886070621534138,20.0,20.0,20.0,17.07046979865772,20.0,False,True,True
2023-01-29,20.0,29,6,1,0.47873384011578846,0.8779600847008882,20.0,20.0,20.0,17.08053691275168,20.0,False,True,True
2023-01-29,15.0,29,6,1,0.47873384011578846,0.8779600847008882,15.0,15.0,15.0,15.0,15.0,True,False,True
2023-01-30,20.0,30,0,1,0.49377555015997715,0.869589389346611,20.0,20.0,20.0,17.090604026845636,20.0,False,True,True
2023-01-30,15.0,30,0,1,0.49377555015997715,0.869589389346611,15.0,15.0,15.0,15.0,15.0,True,False,True
2023-01-31,20.0,31,1,1,0.5086709438521044,0.8609610158889943,20.0,20.0,20.0,17.100671140939596,20.0,False,True,True
2023-01-31,15.0,31,1,1,0.5086709438521044,0.8609610158889943,15.0,15.0,15.0,15.0,15.0,True,False,True
2023-02-01,20.0,32,2,2,0.5234156073655503,0.8520775211013093,20.0,20.0,20.0,17.110738255033556,20.0,False,True,True
2023-02-01,15.0,32,2,2,0.5234156073655503,0.8520775211013093,15.0,15.0,15.0,15.0,15.0,True,False,True
2023-02-02,15.0,33,3,2,0.5380051715382996,0.8429415373547828,15.0,15.0,15.0,15.0,15.0,True,False,True
2023-02-02,20.0,33,3,2,0.5380051715382996,0.8429415373547828,20.0,20.0,20.0,17.120805369127517,20.0,False,True,True
2023-02-03,20.0,34,4,2,0.5524353131676196,0.8335557718385699,20.0,20.0,20.0,17.130872483221477,20.0,False,True,True
2023-02-03,15.0,34,4,2,0.5524353131676196,0.8335557718385699,15.0,15.0,15.0,15.0,15.0,True,False,True
2023-02-04,15.0,35,5,2,0.5667017562911176,0.8239230057575542,15.0,15.0,15.0,15.0,15.0,True,False,True
2023-02-04,20.0,35,5,2,0.5667017562911176,0.8239230057575542,20.0,20.0,20.0,17.140939597315437,20.0,False,True,True
2023-02-05,15.0,36,6,2,0.5808002734538009,0.8140460935082178,15.0,15.0,15.0,15.0,15.0,True,False,True
2023-02-05,20.0,36,6,2,0.5808002734538009,0.8140460935082178,20.0,20.0,20.0,17.151006711409394,20.0,False,True,True
2023-02-06,20.0,37,0,2,0.5947266869607634,0.8039279618328213,20.0,20.0,20.0,17.161073825503355,20.0,False,True,True
2023-02-06,15.0,37,0,2,0.5947266869607634,0.8039279618328213,15.0,15.0,15.0,15.0,15.0,True,False,True
2023-02-07,20.0,38,1,2,0.6084768701151261,0.7935716089521474,20.0,20.0,20.0,17.171140939597315,20.0,False,True,True
2023-02-07,15.0,38,1,2,0.6084768701151261,0.7935716089521474,15.0,15.0,15.0,15.0,15.0,True,False,True
2023-02-08,15.0,39,2,2,0.6220467484408675,0.7829801036770629,15.0,15.0,15.0,15.0,15.0,True,False,True
2023-02-08,20.0,39,2,2,0.6220467484408675,0.7829801036770629,20.0,20.0,20.0,17.181208053691275,20.0,False,True,True
2023-02-09,15.0,40,3,2,0.6354323008901774,0.7721565844991642,15.0,15.0,15.0,15.0,15.0,True,False,True
2023-02-09,20.0,40,3,2,0.6354323008901774,0.7721565844991642,20.0,20.0,20.0,17.191275167785236,20.0,False,True,True
2023-02-10,20.0,41,4,2,0.6486295610349814,0.7611042586607747,20.0,20.0,20.0,17.201342281879196,20.0,False,True,True
2023-02-10,15.0,41,4,2,0.6486295610349814,0.7611042586607747,15.0,15.0,15.0,15.0,15.0,True,False,True
2023-02-11,20.0,42,5,2,0.6616346182422783,0.7498264012045686,20.0,20.0,20.0,17.211409395973153,20.0,False,True,True
2023-02-11,15.0,42,5,2,0.6616346182422783,0.7498264012045686,15.0,15.0,15.0,15.0,15.0,True,False,True
2023-02-12,15.0,43,6,2,0.6744436188329455,0.7383263540031065,15.0,15.0,15.0,15.0,15.0,True,False,True
2023-02-12,20.0,43,6,2,0.6744436188329455,0.7383263540031065,20.0,20.0,20.0,17.221476510067113,20.0,False,True,True
2023-02-13,20.0,44,0,2,0.6870527672236669,0.7266075247685656,20.0,20.0,20.0,17.231543624161073,20.0,False,True,True
2023-02-13,15.0,44,0,2,0.6870527672236669,0.7266075247685656,15.0,15.0,15.0,15.0,15.0,True,False,True
2023-02-14,20.0,45,1,2,0.699458327051647,0.7146733860429609,20.0,20.0,20.0,17.241610738255034,20.0,False,True,True
2023-02-14,15.0,45,1,2,0.699458327051647,0.7146733860429609,15.0,15.0,15.0,15.0,15.0,True,False,True
2023-02-15,20.0,46,2,2,0.7116566222817746,0.7025274741691571,20.0,20.0,20.0,17.251677852348994,20.0,False,True,True
2023-02-15,15.0,46,2,2,0.7116566222817746,0.7025274741691571,15.0,15.0,15.0,15.0,15.0,True,False,True
2023-02-16,20.0,47,3,2,0.7236440382959124,0.6901733882429719,20.0,20.0,20.0,17.261744966442954,20.0,False,True,True
2023-02-16,15.0,47,3,2,0.7236440382959124,0.6901733882429719,15.0,15.0,15.0,15.0,15.0,True,False,True
2023-02-17,20.0,48,4,2,0.7354170229639855,0.6776147890466889,20.0,20.0,20.0,17.27181208053691,20.0,False,True,True
2023-02-17,15.0,48,4,2,0.7354170229639855,0.6776147890466889,15.0,15.0,15.0,15.0,15.0,True,False,True
2023-02-18,15.0,49,5,2,0.7469720876965552,0.6648553979642865,15.0,15.0,15.0,15.0,15.0,True,False,True
2023-02-18,20.0,49,5,2,0.7469720876965552,0.6648553979642865,20.0,20.0,20.0,17.28187919463087,20.0,False,True,True
2023-02-19,20.0,50,6,2,0.7583058084785624,0.6518989958787126,20.0,20.0,20.0,17.29194630872483,20.0,False,True,True
2023-02-19,15.0,50,6,2,0.7583058084785624,0.6518989958787126,15.0,15.0,15.0,15.0,15.0,True,False,True
2023-02-20,15.0,51,0,2,0.7694148268839378,0.6387494220515272,15.0,15.0,15.0,15.0,15.0,True,False,True
2023-02-20,20.0,51,0,2,0.7694148268839378,0.6387494220515272,20.0,20.0,20.0,17.302013422818792,20.0,False,True,True
2023-02-21,15.0,52,1,2,0.7802958510707755,0.6254105729852463,15.0,15.0,15.0,15.0,15.0,True,False,True
2023-02-21,20.0,52,1,2,0.7802958510707755,0.6254105729852463,20.0,20.0,20.0,17.312080536912752,20.0,False,True,True
2023-02-22,15.0,53,2,2,0.7909456567567772,0.6118864012687243,15.0,15.0,15.0,15.0,15.0,True,False,True
2023-02-22,20.0,53,2,2,0.7909456567567772,0.6118864012687243,20.0,20.0,20.0,17.322147651006713,20.0,False,True,True
2023-02-23,15.0,54,3,2,0.8013610881746766,0.5981809144059165,15.0,15.0,15.0,15.0,15.0,True,False,True
2023-02-23,20.0,54,3,2,0.8013610881746766,0.5981809144059165,20.0,20.0,20.0,17.33221476510067,20.0,False,True,True
2023-02-24,15.0,55,4,2,0.8115390590073611,0.5842981736283684,15.0,15.0,15.0,15.0,15.0,True,False,True
2023-02-24,20.0,55,4,2,0.8115390590073611,0.5842981736283684,20.0,20.0,20.0,17.34228187919463,20.0,False,True,True
2023-02-25,20.0,56,5,2,0.8214765533024142,0.5702422926917871,20.0,20.0,20.0,17.35234899328859,20.0,False,True,True
2023-02-25,15.0,56,5,2,0.8214765533024142,0.5702422926917871,15.0,15.0,15.0,15.0,15.0,True,False,True
2023-02-26,15.0,57,6,2,0.8311706263658079,0.5560174366570446,15.0,15.0,15.0,15.0,15.0,True,False,True
2023-02-26,20.0,57,6,2,0.8311706263658079,0.5560174366570446,20.0,20.0,20.0,17.36241610738255,20.0,False,True,True
2023-02-27,15.0,58,0,2,0.8406184056344782,0.5416278206559814,15.0,15.0,15.0,15.0,15.0,True,False,True
2023-02-27,20.0,58,0,2,0.8406184056344782,0.5416278206559814,20.0,20.0,20.0,17.37248322147651,20.0,False,True,True
2023-02-28,15.0,59,1,2,0.8498170915275278,0.5270777086423722,15.0,15.0,15.0,15.0,15.0,True,False,True
2023-02-28,20.0,59,1,2,0.8498170915275278,0.5270777086423722,20.0,20.0,20.0,17.38255033557047,20.0,False,True,True
2023-03-01,15.0,60,2,3,0.8587639582758029,0.5123714121284237,15.0,15.0,15.0,15.0,15.0,True,False,True
2023-03-01,20.0,60,2,3,0.8587639582758029,0.5123714121284237,20.0,20.0,20.0,17.392617449664428,20.0,False,True,True
2023-03-02,15.0,61,3,3,0.8674563547295969,0.49751328890718066,15.0,15.0,15.0,15.0,15.0,True,False,True
2023-03-02,20.0,61,3,3,0.8674563547295969,0.49751328890718066,20.0,20.0,20.0,17.40268456375839,20.0,False,True,True
2023-03-03,15.0,62,4,3,0.8758917051442429,0.48250774176121847,15.0,15.0,15.0,15.0,15.0,True,False,True
2023-03-03,20.0,62,4,3,0.8758917051442429,0.48250774176121847,20.0,20.0,20.0,17.41275167785235,20.0,False,True,True
2023-03-04,15.0,63,5,3,0.8840675099433636,0.4673592171580022,15.0,15.0,15.0,15.0,15.0,True,False,True
2023-03-04,20.0,63,5,3,0.8840675099433636,0.4673592171580022,20.0,20.0,20.0,17.42281879194631,20.0,False,True,True
2023-03-05,20.0,64,6,3,0.8919813464595485,0.45207220393230435,20.0,20.0,20.0,17.43288590604027,20.0,False,True,True
2023-03-05,15.0,64,6,3,0.8919813464595485,0.45207220393230435,15.0,15.0,15.0,15.0,15.0,True,False,True
2023-03-06,15.0,65,0,3,0.8996308696522433,0.43665123195606403,15.0,15.0,15.0,15.0,15.0,True,False,True
2023-03-06,20.0,65,0,3,0.8996308696522433,0.43665123195606403,20.0,20.0,20.0,17.44295302013423,20.0,False,True,True
2023-03-07,15.0,66,1,3,0.9070138128026359,0.4211008707960896,15.0,15.0,15.0,15.0,15.0,True,False,True
2023-03-07,20.0,66,1,3,0.9070138128026359,0.4211008707960896,20.0,20.0,20.0,17.453020134228186,20.0,False,True,True
2023-03-08,20.0,67,2,3,0.9141279881853337,0.40542572835999735,20.0,20.0,20.0,17.463087248322147,20.0,False,True,True
2023-03-08,15.0,67,2,3,0.9141279881853337,0.40542572835999735,15.0,15.0,15.0,15.0,15.0,True,False,True
2023-03-09,15.0,68,3,3,0.9209712877166346,0.38963044953078796,15.0,15.0,15.0,15.0,15.0,True,False,True
2023-03-09,20.0,68,3,3,0.9209712877166346,0.38963044953078796,20.0,20.0,20.0,17.473154362416107,20.0,False,True,True
2023-03-10,15.0,69,4,3,0.9275416835791966,0.37371971479046906,15.0,15.0,15.0,15.0,15.0,True,False,True
2023-03-10,20.0,69,4,3,0.9275416835791966,0.37371971479046906,20.0,20.0,20.0,17.483221476510067,20.0,False,True,True
2023-03-11,20.0,70,5,3,0.9338372288229252,0.35769823883312546,20.0,20.0,20.0,17.493288590604028,20.0,False,True,True
2023-03-11,15.0,70,5,3,0.9338372288229252,0.35769823883312546,15.0,15.0,15.0,15.0,15.0,True,False,True
2023-03-12,20.0,71,6,3,0.9398560579418954,0.3415707691678556,20.0,20.0,20.0,17.503355704697988,20.0,False,True,True
2023-03-12,15.0,71,6,3,0.9398560579418954,0.3415707691678556,15.0,15.0,15.0,15.0,15.0,True,False,True
2023-03-13,15.0,72,0,3,0.9455963874271426,0.3253420847119801,15.0,15.0,15.0,15.0,15.0,True,False,True
2023-03-13,20.0,72,0,3,0.9455963874271426,0.3253420847119801,20.0,20.0,20.0,17.513422818791945,20.0,False,True,True
2023-03-14,15.0,73,1,3,0.9510565162951535,0.30901699437494745,15.0,15.0,15.0,15.0,15.0,True,False,True
2023-03-14,20.0,73,1,3,0.9510565162951535,0.30901699437494745,20.0,20.0,20.0,17.523489932885905,20.0,False,True,True
2023-03-15,20.0,74,2,3,0.9562348265919056,0.29260033563334836,20.0,20.0,20.0,17.533557046979865,20.0,False,True,True
2023-03-15,15.0,74,2,3,0.9562348265919056,0.29260033563334836,15.0,15.0,15.0,15.0,15.0,True,False,True
2023-03-16,15.0,75,3,3,0.9611297838723007,0.27609697309746883,15.0,15.0,15.0,15.0,15.0,True,False,True
2023-03-16,20.0,75,3,3,0.9611297838723007,0.27609697309746883,20.0,20.0,20.0,17.543624161073826,20.0,False,True,True
2023-03-17,15.0,76,4,3,0.9657399376548549,0.2595117970697999,15.0,15.0,15.0,15.0,15.0,True,False,True
2023-03-17,20.0,76,4,3,0.9657399376548549,0.2595117970697999,20.0,20.0,20.0,17.553691275167786,20.0,False,True,True
2023-03-18,15.0,77,5,3,0.9700639218515071,0.2428497220959356,15.0,15.0,15.0,15.0,15.0,True,False,True
2023-03-18,20.0,77,5,3,0.9700639218515071,0.2428497220959356,20.0,20.0,20.0,17.563758389261746,20.0,False,True,True
2023-03-19,20.0,78,6,3,0.9741004551724205,0.22611568550828828,20.0,20.0,20.0,17.573825503355703,20.0,False,True,True
2023-03-19,15.0,78,6,3,0.9741004551724205,0.22611568550828828,15.0,15.0,15.0,15.0,15.0,True,False,True
2023-03-20,20.0,79,0,3,0.9778483415056568,0.20931464596304847,20.0,20.0,20.0,17.583892617449663,20.0,False,True,True
2023-03-20,15.0,79,0,3,0.9778483415056568,0.20931464596304847,15.0,15.0,15.0,15.0,15.0,True,False,True
2023-03-21,15.0,80,1,3,0.9813064702716093,0.19245158197082998,15.0,15.0,15.0,15.0,15.0,True,False,True
2023-03-21,20.0,80,1,3,0.9813064702716093,0.19245158197082998,20.0,20.0,20.0,17.593959731543624,20.0,False,True,True
2023-03-22,15.0,81,2,3,0.9844738167520922,0.1755314904214282,15.0,15.0,15.0,15.0,15.0,True,False,True
2023-03-22,20.0,81,2,3,0.9844738167520922,0.1755314904214282,20.0,20.0,20.0,17.604026845637584,20.0,False,True,True
2023-03-23,20.0,82,3,3,0.9873494423939864,0.15855938510313475,20.0,20.0,20.0,17.614093959731544,20.0,False,True,True
2023-03-23,15.0,82,3,3,0.9873494423939864,0.15855938510313475,15.0,15.0,15.0,15.0,15.0,True,False,True
2023-03-24,20.0,83,4,3,0.989932495087353,0.141540295217043,20.0,20.0,20.0,17.624161073825505,20.0,False,True,True
2023-03-24,15.0,83,4,3,0.989932495087353,0.141540295217043,15.0,15.0,15.0,15.0,15.0,True,False,True
2023-03-25,15.0,84,5,3,0.9922222094179323,0.12447926388678915,15.0,15.0,15.0,15.0,15.0,True,False,True
2023-03-25,20.0,84,5,3,0.9922222094179323,0.12447926388678915,20.0,20.0,20.0,17.63422818791946,20.0,False,True,True
2023-03-26,20.0,85,6,3,0.994217906893952,0.10738134666416309,20.0,20.0,20.0,17.644295302013422,20.0,False,True,True
2023-03-26,15.0,85,6,3,0.994217906893952,0.10738134666416309,15.0,15.0,15.0,15.0,15.0,True,False,True
2023-03-27,20.0,86,0,3,0.995918996147179,0.09025161003104117,20.0,20.0,20.0,17.654362416107382,20.0,False,True,True
2023-03-27,15.0,86,0,3,0.995918996147179,0.09025161003104117,15.0,15.0,15.0,15.0,15.0,True,False,True
2023-03-28,20.0,87,1,3,0.9973249731081555,0.07309512989807777,20.0,20.0,20.0,17.664429530201343,20.0,False,True,True
2023-03-28,15.0,87,1,3,0.9973249731081555,0.07309512989807777,15.0,15.0,15.0,15.0,15.0,True,False,True
2023-03-29,15.0,88,2,3,0.9984354211555643,0.055916990100603484,15.0,15.0,15.0,15.0,15.0,True,False,True
2023-03-29,20.0,88,2,3,0.9984354211555643,0.055916990100603484,20.0,20.0,20.0,17.674496644295303,20.0,False,True,True
2023-03-30,15.0,89,3,3,0.9992500112396835,0.03872228089217446,15.0,15.0,15.0,15.0,15.0,True,False,True
2023-03-30,20.0,89,3,3,0.9992500112396835,0.03872228089217446,20.0,20.0,20.0,17.684563758389263,20.0,False,True,True
2023-03-31,15.0,90,4,3,0.9997685019798909,0.021516097436222254,15.0,15.0,15.0,15.0,15.0,True,False,True
2023-03-31,20.0,90,4,3,0.9997685019798909,0.021516097436222254,20.0,20.0,20.0,17.69463087248322,20.0,False,True,True
2023-04-01,15.0,91,5,4,0.9999907397361901,0.004303538296244289,15.0,15.0,15.0,15.0,15.0,True,False,True
2023-04-01,20.75,91,5,4,0.9999907397361901,0.004303538296244289,20.0,20.0,20.0,17.70469798657718,20.025,False,True,True
2023-04-02,15.0,92,6,4,0.9999166586547379,-0.01291029607500882,15.0,15.0,15.0,15.0,15.0,True,False,True
2023-04-02,21.5,92,6,4,0.9999166586547379,-0.01291029607500882,20.75,20.0,20.0,17.71476510067114,20.075,False,True,True
2023-04-03,15.0,93,0,4,0.9995462806873573,-0.030120304846908114,15.0,15.0,15.0,15.0,15.0,True,False,True
2023-04-03,21.0,93,0,4,0.9995462806873573,-0.030120304846908114,21.5,20.0,20.0,17.7248322147651,20.108333333333334,False,True,True
2023-04-04,15.0,94,1,4,0.9988797155850336,-0.04732138832243185,15.0,15.0,15.0,15.0,15.0,True,False,True
2023-04-04,21.0,94,1,4,0.9988797155850336,-0.04732138832243185,21.0,20.0,20.0,17.73489932885906,20.141666666666666,False,True,True
2023-04-05,15.0,95,2,4,0.9979171608653922,-0.06450844944931623,15.0,15.0,15.0,15.0,15.0,True,False,True
2023-04-05,21.0,95,2,4,0.9979171608653922,-0.06450844944931623,21.0,20.0,20.0,17.74496644295302,20.175,False,True,True
2023-04-06,15.0,96,3,4,0.9966589017541702,-0.08167639533042241,15.0,15.0,15.0,15.0,15.0,True,False,True
2023-04-06,21.0,96,3,4,0.9966589017541702,-0.08167639533042241,21.0,20.0,20.0,17.75503355704698,20.208333333333332,False,True,True
2023-04-07,15.0,97,4,4,0.9951053111006976,-0.09882013873287143,15.0,15.0,15.0,15.0,15.0,True,False,True
2023-04-07,21.0,97,4,4,0.9951053111006976,-0.09882013873287143,21.0,20.0,20.0,17.76510067114094,20.241666666666667,False,True,True
2023-04-08,21.0,98,5,4,0.9932568492674143,-0.11593459959550041,21.0,20.75,20.0,17.7751677852349,20.275,False,True,True
2023-04-08,15.0,98,5,4,0.9932568492674143,-0.11593459959550041,15.0,15.0,15.0,15.0,15.0,True,False,True
2023-04-09,21.0,99,6,4,0.9911140639934547,-0.1330147065341959,21.0,21.5,20.0,17.78523489932886,20.308333333333334,False,True,True
2023-04-09,15.0,99,6,4,0.9911140639934547,-0.1330147065341959,15.0,15.0,15.0,15.0,15.0,True,False,True
2023-04-10,15.0,100,0,4,0.9886775902323405,-0.1500553983446526,15.0,15.0,15.0,15.0,15.0,True,False,True
2023-04-10,21.0,100,0,4,0.9886775902323405,-0.1500553983446526,21.0,21.0,20.0,17.79530201342282,20.341666666666665,False,True,True
2023-04-11,15.0,101,1,4,0.9859481499638304,-0.16705162550211924,15.0,15.0,15.0,15.0,15.0,True,False,True
2023-04-11,21.0,101,1,4,0.9859481499638304,-0.16705162550211924,21.0,21.0,20.0,17.80536912751678,20.375,False,True,True
2023-04-12,21.0,102,2,4,0.9829265519799822,-0.18399835165768005,21.0,21.0,20.0,17.815436241610737,20.408333333333335,False,True,True
2023-04-12,15.0,102,2,4,0.9829265519799822,-0.18399835165768005,15.0,15.0,15.0,15.0,15.0,True,False,True
2023-04-13,21.0,103,3,4,0.9796136916454901,-0.20089055513063506,21.0,21.0,20.0,17.825503355704697,20.441666666666666,False,True,True
2023-04-13,15.0,103,3,4,0.9796136916454901,-0.20089055513063506,15.0,15.0,15.0,15.0,15.0,True,False,True
2023-04-14,15.0,104,4,4,0.9760105506323683,-0.21772323039653177,15.0,15.0,15.0,15.0,15.0,True,False,True
2023-04-14,21.0,104,4,4,0.9760105506323683,-0.21772323039653177,21.0,21.0,20.0,17.835570469798657,20.475,False,True,True
2023-04-15,15.0,105,5,4,0.9721181966290613,-0.23449138957040985,15.0,15.0,15.0,15.0,15.0,True,False,True
2023-04-15,21.0,105,5,4,0.9721181966290613,-0.23449138957040985,21.0,21.0,20.0,17.845637583892618,20.508333333333333,False,True,True
2023-04-16,15.0,106,6,4,0.9679377830240642,-0.25119006388481935,15.0,15.0,15.0,15.0,15.0,True,False,True
2023-04-16,21.0,106,6,4,0.9679377830240642,-0.25119006388481935,21.0,21.0,20.0,17.855704697986578,20.541666666666668,False,True,True
2023-04-17,21.0,107,0,4,0.9634705485641488,-0.2678143051621742,21.0,21.0,20.0,17.86577181208054,20.575,False,True,True
2023-04-17,15.0,107,0,4,0.9634705485641488,-0.2678143051621742,15.0,15.0,15.0,15.0,15.0,True,False,True
2023-04-18,15.0,108,1,4,0.9587178169872964,-0.2843591872810034,15.0,15.0,15.0,15.0,15.0,True,False,True
2023-04-18,21.0,108,1,4,0.9587178169872964,-0.2843591872810034,21.0,21.0,20.0,17.875838926174495,20.608333333333334,False,True,True
2023-04-19,15.0,109,2,4,0.9536809966304457,-0.30081980763566735,15.0,15.0,15.0,15.0,15.0,True,False,True
2023-04-19,21.0,109,2,4,0.9536809966304457,-0.30081980763566735,21.0,21.0,20.0,17.885906040268456,20.641666666666666,False,True,True
2023-04-20,21.0,110,3,4,0.9483615800121715,-0.3171912885891061,21.0,21.0,20.0,17.895973154362416,20.675,False,True,True
2023-04-20,15.0,110,3,4,0.9483615800121715,-0.3171912885891061,15.0,15.0,15.0,15.0,15.0,True,False,True
2023-04-21,15.0,111,4,4,0.9427611433904207,-0.3334687789181868,15.0,15.0,15.0,15.0,15.0,True,False,True
2023-04-21,21.0,111,4,4,0.9427611433904207,-0.3334687789181868,21.0,21.0,20.0,17.906040268456376,20.708333333333332,False,True,True
2023-04-22,15.0,112,5,4,0.9368813462954315,-0.3496474552512284,15.0,15.0,15.0,15.0,15.0,True,False,True
2023-04-22,21.0,112,5,4,0.9368813462954315,-0.3496474552512284,21.0,21.0,20.0,17.916107382550337,20.741666666666667,False,True,True
2023-04-23,15.0,113,6,4,0.9307239310379795,-0.36572252349726897,15.0,15.0,15.0,15.0,15.0,True,False,True
2023-04-23,21.0,113,6,4,0.9307239310379795,-0.36572252349726897,21.0,21.0,20.0,17.926174496644297,20.775,False,True,True
2023-04-24,15.0,114,0,4,0.9242907221930933,-0.3816892202666588,15.0,15.0,15.0,15.0,15.0,True,False,True
2023-04-24,21.0,114,0,4,0.9242907221930933,-0.3816892202666588,21.0,21.0,20.0,17.936241610738254,20.808333333333334,False,True,True
2023-04-25,21.0,115,1,4,0.9175836260593937,-0.39754281428255595,21.0,21.0,20.0,17.946308724832214,20.841666666666665,False,True,True
2023-04-25,15.0,115,1,4,0.9175836260593937,-0.39754281428255595,15.0,15.0,15.0,15.0,15.0,True,False,True
2023-04-26,21.0,116,2,4,0.9106046300942162,-0.4132786077829042,21.0,21.0,20.0,17.956375838926174,20.875,False,True,True
2023-04-26,15.0,116,2,4,0.9106046300942162,-0.4132786077829042,15.0,15.0,15.0,15.0,15.0,True,False,True
2023-04-27,21.0,117,3,4,0.9033558023246845,-0.4288919379124835,21.0,21.0,20.0,17.966442953020135,20.908333333333335,False,True,True
2023-04-27,15.0,117,3,4,0.9033558023246845,-0.4288919379124835,15.0,15.0,15.0,15.0,15.0,True,False,True
2023-04-28,15.0,118,4,4,0.895839290734909,-0.4443781781046132,15.0,15.0,15.0,15.0,15.0,True,False,True
2023-04-28,21.0,118,4,4,0.895839290734909,-0.4443781781046132,21.0,21.0,20.0,17.976510067114095,20.941666666666666,False,True,True
2023-04-29,15.0,119,5,4,0.8880573226294932,-0.45973273945210397,15.0,15.0,15.0,15.0,15.0,True,False,True
2023-04-29,21.0,119,5,4,0.8880573226294932,-0.45973273945210397,21.0,21.0,20.0,17.986577181208055,20.975,False,True,True
2023-04-30,15.0,120,6,4,0.8800122039735357,-0.47495107206704995,15.0,15.0,15.0,15.0,15.0,True,False,True
2023-04-30,21.0,120,6,4,0.8800122039735357,-0.47495107206704995,21.0,21.0,20.0,17.996644295302012,21.008333333333333,False,True,True
2023-05-01,15.0,121,0,5,0.8717063187093218,-0.4900286664290592,15.0,15.0,15.0,15.0,15.0,True,False,True
2023-05-01,21.0,121,0,5,0.8717063187093218,-0.4900286664290592,21.0,21.0,20.75,18.006711409395972,21.016666666666666,False,True,True
2023-05-02,21.0,122,1,5,0.8631421280499114,-0.5049610547215204,21.0,21.0,21.5,18.016778523489933,21.0,False,True,True
2023-05-02,15.0,122,1,5,0.8631421280499114,-0.5049610547215204,15.0,15.0,15.0,15.0,15.0,True,False,True
2023-05-03,21.0,123,2,5,0.854322169749827,-0.5197438121555155,21.0,21.0,21.0,18.026845637583893,21.0,False,True,True
2023-05-03,15.0,123,2,5,0.854322169749827,-0.5197438121555155,15.0,15.0,15.0,15.0,15.0,True,False,True
2023-05-04,21.0,124,3,5,0.8452490573530633,-0.5343725582809786,21.0,21.0,21.0,18.036912751677853,21.0,False,True,True
2023-05-04,15.0,124,3,5,0.8452490573530633,-0.5343725582809786,15.0,15.0,15.0,15.0,15.0,True,False,True
2023-05-05,15.0,125,4,5,0.8359254794186372,-0.548842958284719,15.0,15.0,15.0,15.0,15.0,True,False,True
2023-05-05,21.0,125,4,5,0.8359254794186372,-0.548842958284719,21.0,21.0,21.0,18.04697986577181,21.0,False,True,True
2023-05-06,15.0,126,5,5,0.8263541987239096,-0.5631507242749186,15.0,15.0,15.0,15.0,15.0,True,False,True
2023-05-06,21.0,126,5,5,0.8263541987239096,-0.5631507242749186,21.0,21.0,21.0,18.05704697986577,21.0,False,True,True
2023-05-07,15.0,127,6,5,0.8165380514459161,-0.5772916165517272,15.0,15.0,15.0,15.0,15.0,True,False,True
2023-05-07,21.0,127,6,5,0.8165380514459161,-0.5772916165517272,21.0,21.0,21.0,18.06711409395973,21.0,False,True,True
2023-05-08,21.0,128,0,5,0.8064799463209448,-0.5912614448635781,21.0,21.0,21.0,18.07718120805369,21.0,False,True,True
2023-05-08,15.0,128,0,5,0.8064799463209448,-0.5912614448635781,15.0,15.0,15.0,15.0,15.0,True,False,True
2023-05-09,21.0,129,1,5,0.7961828637826158,-0.6050560696488488,21.0,21.0,21.0,18.08724832214765,21.0,False,True,True
2023-05-09,15.0,129,1,5,0.7961828637826158,-0.6050560696488488,15.0,15.0,15.0,15.0,15.0,True,False,True
2023-05-10,21.0,130,2,5,0.7856498550787147,-0.6186714032625031,21.0,21.0,21.0,18.09731543624161,21.0,False,True,True
2023-05-10,15.0,130,2,5,0.7856498550787147,-0.6186714032625031,15.0,15.0,15.0,15.0,15.0,True,False,True
2023-05-11,21.0,131,3,5,0.7748840413670407,-0.6321034111873487,21.0,21.0,21.0,18.107382550335572,21.0,False,True,True
2023-05-11,15.0,131,3,5,0.7748840413670407,-0.6321034111873487,15.0,15.0,15.0,15.0,15.0,True,False,True
2023-05-12,21.0,132,4,5,0.7638886127905428,-0.6453481132295501,21.0,21.0,21.0,18.11744966442953,21.0,False,True,True
2023-05-12,15.0,132,4,5,0.7638886127905428,-0.6453481132295501,15.0,15.0,15.0,15.0,15.0,True,False,True
2023-05-13,15.0,133,5,5,0.7526668275320085,-0.6584015846980488,15.0,15.0,15.0,15.0,15.0,True,False,True
2023-05-13,21.0,133,5,5,0.7526668275320085,-0.6584015846980488,21.0,21.0,21.0,18.12751677852349,21.0,False,True,True
2023-05-14,15.0,134,6,5,0.7412220108485958,-0.6712599575675313,15.0,15.0,15.0,15.0,15.0,True,False,True
2023-05-14,21.0,134,6,5,0.7412220108485958,-0.6712599575675313,21.0,21.0,21.0,18.13758389261745,21.0,False,True,True
2023-05-15,21.0,135,0,5,0.7295575540864875,-0.6839194216246106,21.0,21.0,21.0,18.14765100671141,21.0,False,True,True
2023-05-15,15.0,135,0,5,0.7295575540864875,-0.6839194216246106,15.0,15.0,15.0,15.0,15.0,True,False,True
2023-05-16,15.0,136,1,5,0.717676913675962,-0.6963762255968722,15.0,15.0,15.0,15.0,15.0,True,False,True
2023-05-16,21.0,136,1,5,0.717676913675962,-0.6963762255968722,21.0,21.0,21.0,18.15771812080537,21.0,False,True,True
2023-05-17,21.0,137,2,5,0.705583610107178,-0.7086266782644596,21.0,21.0,21.0,18.167785234899327,21.0,False,True,True
2023-05-17,15.0,137,2,5,0.705583610107178,-0.7086266782644596,15.0,15.0,15.0,15.0,15.0,True,False,True
2023-05-18,21.0,138,3,5,0.6932812268869777,-0.7206671495538609,21.0,21.0,21.0,18.177852348993287,21.0,False,True,True
2023-05-18,15.0,138,3,5,0.6932812268869777,-0.7206671495538609,15.0,15.0,15.0,15.0,15.0,True,False,True
2023-05-19,21.0,139,4,5,0.6807734094770161,-0.7324940716135789,21.0,21.0,21.0,18.187919463087248,21.0,False,True,True
2023-05-19,15.0,139,4,5,0.6807734094770161,-0.7324940716135789,15.0,15.0,15.0,15.0,15.0,True,False,True
2023-05-20,15.0,140,5,5,0.6680638642135335,-0.7441039398713607,15.0,15.0,15.0,15.0,15.0,True,False,True
2023-05-20,21.0,140,5,5,0.6680638642135335,-0.7441039398713607,21.0,21.0,21.0,18.197986577181208,21.0,False,True,True
2023-05-21,21.0,141,6,5,0.6551563572090853,-0.7554933140726803,21.0,21.0,21.0,18.20805369127517,21.0,False,True,True
2023-05-21,15.0,141,6,5,0.6551563572090853,-0.7554933140726803,15.0,15.0,15.0,15.0,15.0,True,False,True
2023-05-22,15.0,142,0,5,0.6420547132365637,-0.766658819300159,15.0,15.0,15.0,15.0,15.0,True,False,True
2023-05-22,21.0,142,0,5,0.6420547132365637,-0.766658819300159,21.0,21.0,21.0,18.21812080536913,21.0,False,True,True
2023-05-23,15.0,143,1,5,0.6287628145958344,-0.7775971469736269,15.0,15.0,15.0,15.0,15.0,True,False,True
2023-05-23,21.0,143,1,5,0.6287628145958344,-0.7775971469736269,21.0,21.0,21.0,18.22818791946309,21.0,False,True,True
2023-05-24,21.0,144,2,5,0.6152845999633276,-0.7883050558305255,21.0,21.0,21.0,18.238255033557046,21.0,False,True,True
2023-05-24,15.0,144,2,5,0.6152845999633276,-0.7883050558305255,15.0,15.0,15.0,15.0,15.0,True,False,True
2023-05-25,21.0,145,3,5,0.6016240632249226,-0.7987793728863649,21.0,21.0,21.0,18.248322147651006,21.0,False,True,True
2023-05-25,15.0,145,3,5,0.6016240632249226,-0.7987793728863649,15.0,15.0,15.0,15.0,15.0,True,False,True
2023-05-26,15.0,146,4,5,0.5877852522924732,-0.8090169943749473,15.0,15.0,15.0,15.0,15.0,True,False,True
2023-05-26,21.0,146,4,5,0.5877852522924732,-0.8090169943749473,21.0,21.0,21.0,18.258389261744966,21.0,False,True,True
2023-05-27,21.0,147,5,5,0.5737722679043246,-0.8190148866680801,21.0,21.0,21.0,18.268456375838927,21.0,False,True,True
2023-05-27,15.0,147,5,5,0.5737722679043246,-0.8190148866680801,15.0,15.0,15.0,15.0,15.0,True,False,True
2023-05-28,15.0,148,6,5,0.5595892624101765,-0.8287700871745038,15.0,15.0,15.0,15.0,15.0,True,False,True
2023-05-28,21.0,148,6,5,0.5595892624101765,-0.8287700871745038,21.0,21.0,21.0,18.278523489932887,21.0,False,True,True
2023-05-29,15.0,149,0,5,0.545240438540651,-0.8382797052177744,15.0,15.0,15.0,15.0,15.0,True,False,True
2023-05-29,21.0,149,0,5,0.545240438540651,-0.8382797052177744,21.0,21.0,21.0,18.288590604026844,21.0,False,True,True
2023-05-30,15.0,150,1,5,0.5307300481619334,-0.8475409228928311,15.0,15.0,15.0,15.0,15.0,True,False,True
2023-05-30,21.0,150,1,5,0.5307300481619334,-0.8475409228928311,21.0,21.0,21.0,18.298657718120804,21.0,False,True,True
2023-05-31,15.0,151,2,5,0.5160623910158528,-0.8565509959010036,15.0,15.0,15.0,15.0,15.0,True,False,True
2023-05-31,21.0,151,2,5,0.5160623910158528,-0.8565509959010036,21.0,21.0,21.0,18.308724832214764,21.0,False,True,True
2023-06-01,15.0,152,3,6,0.5012418134457758,-0.865307254363206,15.0,15.0,15.0,15.0,15.0,True,False,True
2023-06-01,21.0,152,3,6,0.5012418134457758,-0.865307254363206,21.0,21.0,21.0,18.318791946308725,21.0,False,True,True
2023-06-02,15.0,153,4,6,0.48627270710868997,-0.8738071036110808,15.0,15.0,15.0,15.0,15.0,True,False,True
2023-06-02,21.0,153,4,6,0.48627270710868997,-0.8738071036110808,21.0,21.0,21.0,18.328859060402685,21.0,False,True,True
2023-06-03,21.0,154,5,6,0.4711595076738638,-0.8820480249558537,21.0,21.0,21.0,18.338926174496645,21.0,False,True,True
2023-06-03,15.0,154,5,6,0.4711595076738638,-0.8820480249558537,15.0,15.0,15.0,15.0,15.0,True,False,True
2023-06-04,21.0,155,6,6,0.4559066935084588,-0.8900275764346767,21.0,21.0,21.0,18.348993288590606,21.0,False,True,True
2023-06-04,15.0,155,6,6,0.4559066935084588,-0.8900275764346767,15.0,15.0,15.0,15.0,15.0,True,False,True
2023-06-05,15.0,156,0,6,0.440518784350495,-0.8977433935342337,15.0,15.0,15.0,15.0,15.0,True,False,True
2023-06-05,21.0,156,0,6,0.440518784350495,-0.8977433935342337,21.0,21.0,21.0,18.359060402684563,21.0,False,True,True
2023-06-06,21.0,157,1,6,0.42500033996955416,-0.9051931898913974,21.0,21.0,21.0,18.369127516778523,21.0,False,True,True
2023-06-06,15.0,157,1,6,0.42500033996955416,-0.9051931898913974,15.0,15.0,15.0,15.0,15.0,True,False,True
2023-06-07,15.0,158,2,6,0.4093559588156213,-0.9123747579707273,15.0,15.0,15.0,15.0,15.0,True,False,True
2023-06-07,21.0,158,2,6,0.4093559588156213,-0.9123747579707273,21.0,21.0,21.0,18.379194630872483,21.0,False,True,True
2023-06-08,15.0,159,3,6,0.39359027665646673,-0.9192859697186104,15.0,15.0,15.0,15.0,15.0,True,False,True
2023-06-08,21.0,159,3,6,0.39359027665646673,-0.9192859697186104,21.0,21.0,21.0,18.389261744966444,21.0,False,True,True
2023-06-09,15.0,160,4,6,0.3777079652039649,-0.9259247771938498,15.0,15.0,15.0,15.0,15.0,True,False,True
2023-06-09,21.0,160,4,6,0.3777079652039649,-0.9259247771938498,21.0,21.0,21.0,18.399328859060404,21.0,False,True,True
2023-06-10,15.0,161,5,6,0.36171373072976765,-0.9322892131745133,15.0,15.0,15.0,15.0,15.0,True,False,True
2023-06-10,21.0,161,5,6,0.36171373072976765,-0.9322892131745133,21.0,21.0,21.0,18.40939597315436,21.0,False,True,True
2023-06-11,15.0,162,6,6,0.3456123126707335,-0.9383773917408641,15.0,15.0,15.0,15.0,15.0,True,False,True
2023-06-11,21.0,162,6,6,0.3456123126707335,-0.9383773917408641,21.0,21.0,21.0,18.41946308724832,21.0,False,True,True
2023-06-12,21.0,163,0,6,0.3294084822245304,-0.9441875088341993,21.0,21.0,21.0,18.42953020134228,21.0,False,True,True
2023-06-12,15.0,163,0,6,0.3294084822245304,-0.9441875088341993,15.0,15.0,15.0,15.0,15.0,True,False,True
2023-06-13,15.0,164,1,6,0.3131070409358269,-0.9497178427914316,15.0,15.0,15.0,15.0,15.0,True,False,True
2023-06-13,21.0,164,1,6,0.3131070409358269,-0.9497178427914316,21.0,21.0,21.0,18.43959731543624,21.0,False,True,True
2023-06-14,21.0,165,2,6,0.29671281927349075,-0.9549667548552551,21.0,21.0,21.0,18.449664429530202,21.0,False,True,True
2023-06-14,15.0,165,2,6,0.29671281927349075,-0.9549667548552551,15.0,15.0,15.0,15.0,15.0,True,False,True
2023-06-15,21.0,166,3,6,0.28023067519921585,-0.9599326896597447,21.0,21.0,21.0,18.459731543624162,21.0,False,True,True
2023-06-15,15.0,166,3,6,0.28023067519921585,-0.9599326896597447,15.0,15.0,15.0,15.0,15.0,True,False,True
2023-06-16,21.0,167,4,6,0.26366549272800704,-0.9646141756912435,21.0,21.0,21.0,18.469798657718123,21.0,False,True,True
2023-06-16,15.0,167,4,6,0.26366549272800704,-0.9646141756912435,15.0,15.0,15.0,15.0,15.0,True,False,True
2023-06-17,15.0,168,5,6,0.24702218048093552,-0.9690098257244062,15.0,15.0,15.0,15.0,15.0,True,False,True
2023-06-17,21.0,168,5,6,0.24702218048093552,-0.9690098257244062,21.0,21.0,21.0,18.47986577181208,21.0,False,True,True
2023-06-18,15.0,169,6,6,0.23030567023061221,-0.9731183372332619,15.0,15.0,15.0,15.0,15.0,True,False,True
2023-06-18,21.0,169,6,6,0.23030567023061221,-0.9731183372332619,21.0,21.0,21.0,18.48993288590604,21.0,False,True,True
2023-06-19,15.0,170,0,6,0.21352091543979612,-0.9769384927771817,15.0,15.0,15.0,15.0,15.0,True,False,True
2023-06-19,21.0,170,0,6,0.21352091543979612,-0.9769384927771817,21.0,21.0,21.0,18.5,21.0,False,True,True
2023-06-20,21.0,171,1,6,0.19667288979357647,-0.980469160361632,21.0,21.0,21.0,18.51006711409396,21.0,False,True,True
2023-06-20,15.0,171,1,6,0.19667288979357647,-0.980469160361632,15.0,15.0,15.0,15.0,15.0,True,False,True
2023-06-21,21.0,172,2,6,0.1797665857255624,-0.9837092937736097,21.0,21.0,21.0,18.52013422818792,21.0,False,True,True
2023-06-21,15.0,172,2,6,0.1797665857255624,-0.9837092937736097,15.0,15.0,15.0,15.0,15.0,True,False,True
2023-06-22,15.0,173,3,6,0.16280701293851715,-0.986657932891657,15.0,15.0,15.0,15.0,15.0,True,False,True
2023-06-22,21.0,173,3,6,0.16280701293851715,-0.986657932891657,21.0,21.0,21.0,18.530201342281877,21.0,False,True,True
2023-06-23,21.0,174,4,6,0.1457991969198751,-0.9893142039703663,21.0,21.0,21.0,18.540268456375838,21.0,False,True,True
2023-06-23,15.0,174,4,6,0.1457991969198751,-0.9893142039703663,15.0,15.0,15.0,15.0,15.0,True,False,True
2023-06-24,15.0,175,5,6,0.12874817745258132,-0.99167731989929,15.0,15.0,15.0,15.0,15.0,True,False,True
2023-06-24,21.0,175,5,6,0.12874817745258132,-0.99167731989929,21.0,21.0,21.0,18.550335570469798,21.0,False,True,True
2023-06-25,15.0,176,6,6,0.11165900712169512,-0.993746580436178,15.0,15.0,15.0,15.0,15.0,True,False,True
2023-06-25,21.0,176,6,6,0.11165900712169512,-0.993746580436178,21.0,21.0,21.0,18.56040268456376,21.0,False,True,True
2023-06-26,15.0,177,0,6,0.09453674981719912,-0.9955213724144752,15.0,15.0,15.0,15.0,15.0,True,False,True
2023-06-26,21.0,177,0,6,0.09453674981719912,-0.9955213724144752,21.0,21.0,21.0,18.57046979865772,21.0,False,True,True
2023-06-27,15.0,178,1,6,0.07738647923346301,-0.9970011699250151,15.0,15.0,15.0,15.0,15.0,True,False,True
2023-06-27,21.5,178,1,6,0.07738647923346301,-0.9970011699250151,21.0,21.0,21.0,18.58053691275168,21.016666666666666,False,True,True
2023-06-28,21.5,179,2,6,0.06021327736579302,-0.9981855344718586,21.5,21.0,21.0,18.590604026845636,21.033333333333335,False,True,True
2023-06-28,15.0,179,2,6,0.06021327736579302,-0.9981855344718586,15.0,15.0,15.0,15.0,15.0,True,False,True
2023-06-29,21.5,180,3,6,0.04302223300453059,-0.99907411510223,21.5,21.0,21.0,18.600671140939596,21.05,False,True,True
2023-06-29,15.0,180,3,6,0.04302223300453059,-0.99907411510223,15.0,15.0,15.0,15.0,15.0,True,False,True
2023-06-30,15.0,181,4,6,0.02581844022713308,-0.9996666485105112,15.0,15.0,15.0,15.0,15.0,True,False,True
2023-06-30,21.5,181,4,6,0.02581844022713308,-0.9996666485105112,21.5,21.0,21.0,18.610738255033556,21.066666666666666,False,True,True
2023-07-01,21.25,182,5,7,0.008606996888688698,-0.9999629591162655,21.5,21.0,21.0,18.620805369127517,21.075,False,True,True
2023-07-01,15.0,182,5,7,0.008606996888688698,-0.9999629591162655,15.0,15.0,15.0,15.0,15.0,True,False,True
2023-07-02,15.0,183,6,7,-0.008606996888688009,-0.9999629591162655,15.0,15.0,15.0,15.0,15.0,True,False,True
2023-07-02,21.0,183,6,7,-0.008606996888688009,-0.9999629591162655,21.25,21.0,21.0,18.630872483221477,21.075,False,True,True
2023-07-03,15.0,184,0,7,-0.02581844022713239,-0.9996666485105112,15.0,15.0,15.0,15.0,15.0,True,False,True
2023-07-03,21.0,184,0,7,-0.02581844022713239,-0.9996666485105112,21.0,21.0,21.0,18.640939597315437,21.075,False,True,True
2023-07-04,15.0,185,1,7,-0.04302223300453034,-0.99907411510223,15.0,15.0,15.0,15.0,15.0,True,False,True
2023-07-04,21.0,185,1,7,-0.04302223300453034,-0.99907411510223,21.0,21.5,21.0,18.651006711409394,21.075,False,True,True
2023-07-05,21.0,186,2,7,-0.060213277365792774,-0.9981855344718586,21.0,21.5,21.0,18.661073825503355,21.075,False,True,True
2023-07-05,15.0,186,2,7,-0.060213277365792774,-0.9981855344718586,15.0,15.0,15.0,15.0,15.0,True,False,True
2023-07-06,21.0,187,3,7,-0.07738647923346322,-0.9970011699250151,21.0,21.5,21.0,18.671140939597315,21.075,False,True,True
2023-07-06,15.0,187,3,7,-0.07738647923346322,-0.9970011699250151,15.0,15.0,15.0,15.0,15.0,True,False,True
2023-07-07,21.0,188,4,7,-0.09453674981719933,-0.9955213724144752,21.0,21.5,21.0,18.681208053691275,21.075,False,True,True
2023-07-07,15.0,188,4,7,-0.09453674981719933,-0.9955213724144752,15.0,15.0,15.0,15.0,15.0,True,False,True
2023-07-08,15.0,189,5,7,-0.11165900712169444,-0.9937465804361781,15.0,15.0,15.0,15.0,15.0,True,False,True
2023-07-08,21.0,189,5,7,-0.11165900712169444,-0.9937465804361781,21.0,21.25,21.0,18.691275167785236,21.075,False,True,True
2023-07-09,15.0,190,6,7,-0.12874817745258066,-0.99167731989929,15.0,15.0,15.0,15.0,15.0,True,False,True
2023-07-09,21.0,190,6,7,-0.12874817745258066,-0.99167731989929,21.0,21.0,21.0,18.701342281879196,21.075,False,True,True
2023-07-10,21.0,191,0,7,-0.14579919691987442,-0.9893142039703664,21.0,21.0,21.0,18.711409395973153,21.075,False,True,True
2023-07-10,15.0,191,0,7,-0.14579919691987442,-0.9893142039703664,15.0,15.0,15.0,15.0,15.0,True,False,True
2023-07-11,15.0,192,1,7,-0.16280701293851646,-0.9866579328916572,15.0,15.0,15.0,15.0,15.0,True,False,True
2023-07-11,21.0,192,1,7,-0.16280701293851646,-0.9866579328916572,21.0,21.0,21.0,18.721476510067113,21.075,False,True,True
2023-07-12,15.0,193,2,7,-0.17976658572556214,-0.9837092937736098,15.0,15.0,15.0,15.0,15.0,True,False,True
2023-07-12,21.0,193,2,7,-0.17976658572556214,-0.9837092937736098,21.0,21.0,21.0,18.731543624161073,21.075,False,True,True
2023-07-13,15.0,194,3,7,-0.19667288979357622,-0.9804691603616321,15.0,15.0,15.0,15.0,15.0,True,False,True
2023-07-13,21.0,194,3,7,-0.19667288979357622,-0.9804691603616321,21.0,21.0,21.0,18.741610738255034,21.075,False,True,True
2023-07-14,21.0,195,4,7,-0.2135209154397959,-0.9769384927771817,21.0,21.0,21.0,18.751677852348994,21.075,False,True,True
2023-07-14,15.0,195,4,7,-0.2135209154397959,-0.9769384927771817,15.0,15.0,15.0,15.0,15.0,True,False,True
2023-07-15,15.0,196,5,7,-0.23030567023061196,-0.973118337233262,15.0,15.0,15.0,15.0,15.0,True,False,True
2023-07-15,21.0,196,5,7,-0.23030567023061196,-0.973118337233262,21.0,21.0,21.0,18.761744966442954,21.075,False,True,True
2023-07-16,21.0,197,6,7,-0.24702218048093527,-0.9690098257244063,21.0,21.0,21.0,18.77181208053691,21.075,False,True,True
2023-07-16,15.0,197,6,7,-0.24702218048093527,-0.9690098257244063,15.0,15.0,15.0,15.0,15.0,True,False,True
2023-07-17,21.0,198,0,7,-0.2636654927280072,-0.9646141756912435,21.0,21.0,21.0,18.78187919463087,21.075,False,True,True
2023-07-17,15.0,198,0,7,-0.2636654927280072,-0.9646141756912435,15.0,15.0,15.0,15.0,15.0,True,False,True
2023-07-18,21.0,199,1,7,-0.2802306751992161,-0.9599326896597445,21.0,21.0,21.0,18.79194630872483,21.075,False,True,True
2023-07-18,15.0,199,1,7,-0.2802306751992161,-0.9599326896597445,15.0,15.0,15.0,15.0,15.0,True,False,True
2023-07-19,15.0,200,2,7,-0.2967128192734901,-0.9549667548552553,15.0,15.0,15.0,15.0,15.0,True,False,True
2023-07-19,21.0,200,2,7,-0.2967128192734901,-0.9549667548552553,21.0,21.0,21.0,18.802013422818792,21.075,False,True,True
2023-07-20,15.0,201,3,7,-0.3131070409358267,-0.9497178427914317,15.0,15.0,15.0,15.0,15.0,True,False,True
2023-07-20,21.0,201,3,7,-0.3131070409358267,-0.9497178427914317,21.0,21.0,21.0,18.812080536912752,21.075,False,True,True
2023-07-21,15.0,202,4,7,-0.3294084822245302,-0.9441875088341994,15.0,15.0,15.0,15.0,15.0,True,False,True
2023-07-21,21.0,202,4,7,-0.3294084822245302,-0.9441875088341994,21.0,21.0,21.0,18.822147651006713,21.075,False,True,True
2023-07-22,21.0,203,5,7,-0.3456123126707333,-0.9383773917408642,21.0,21.0,21.0,18.83221476510067,21.075,False,True,True
2023-07-22,15.0,203,5,7,-0.3456123126707333,-0.9383773917408642,15.0,15.0,15.0,15.0,15.0,True,False,True
2023-07-23,15.0,204,6,7,-0.3617137307297674,-0.9322892131745134,15.0,15.0,15.0,15.0,15.0,True,False,True
2023-07-23,21.0,204,6,7,-0.3617137307297674,-0.9322892131745134,21.0,21.0,21.0,18.84228187919463,21.075,False,True,True
2023-07-24,21.0,205,0,7,-0.37770796520396466,-0.9259247771938499,21.0,21.0,21.0,18.85234899328859,21.075,False,True,True
2023-07-24,15.0,205,0,7,-0.37770796520396466,-0.9259247771938499,15.0,15.0,15.0,15.0,15.0,True,False,True
2023-07-25,15.0,206,1,7,-0.39359027665646645,-0.9192859697186105,15.0,15.0,15.0,15.0,15.0,True,False,True
2023-07-25,21.0,206,1,7,-0.39359027665646645,-0.9192859697186105,21.0,21.0,21.0,18.86241610738255,21.075,False,True,True
2023-07-26,21.0,207,2,7,-0.4093559588156211,-0.9123747579707274,21.0,21.0,21.0,18.87248322147651,21.075,False,True,True
2023-07-26,15.0,207,2,7,-0.4093559588156211,-0.9123747579707274,15.0,15.0,15.0,15.0,15.0,True,False,True
2023-07-27,15.0,208,3,7,-0.42500033996955394,-0.9051931898913975,15.0,15.0,15.0,15.0,15.0,True,False,True
2023-07-27,21.0,208,3,7,-0.42500033996955394,-0.9051931898913975,21.0,21.0,21.5,18.88255033557047,21.058333333333334,False,True,True
2023-07-28,21.0,209,4,7,-0.4405187843504952,-0.8977433935342336,21.0,21.0,21.5,18.892617449664428,21.041666666666668,False,True,True
2023-07-28,15.0,209,4,7,-0.4405187843504952,-0.8977433935342336,15.0,15.0,15.0,15.0,15.0,True,False,True
2023-07-29,21.0,210,5,7,-0.455906693508459,-0.8900275764346766,21.0,21.0,21.5,18.90268456375839,21.025,False,True,True
2023-07-29,15.0,210,5,7,-0.455906693508459,-0.8900275764346766,15.0,15.0,15.0,15.0,15.0,True,False,True
2023-07-30,21.0,211,6,7,-0.47115950767386394,-0.8820480249558535,21.0,21.0,21.5,18.91275167785235,21.008333333333333,False,True,True
2023-07-30,15.0,211,6,7,-0.47115950767386394,-0.8820480249558535,15.0,15.0,15.0,15.0,15.0,True,False,True
2023-07-31,15.0,212,0,7,-0.4862727071086902,-0.8738071036110807,15.0,15.0,15.0,15.0,15.0,True,False,True
2023-07-31,21.0,212,0,7,-0.4862727071086902,-0.8738071036110807,21.0,21.0,21.25,18.92281879194631,21.0,False,True,True
2023-08-01,21.0,213,1,8,-0.5012418134457756,-0.8653072543632061,21.0,21.0,21.0,18.93288590604027,21.0,False,True,True
2023-08-01,15.0,213,1,8,-0.5012418134457756,-0.8653072543632061,15.0,15.0,15.0,15.0,15.0,True,False,True
2023-08-02,21.0,214,2,8,-0.5160623910158526,-0.8565509959010037,21.0,21.0,21.0,18.94295302013423,21.0,False,True,True
2023-08-02,15.0,214,2,8,-0.5160623910158526,-0.8565509959010037,15.0,15.0,15.0,15.0,15.0,True,False,True
2023-08-03,21.0,215,3,8,-0.5307300481619331,-0.8475409228928312,21.0,21.0,21.0,18.953020134228186,21.0,False,True,True
2023-08-03,15.0,215,3,8,-0.5307300481619331,-0.8475409228928312,15.0,15.0,15.0,15.0,15.0,True,False,True
2023-08-04,15.0,216,4,8,-0.5452404385406507,-0.8382797052177745,15.0,15.0,15.0,15.0,15.0,True,False,True
2023-08-04,21.0,216,4,8,-0.5452404385406507,-0.8382797052177745,21.0,21.0,21.0,18.963087248322147,21.0,False,True,True
2023-08-05,21.0,217,5,8,-0.5595892624101763,-0.828770087174504,21.0,21.0,21.0,18.973154362416107,21.0,False,True,True
2023-08-05,15.0,217,5,8,-0.5595892624101763,-0.828770087174504,15.0,15.0,15.0,15.0,15.0,True,False,True
2023-08-06,21.0,218,6,8,-0.5737722679043243,-0.8190148866680802,21.0,21.0,21.0,18.983221476510067,21.0,False,True,True
2023-08-06,15.0,218,6,8,-0.5737722679043243,-0.8190148866680802,15.0,15.0,15.0,15.0,15.0,True,False,True
2023-08-07,22.0,219,0,8,-0.5877852522924734,-0.8090169943749472,21.0,21.0,21.0,18.993288590604028,21.033333333333335,False,True,True
2023-08-07,15.0,219,0,8,-0.5877852522924734,-0.8090169943749472,15.0,15.0,15.0,15.0,15.0,True,False,True
2023-08-08,23.0,220,1,8,-0.6016240632249227,-0.7987793728863648,22.0,21.0,21.0,19.003355704697988,21.1,False,True,True
2023-08-08,15.0,220,1,8,-0.6016240632249227,-0.7987793728863648,15.0,15.0,15.0,15.0,15.0,True,False,True
2023-08-09,23.0,221,2,8,-0.6152845999633277,-0.7883050558305253,23.0,21.0,21.0,19.013422818791945,21.166666666666668,False,True,True
2023-08-09,15.0,221,2,8,-0.6152845999633277,-0.7883050558305253,15.0,15.0,15.0,15.0,15.0,True,False,True
2023-08-10,23.0,222,3,8,-0.6287628145958345,-0.7775971469736268,23.0,21.0,21.0,19.023489932885905,21.233333333333334,False,True,True
2023-08-10,15.0,222,3,8,-0.6287628145958345,-0.7775971469736268,15.0,15.0,15.0,15.0,15.0,True,False,True
2023-08-11,23.0,223,4,8,-0.6420547132365636,-0.7666588193001592,23.0,21.0,21.0,19.033557046979865,21.3,False,True,True
2023-08-11,15.0,223,4,8,-0.6420547132365636,-0.7666588193001592,15.0,15.0,15.0,15.0,15.0,True,False,True
2023-08-12,15.0,224,5,8,-0.655156357209085,-0.7554933140726804,15.0,15.0,15.0,15.0,15.0,True,False,True
2023-08-12,23.25,224,5,8,-0.655156357209085,-0.7554933140726804,23.0,21.0,21.0,19.043624161073826,21.375,False,True,True
2023-08-13,23.5,225,6,8,-0.6680638642135333,-0.7441039398713608,23.25,21.0,21.0,19.053691275167786,21.458333333333332,False,True,True
2023-08-13,15.0,225,6,8,-0.6680638642135333,-0.7441039398713608,15.0,15.0,15.0,15.0,15.0,True,False,True
2023-08-14,23.5,226,0,8,-0.6807734094770159,-0.7324940716135792,23.5,22.0,21.0,19.063758389261746,21.541666666666668,False,True,True
2023-08-14,15.0,226,0,8,-0.6807734094770159,-0.7324940716135792,15.0,15.0,15.0,15.0,15.0,True,False,True
2023-08-15,23.5,227,1,8,-0.6932812268869771,-0.7206671495538615,23.5,23.0,21.0,19.073825503355703,21.625,False,True,True
2023-08-15,15.0,227,1,8,-0.6932812268869771,-0.7206671495538615,15.0,15.0,15.0,15.0,15.0,True,False,True
2023-08-16,23.5,228,2,8,-0.7055836101071774,-0.70862667826446,23.5,23.0,21.0,19.083892617449663,21.708333333333332,False,True,True
2023-08-16,15.0,228,2,8,-0.7055836101071774,-0.70862667826446,15.0,15.0,15.0,15.0,15.0,True,False,True
2023-08-17,15.0,229,3,8,-0.7176769136759615,-0.6963762255968726,15.0,15.0,15.0,15.0,15.0,True,False,True
2023-08-17,23.5,229,3,8,-0.7176769136759615,-0.6963762255968726,23.5,23.0,21.0,19.093959731543624,21.791666666666668,False,True,True
