pubDate,avgPrice,day_of_year,day_of_week,month,doy_sin,doy_cos,avgPrice_lag_1,avgPrice_lag_7,avgPrice_lag_30,avgPrice_lag_365,avgPrice_MA_30,specInfo_UNKNOWN,prodPcat_牛肉类
2022-07-17,37.5,198,6,7,-0.2636654927280072,-0.9646141756912435,37.5,37.5,37.5,36.25,37.5,True,True
2022-07-18,37.5,199,0,7,-0.2802306751992161,-0.9599326896597445,37.5,37.5,37.5,36.1875,37.5,True,True
2022-07-19,37.5,200,1,7,-0.2967128192734901,-0.9549667548552553,37.5,37.5,37.5,36.125,37.5,True,True
2022-07-20,37.5,201,2,7,-0.3131070409358267,-0.9497178427914317,37.5,37.5,37.5,36.0625,37.5,True,True
2022-07-21,37.5,202,3,7,-0.3294084822245302,-0.9441875088341994,37.5,37.5,37.5,36.0,37.5,True,True
2022-07-22,37.5,203,4,7,-0.3456123126707333,-0.9383773917408642,37.5,37.5,37.5,36.0,37.5,True,True
2022-07-23,37.5,204,5,7,-0.3617137307297674,-0.9322892131745134,37.5,37.5,37.5,36.0,37.5,True,True
2022-07-24,37.5,205,6,7,-0.37770796520396466,-0.9259247771938499,37.5,37.5,37.5,36.0,37.5,True,True
2022-07-25,37.5,206,0,7,-0.39359027665646645,-0.9192859697186105,37.5,37.5,37.5,36.0,37.5,True,True
2022-07-26,37.5,207,1,7,-0.4093559588156211,-0.9123747579707274,37.5,37.5,37.5,36.0,37.5,True,True
2022-07-27,37.5,208,2,7,-0.42500033996955394,-0.9051931898913975,37.5,37.5,37.5,36.0,37.5,True,True
2022-07-28,37.5,209,3,7,-0.4405187843504952,-0.8977433935342336,37.5,37.5,37.5,36.0,37.5,True,True
2022-07-29,37.5,210,4,7,-0.455906693508459,-0.8900275764346766,37.5,37.5,37.5,36.0,37.5,True,True
2022-07-30,37.5,211,5,7,-0.47115950767386394,-0.8820480249558535,37.5,37.5,37.5,36.0,37.5,True,True
2022-07-31,37.5,212,6,7,-0.4862727071086902,-0.8738071036110807,37.5,37.5,37.5,36.0,37.5,True,True
2022-08-01,37.5,213,0,8,-0.5012418134457756,-0.8653072543632061,37.5,37.5,37.5,36.0,37.5,True,True
2022-08-02,37.5,214,1,8,-0.5160623910158526,-0.8565509959010037,37.5,37.5,37.5,36.0,37.5,True,True
2022-08-03,37.5,215,2,8,-0.5307300481619331,-0.8475409228928312,37.5,37.5,37.5,36.0,37.5,True,True
2022-08-04,37.5,216,3,8,-0.5452404385406507,-0.8382797052177745,37.5,37.5,37.5,36.0,37.5,True,True
2022-08-05,37.5,217,4,8,-0.5595892624101763,-0.828770087174504,37.5,37.5,37.5,36.0,37.5,True,True
2022-08-06,37.5,218,5,8,-0.5737722679043243,-0.8190148866680802,37.5,37.5,37.5,36.0,37.5,True,True
2022-08-07,37.5,219,6,8,-0.5877852522924734,-0.8090169943749472,37.5,37.5,37.5,36.0,37.5,True,True
2022-08-08,37.5,220,0,8,-0.6016240632249227,-0.7987793728863648,37.5,37.5,37.5,36.0,37.5,True,True
2022-08-09,37.5,221,1,8,-0.6152845999633277,-0.7883050558305253,37.5,37.5,37.5,36.0,37.5,True,True
2022-08-10,37.5,222,2,8,-0.6287628145958345,-0.7775971469736268,37.5,37.5,37.5,36.0,37.5,True,True
2022-08-11,37.5,223,3,8,-0.6420547132365636,-0.7666588193001592,37.5,37.5,37.5,36.0,37.5,True,True
2022-08-12,37.5,224,4,8,-0.655156357209085,-0.7554933140726804,37.5,37.5,37.5,36.0,37.5,True,True
2022-08-13,37.5,225,5,8,-0.6680638642135333,-0.7441039398713608,37.5,37.5,37.5,36.0,37.5,True,True
2022-08-14,37.5,226,6,8,-0.6807734094770159,-0.7324940716135792,37.5,37.5,37.5,36.0,37.5,True,True
2022-08-15,37.5,227,0,8,-0.6932812268869771,-0.7206671495538615,37.5,37.5,37.5,36.0,37.5,True,True
2022-08-16,37.5,228,1,8,-0.7055836101071774,-0.70862667826446,37.5,37.5,37.5,36.0,37.5,True,True
2022-08-17,37.5,229,2,8,-0.7176769136759615,-0.6963762255968726,37.5,37.5,37.5,36.0,37.5,True,True
2022-08-18,37.5,230,3,8,-0.7295575540864876,-0.6839194216246105,37.5,37.5,37.5,36.0,37.5,True,True
2022-08-19,37.5,231,4,8,-0.7412220108485957,-0.6712599575675315,37.5,37.5,37.5,36.0,37.5,True,True
2022-08-20,37.5,232,5,8,-0.7526668275320083,-0.6584015846980489,37.5,37.5,37.5,36.0,37.5,True,True
2022-08-21,37.5,233,6,8,-0.7638886127905429,-0.64534811322955,37.5,37.5,37.5,36.0,37.5,True,True
2022-08-22,37.5,234,0,8,-0.7748840413670406,-0.6321034111873488,37.5,37.5,37.5,36.0,37.5,True,True
2022-08-23,37.5,235,1,8,-0.7856498550787144,-0.6186714032625032,37.5,37.5,37.5,36.0,37.5,True,True
2022-08-24,37.5,236,2,8,-0.7961828637826154,-0.6050560696488494,37.5,37.5,37.5,36.0,37.5,True,True
2022-08-25,37.5,237,3,8,-0.8064799463209447,-0.5912614448635782,37.5,37.5,37.5,36.0,37.5,True,True
2022-08-26,37.5,238,4,8,-0.8165380514459157,-0.5772916165517278,37.5,37.5,37.5,36.0,37.5,True,True
2022-08-27,37.5,239,5,8,-0.8263541987239094,-0.5631507242749187,37.5,37.5,37.5,36.0,37.5,True,True
2022-08-28,37.5,240,6,8,-0.8359254794186365,-0.5488429582847199,37.5,37.5,37.5,36.0,37.5,True,True
2022-08-29,37.5,241,0,8,-0.8452490573530634,-0.5343725582809785,37.5,37.5,37.5,36.0,37.5,True,True
2022-08-30,37.5,242,1,8,-0.8543221697498269,-0.5197438121555157,37.5,37.5,37.5,36.0,37.5,True,True
2022-08-31,37.5,243,2,8,-0.8631421280499115,-0.5049610547215202,37.5,37.5,37.5,36.0,37.5,True,True
2022-09-01,37.5,244,3,9,-0.8717063187093217,-0.4900286664290594,37.5,37.5,37.5,36.0,37.5,True,True
2022-09-02,37.5,245,4,9,-0.8800122039735356,-0.4749510720670502,37.5,37.5,37.5,36.0,37.5,True,True
2022-09-03,37.5,246,5,9,-0.888057322629493,-0.4597327394521046,37.5,37.5,37.5,36.0,37.5,True,True
2022-09-04,37.5,247,6,9,-0.8958392907349089,-0.4443781781046134,37.5,37.5,37.5,36.0,37.5,True,True
2022-09-05,37.5,248,0,9,-0.9033558023246842,-0.4288919379124841,37.5,37.5,37.5,36.0,37.5,True,True
2022-09-06,37.5,249,1,9,-0.9106046300942162,-0.41327860778290443,37.5,37.5,37.5,36.0,37.5,True,True
2022-09-07,37.5,250,2,9,-0.9175836260593934,-0.3975428142825566,37.5,37.5,37.5,36.0,37.5,True,True
2022-09-08,38.25,251,3,9,-0.9242907221930934,-0.3816892202666586,37.5,37.5,37.5,36.0,37.525,True,True
2022-09-09,39.0,252,4,9,-0.9307239310379793,-0.3657225234972692,38.25,37.5,37.5,36.0,37.575,True,True
2022-09-10,39.0,253,5,9,-0.9368813462954315,-0.34964745525122826,39.0,37.5,37.5,36.0,37.625,True,True
2022-09-11,37.5,254,6,9,-0.9427611433904206,-0.33346877891818705,39.0,37.5,37.5,36.0,37.625,True,True
2022-09-12,37.5,255,0,9,-0.9483615800121716,-0.31719128858910595,37.5,37.5,37.5,36.0,37.625,True,True
2022-09-13,37.5,256,1,9,-0.9536809966304455,-0.300819807635668,37.5,37.5,37.5,36.0,37.625,True,True
2022-09-14,37.5,257,2,9,-0.9587178169872964,-0.2843591872810036,37.5,37.5,37.5,36.0,37.625,True,True
2022-09-15,37.5,258,3,9,-0.9634705485641486,-0.26781430516217486,37.5,38.25,37.5,36.0,37.625,True,True
2022-09-16,37.5,259,4,9,-0.9679377830240642,-0.25119006388481957,37.5,39.0,37.5,36.5,37.625,True,True
2022-09-17,37.5,260,5,9,-0.9721181966290612,-0.23449138957041052,37.5,39.0,37.5,37.5,37.625,True,True
2022-09-18,37.5,261,6,9,-0.9760105506323682,-0.21772323039653224,37.5,37.5,37.5,37.5,37.625,True,True
2022-09-19,37.5,262,0,9,-0.9796136916454901,-0.20089055513063528,37.5,37.5,37.5,37.5,37.625,True,True
2022-09-20,37.5,263,1,9,-0.9829265519799822,-0.18399835165767986,37.5,37.5,37.5,37.5,37.625,True,True
2022-09-21,37.5,264,2,9,-0.9859481499638303,-0.1670516255021195,37.5,37.5,37.5,37.0,37.625,True,True
2022-09-22,37.5,265,3,9,-0.9886775902323404,-0.15005539834465262,37.5,37.5,37.5,37.0,37.625,True,True
2022-09-23,37.5,266,4,9,-0.9911140639934546,-0.13301470653419636,37.5,37.5,37.5,37.0,37.625,True,True
2022-09-24,37.5,267,5,9,-0.9932568492674143,-0.11593459959550066,37.5,37.5,37.5,36.5,37.625,True,True
2022-09-25,37.5,268,6,9,-0.9951053111006974,-0.09882013873287211,37.5,37.5,37.5,36.5,37.625,True,True
2022-09-26,38.0,269,0,9,-0.99665890175417,-0.08167639533042288,37.5,37.5,37.5,36.5,37.641666666666666,True,True
2022-09-27,38.25,270,1,9,-0.9979171608653922,-0.06450844944931625,38.0,37.5,37.5,36.5,37.666666666666664,True,True
2022-09-28,38.5,271,2,9,-0.9988797155850335,-0.04732138832243232,38.25,37.5,37.5,37.0,37.7,True,True
2022-09-29,39.5,272,3,9,-0.9995462806873573,-0.03012030484690836,38.5,37.5,37.5,38.0,37.766666666666666,True,True
2022-09-30,39.5,273,4,9,-0.9999166586547379,-0.012910296075008843,39.5,37.5,37.5,38.0,37.833333333333336,True,True
2022-10-01,39.5,274,5,10,-0.9999907397361901,0.004303538296243821,39.5,37.5,37.5,38.0,37.9,True,True
2022-10-02,39.0,275,6,10,-0.9997685019798909,0.021516097436222233,39.5,37.5,37.5,37.0,37.95,True,True
2022-10-03,38.0,276,0,10,-0.9992500112396835,0.03872228089217399,39.0,38.0,37.5,37.0,37.96666666666667,True,True
2022-10-04,37.5,277,1,10,-0.9984354211555643,0.05591699010060302,38.0,38.25,37.5,37.0,37.96666666666667,True,True
2022-10-05,37.5,278,2,10,-0.9973249731081555,0.07309512989807776,37.5,38.5,37.5,37.0,37.96666666666667,True,True
2022-10-06,37.5,279,3,10,-0.9959189961471792,0.0902516100310407,37.5,39.5,37.5,37.0,37.96666666666667,True,True
2022-10-07,37.5,280,4,10,-0.994217906893952,0.10738134666416306,37.5,39.5,37.5,37.0,37.96666666666667,True,True
2022-10-08,37.5,281,5,10,-0.9922222094179324,0.12447926388678869,37.5,39.5,38.25,37.0,37.94166666666667,True,True
2022-10-09,37.5,282,6,10,-0.989932495087353,0.141540295217043,37.5,39.0,39.0,37.0,37.891666666666666,True,True
2022-10-10,37.5,283,0,10,-0.9873494423939864,0.15855938510313475,37.5,38.0,39.0,37.0,37.84166666666667,True,True
2022-10-11,37.5,284,1,10,-0.9844738167520923,0.17553149042142777,37.5,37.5,37.5,37.0,37.84166666666667,True,True
2022-10-12,37.5,285,2,10,-0.9813064702716093,0.19245158197082995,37.5,37.5,37.5,37.0,37.84166666666667,True,True
2022-10-13,37.5,286,3,10,-0.9778483415056567,0.20931464596304888,37.5,37.5,37.5,37.0,37.84166666666667,True,True
2022-10-14,37.5,287,4,10,-0.9741004551724206,0.22611568550828803,37.5,37.5,37.5,37.0,37.84166666666667,True,True
2022-10-15,37.5,288,5,10,-0.970063921851507,0.2428497220959358,37.5,37.5,37.5,36.75,37.84166666666667,True,True
2022-10-16,37.5,289,6,10,-0.965739937654855,0.25951179706979943,37.5,37.5,37.5,36.75,37.84166666666667,True,True
2022-10-17,37.5,290,0,10,-0.9611297838723007,0.27609697309746883,37.5,37.5,37.5,36.75,37.84166666666667,True,True
2022-10-18,37.5,291,1,10,-0.9562348265919058,0.2926003356333479,37.5,37.5,37.5,36.75,37.84166666666667,True,True
2022-10-19,37.5,292,2,10,-0.9510565162951536,0.30901699437494723,37.5,37.5,37.5,36.75,37.84166666666667,True,True
2022-10-20,37.5,293,3,10,-0.9455963874271428,0.3253420847119795,37.5,37.5,37.5,36.75,37.84166666666667,True,True
2022-10-21,37.5,294,4,10,-0.9398560579418953,0.341570769167856,37.5,37.5,37.5,36.75,37.84166666666667,True,True
2022-10-22,37.5,295,5,10,-0.9338372288229252,0.35769823883312546,37.5,37.5,37.5,36.75,37.84166666666667,True,True
2022-10-23,37.5,296,6,10,-0.9275416835791965,0.3737197147904692,37.5,37.5,37.5,36.75,37.84166666666667,True,True
2022-10-24,37.5,297,0,10,-0.9209712877166347,0.38963044953078774,37.5,37.5,37.5,36.75,37.84166666666667,True,True
2022-10-25,37.5,298,1,10,-0.9141279881853337,0.4054257283599973,37.5,37.5,37.5,36.75,37.84166666666667,True,True
2022-10-26,37.5,299,2,10,-0.9070138128026362,0.42110087079608916,37.5,37.5,38.0,36.75,37.825,True,True
2022-10-27,37.5,300,3,10,-0.8996308696522434,0.4366512319560638,37.5,37.5,38.25,36.75,37.8,True,True
2022-10-28,37.5,301,4,10,-0.8919813464595487,0.45207220393230374,37.5,37.5,38.5,36.75,37.766666666666666,True,True
2022-10-29,37.5,302,5,10,-0.8840675099433637,0.46735921715800205,37.5,37.5,39.5,36.75,37.7,True,True
2022-10-30,37.5,303,6,10,-0.8758917051442433,0.48250774176121763,37.5,37.5,39.5,36.75,37.63333333333333,True,True
2022-10-31,37.5,304,0,10,-0.8674563547295971,0.4975132889071803,37.5,37.5,39.5,36.75,37.56666666666667,True,True
2022-11-01,37.5,305,1,11,-0.858763958275803,0.5123714121284235,37.5,37.5,39.0,36.75,37.516666666666666,True,True
2022-11-02,37.5,306,2,11,-0.8498170915275277,0.5270777086423724,37.5,37.5,38.0,36.75,37.5,True,True
2022-11-03,37.5,307,3,11,-0.8406184056344783,0.5416278206559811,37.5,37.5,37.5,36.75,37.5,True,True
2022-11-04,37.5,308,4,11,-0.8311706263658079,0.5560174366570446,37.5,37.5,37.5,37.0,37.5,True,True
2022-11-05,37.5,309,5,11,-0.8214765533024145,0.5702422926917867,37.5,37.5,37.5,37.0,37.5,True,True
2022-11-06,37.5,310,6,11,-0.8115390590073611,0.5842981736283683,37.5,37.5,37.5,37.0,37.5,True,True
2022-11-07,37.5,311,0,11,-0.801361088174677,0.5981809144059158,37.5,37.5,37.5,37.0,37.5,True,True
2022-11-08,37.5,312,1,11,-0.7909456567567774,0.6118864012687242,37.5,37.5,37.5,36.5,37.5,True,True
2022-11-09,37.5,313,2,11,-0.780295851070776,0.6254105729852457,37.5,37.5,37.5,36.5,37.5,True,True
2022-11-10,37.5,314,3,11,-0.7694148268839381,0.6387494220515268,37.5,37.5,37.5,36.5,37.5,True,True
2022-11-11,37.5,315,4,11,-0.7583058084785625,0.6518989958787125,37.5,37.5,37.5,36.5,37.5,True,True
2022-11-12,37.5,316,5,11,-0.7469720876965551,0.6648553979642866,37.5,37.5,37.5,36.5,37.5,True,True
2022-11-13,37.5,317,6,11,-0.7354170229639858,0.6776147890466887,37.5,37.5,37.5,36.5,37.5,True,True
2022-11-14,37.5,318,0,11,-0.7236440382959124,0.690173388242972,37.5,37.5,37.5,36.5,37.5,True,True
2022-11-15,37.5,319,1,11,-0.711656622281775,0.7025274741691566,37.5,37.5,37.5,36.5,37.5,True,True
2022-11-16,37.5,320,2,11,-0.6994583270516471,0.7146733860429608,37.5,37.5,37.5,36.5,37.5,True,True
2022-11-17,37.5,321,3,11,-0.6870527672236675,0.7266075247685652,37.5,37.5,37.5,36.5,37.5,True,True
2022-11-18,37.5,322,4,11,-0.6744436188329457,0.7383263540031063,37.5,37.5,37.5,36.5,37.5,True,True
2022-11-19,37.5,323,5,11,-0.661634618242279,0.749826401204568,37.5,37.5,37.5,36.5,37.5,True,True
2022-11-20,37.5,324,6,11,-0.6486295610349818,0.7611042586607742,37.5,37.5,37.5,36.5,37.5,True,True
2022-11-21,37.5,325,0,11,-0.6354323008901775,0.7721565844991641,37.5,37.5,37.5,36.5,37.5,True,True
2022-11-22,37.5,326,1,11,-0.622046748440868,0.7829801036770624,37.5,37.5,37.5,36.5,37.5,True,True
2022-11-23,37.5,327,2,11,-0.6084768701151264,0.7935716089521472,37.5,37.5,37.5,36.5,37.5,True,True
2022-11-24,37.5,328,3,11,-0.594726686960764,0.8039279618328208,37.5,37.5,37.5,36.5,37.5,True,True
2022-11-25,37.5,329,4,11,-0.5808002734538013,0.8140460935082175,37.5,37.5,37.5,36.5,37.5,True,True
2022-11-26,37.5,330,5,11,-0.5667017562911184,0.8239230057575536,37.5,37.5,37.5,36.5,37.5,True,True
2022-11-27,37.5,331,6,11,-0.5524353131676203,0.8335557718385695,37.5,37.5,37.5,36.5,37.5,True,True
2022-11-28,37.5,332,0,11,-0.5380051715382992,0.8429415373547832,37.5,37.5,37.5,36.5,37.5,True,True
2022-11-29,37.5,333,1,11,-0.5234156073655503,0.8520775211013093,37.5,37.5,37.5,36.5,37.5,True,True
2022-11-30,37.5,334,2,11,-0.5086709438521042,0.8609610158889945,37.5,37.5,37.5,37.0,37.5,True,True
2022-12-01,37.5,335,3,12,-0.49377555015997737,0.8695893893466109,37.5,37.5,37.5,37.0,37.5,True,True
2022-12-02,37.5,336,4,12,-0.4787338401157883,0.8779600847008883,37.5,37.5,37.5,37.0,37.5,True,True
2022-12-03,37.5,337,5,12,-0.4635502709028512,0.8860706215341378,37.5,37.5,37.5,37.0,37.5,True,True
2022-12-04,37.5,338,6,12,-0.4482293417404106,0.893918596519257,37.5,37.5,37.5,37.0,37.5,True,True
2022-12-05,37.5,339,0,12,-0.4327755925504317,0.9015016841318838,37.5,37.5,37.5,37.0,37.5,True,True
2022-12-06,37.5,340,1,12,-0.41719360261231697,0.9088176373395028,37.5,37.5,37.5,37.0,37.5,True,True
2022-12-07,37.5,341,2,12,-0.4014879892059737,0.9158642882672868,37.5,37.5,37.5,37.0,37.5,True,True
2022-12-08,37.5,342,3,12,-0.38566340624360745,0.9226395488404875,37.5,37.5,37.5,37.0,37.5,True,True
2022-12-09,37.5,343,4,12,-0.3697245428906732,0.9291414114031743,37.5,37.5,37.5,37.0,37.5,True,True
2022-12-10,37.5,344,5,12,-0.3536761221763721,0.935367949313148,37.5,37.5,37.5,37.0,37.5,True,True
2022-12-11,37.5,345,6,12,-0.33752289959411347,0.941317317512847,37.5,37.5,37.5,37.0,37.5,True,True
2022-12-12,37.5,346,0,12,-0.32126966169236515,0.9469877530760751,37.5,37.5,37.5,37.0,37.5,True,True
2022-12-13,37.5,347,1,12,-0.3049212246562894,0.9523775757303973,37.5,37.5,37.5,37.0,37.5,True,True
2022-12-14,37.5,348,2,12,-0.2884824328806098,0.9574851883550389,37.5,37.5,37.5,37.0,37.5,True,True
2022-12-15,37.5,349,3,12,-0.27195815753410524,0.9623090774541487,37.5,37.5,37.5,37.0,37.5,True,True
2022-12-16,37.5,350,4,12,-0.2553532951161881,0.9668478136052773,37.5,37.5,37.5,37.0,37.5,True,True
2022-12-17,37.5,351,5,12,-0.23867276600594997,0.9711000518829505,37.5,37.5,37.5,37.0,37.5,True,True
2022-12-18,37.5,352,6,12,-0.22192151300416674,0.9750645322571945,37.5,37.5,37.5,37.0,37.5,True,True
2022-12-19,37.5,353,0,12,-0.20510449986861926,0.9787400799669153,37.5,37.5,37.5,37.0,37.5,True,True
2022-12-20,37.5,354,1,12,-0.1882267098432439,0.9821256058680006,37.5,37.5,37.5,37.0,37.5,True,True
2022-12-21,37.5,355,2,12,-0.1712931441814778,0.9852201067560606,37.5,37.5,37.5,37.0,37.5,True,True
2022-12-22,37.5,356,3,12,-0.154308820664281,0.9880226656636976,37.5,37.5,37.5,37.0,37.5,True,True
2022-12-23,37.5,357,4,12,-0.13727877211326517,0.9905324521322227,37.5,37.5,37.5,37.0,37.5,True,True
2022-12-24,37.5,358,5,12,-0.12020804489935275,0.9927487224577402,37.5,37.5,37.5,37.5,37.5,True,True
2022-12-25,37.5,359,6,12,-0.10310169744743544,0.9946708199115211,37.5,37.5,37.5,37.5,37.5,True,True
2022-12-26,37.5,360,0,12,-0.0859647987374467,0.9962981749346077,37.5,37.5,37.5,37.5,37.5,True,True
2022-12-27,37.5,361,1,12,-0.06880242680232064,0.9976303053065857,37.5,37.5,37.5,37.5,37.5,True,True
2022-12-28,37.5,362,2,12,-0.05161966722325418,0.9986668162884759,37.5,37.5,37.5,37.5,37.5,True,True
2022-12-29,38.0,363,3,12,-0.034421611622745804,0.9994074007397048,37.5,37.5,37.5,38.5,37.516666666666666,True,True
2022-12-30,38.5,364,4,12,-0.01721335615583528,0.9998518392091162,38.0,37.5,37.5,39.0,37.55,True,True
2022-12-31,38.5,365,5,12,6.432490598706546e-16,1.0,38.5,37.5,37.5,39.0,37.583333333333336,True,True
2023-01-01,37.5,1,6,1,0.017213356155834685,0.9998518392091162,38.5,37.5,37.5,39.0,37.583333333333336,True,True
2023-01-02,37.5,2,0,1,0.03442161162274574,0.9994074007397048,37.5,37.5,37.5,38.0,37.583333333333336,True,True
2023-01-03,37.5,3,1,1,0.051619667223253764,0.998666816288476,37.5,37.5,37.5,38.0,37.583333333333336,True,True
2023-01-04,37.5,4,2,1,0.06880242680231986,0.9976303053065857,37.5,37.5,37.5,38.0,37.583333333333336,True,True
2023-01-05,37.5,5,3,1,0.08596479873744647,0.9962981749346078,37.5,38.0,37.5,37.5,37.583333333333336,True,True
2023-01-06,39.0,6,4,1,0.10310169744743485,0.9946708199115211,37.5,38.5,37.5,37.5,37.63333333333333,True,True
2023-01-07,41.5,7,5,1,0.1202080448993527,0.9927487224577402,39.0,38.5,37.5,37.5,37.766666666666666,True,True
2023-01-08,41.0,8,6,1,0.13727877211326478,0.9905324521322229,41.5,37.5,37.5,37.5,37.88333333333333,True,True
2023-01-09,42.5,9,0,1,0.15430882066428117,0.9880226656636976,41.0,37.5,37.5,37.5,38.05,True,True
2023-01-10,42.5,10,1,1,0.1712931441814776,0.9852201067560606,42.5,37.5,37.5,37.5,38.21666666666667,True,True
2023-01-11,42.5,11,2,1,0.1882267098432442,0.9821256058680006,42.5,37.5,37.5,37.5,38.38333333333333,True,True
2023-01-12,43.0,12,3,1,0.2051044998686192,0.9787400799669153,42.5,37.5,37.5,37.5,38.56666666666667,True,True
2023-01-13,43.5,13,4,1,0.2219215130041655,0.9750645322571948,43.0,39.0,37.5,38.0,38.766666666666666,True,True
2023-01-14,43.5,14,5,1,0.2386727660059501,0.9711000518829505,43.5,41.5,37.5,38.0,38.96666666666667,True,True
2023-01-15,43.5,15,6,1,0.255353295116187,0.9668478136052775,43.5,41.0,37.5,38.5,39.166666666666664,True,True
2023-01-16,43.5,16,0,1,0.2719581575341055,0.9623090774541486,43.5,42.5,37.5,39.0,39.36666666666667,True,True
2023-01-17,43.5,17,1,1,0.288482432880609,0.9574851883550393,43.5,42.5,37.5,40.5,39.56666666666667,True,True
2023-01-18,43.5,18,2,1,0.30492122465628907,0.9523775757303974,43.5,42.5,37.5,42.0,39.766666666666666,True,True
2023-01-19,40.0,19,3,1,0.3212696616923644,0.9469877530760753,43.5,43.0,37.5,42.0,39.85,True,True
2023-01-20,45.0,20,4,1,0.3375228995941133,0.9413173175128471,40.0,43.5,37.5,42.0,40.1,True,True
2023-01-21,44.166666666666664,21,5,1,0.3536761221763716,0.9353679493131483,45.0,43.5,37.5,42.0,40.32222222222222,True,True
2023-01-22,43.333333333333336,22,6,1,0.3697245428906731,0.9291414114031743,44.166666666666664,43.5,37.5,42.0,40.516666666666666,True,True
2023-01-23,42.5,23,0,1,0.38566340624360707,0.9226395488404876,43.333333333333336,43.5,37.5,42.5,40.68333333333333,True,True
2023-01-24,41.666666666666664,24,1,1,0.401487989205973,0.9158642882672872,42.5,43.5,37.5,44.0,40.82222222222222,True,True
2023-01-25,40.833333333333336,25,2,1,0.4171936026123168,0.9088176373395029,41.666666666666664,43.5,37.5,44.0,40.93333333333333,True,True
2023-01-26,40.0,26,3,1,0.4327755925504312,0.901501684131884,40.833333333333336,40.0,37.5,42.5,41.016666666666666,True,True
2023-01-27,39.166666666666664,27,4,1,0.4482293417404106,0.893918596519257,40.0,45.0,37.5,42.5,41.07222222222222,True,True
2023-01-28,38.333333333333336,28,5,1,0.4635502709028509,0.886070621534138,39.166666666666664,44.166666666666664,38.0,42.5,41.083333333333336,True,True
2023-01-29,37.5,29,6,1,0.47873384011578846,0.8779600847008882,38.333333333333336,43.333333333333336,38.5,43.0,41.05,True,True
2023-01-30,37.5,30,0,1,0.49377555015997715,0.869589389346611,37.5,42.5,38.5,43.5,41.016666666666666,True,True
2023-01-31,37.5,31,1,1,0.5086709438521044,0.8609610158889943,37.5,41.666666666666664,37.5,42.9375,41.016666666666666,True,True
2023-02-01,37.5,32,2,2,0.5234156073655503,0.8520775211013093,37.5,40.833333333333336,37.5,42.375,41.016666666666666,True,True
2023-02-02,37.5,33,3,2,0.5380051715382996,0.8429415373547828,37.5,40.0,37.5,41.8125,41.016666666666666,True,True
2023-02-03,37.0,34,4,2,0.5524353131676196,0.8335557718385699,37.5,39.166666666666664,37.5,41.25,41.0,True,True
2023-02-04,37.0,35,5,2,0.5667017562911176,0.8239230057575542,37.0,38.333333333333336,37.5,40.6875,40.983333333333334,True,True
2023-02-05,37.0,36,6,2,0.5808002734538009,0.8140460935082178,37.0,37.5,39.0,40.125,40.916666666666664,True,True
2023-02-06,37.0,37,0,2,0.5947266869607634,0.8039279618328213,37.0,37.5,41.5,39.5625,40.766666666666666,True,True
2023-02-07,37.0,38,1,2,0.6084768701151261,0.7935716089521474,37.0,37.5,41.0,39.0,40.63333333333333,True,True
2023-02-08,37.0,39,2,2,0.6220467484408675,0.7829801036770629,37.0,37.5,42.5,39.0,40.45,True,True
2023-02-09,37.0,40,3,2,0.6354323008901774,0.7721565844991642,37.0,37.5,42.5,39.0,40.266666666666666,True,True
2023-02-10,37.0,41,4,2,0.6486295610349814,0.7611042586607747,37.0,37.0,42.5,38.0,40.083333333333336,True,True
2023-02-11,37.0,42,5,2,0.6616346182422783,0.7498264012045686,37.0,37.0,43.0,38.0,39.88333333333333,True,True
2023-02-12,37.0,43,6,2,0.6744436188329455,0.7383263540031065,37.0,37.0,43.5,38.0,39.666666666666664,True,True
2023-02-13,37.0,44,0,2,0.6870527672236669,0.7266075247685656,37.0,37.0,43.5,38.0,39.45,True,True
2023-02-14,37.0,45,1,2,0.699458327051647,0.7146733860429609,37.0,37.0,43.5,38.0,39.233333333333334,True,True
2023-02-15,37.0,46,2,2,0.7116566222817746,0.7025274741691571,37.0,37.0,43.5,37.5,39.016666666666666,True,True
2023-02-16,37.0,47,3,2,0.7236440382959124,0.6901733882429719,37.0,37.0,43.5,37.5,38.8,True,True
2023-02-17,37.0,48,4,2,0.7354170229639855,0.6776147890466889,37.0,37.0,43.5,37.5,38.583333333333336,True,True
2023-02-18,37.0,49,5,2,0.7469720876965552,0.6648553979642865,37.0,37.0,40.0,37.0,38.483333333333334,True,True
2023-02-19,37.0,50,6,2,0.7583058084785624,0.6518989958787126,37.0,37.0,45.0,37.0,38.21666666666667,True,True
2023-02-20,37.0,51,0,2,0.7694148268839378,0.6387494220515272,37.0,37.0,44.166666666666664,37.0,37.977777777777774,True,True
2023-02-21,37.0,52,1,2,0.7802958510707755,0.6254105729852463,37.0,37.0,43.333333333333336,37.0,37.766666666666666,True,True
2023-02-22,37.0,53,2,2,0.7909456567567772,0.6118864012687243,37.0,37.0,42.5,37.0,37.583333333333336,True,True
2023-02-23,37.0,54,3,2,0.8013610881746766,0.5981809144059165,37.0,37.0,41.666666666666664,37.0,37.42777777777778,True,True
2023-02-24,37.0,55,4,2,0.8115390590073611,0.5842981736283684,37.0,37.0,40.833333333333336,37.0,37.3,True,True
2023-02-25,37.0,56,5,2,0.8214765533024142,0.5702422926917871,37.0,37.0,40.0,37.0,37.2,True,True
2023-02-26,37.0,57,6,2,0.8311706263658079,0.5560174366570446,37.0,37.0,39.166666666666664,37.0,37.12777777777777,True,True
2023-02-27,37.0,58,0,2,0.8406184056344782,0.5416278206559814,37.0,37.0,38.333333333333336,37.0,37.083333333333336,True,True
2023-02-28,37.0,59,1,2,0.8498170915275278,0.5270777086423722,37.0,37.0,37.5,37.5,37.06666666666667,True,True
2023-03-01,37.0,60,2,3,0.8587639582758029,0.5123714121284237,37.0,37.0,37.5,37.5,37.05,True,True
2023-03-02,37.0,61,3,3,0.8674563547295969,0.49751328890718066,37.0,37.0,37.5,37.5,37.03333333333333,True,True
2023-03-03,37.0,62,4,3,0.8758917051442429,0.48250774176121847,37.0,37.0,37.5,37.5,37.016666666666666,True,True
2023-03-04,37.0,63,5,3,0.8840675099433636,0.4673592171580022,37.0,37.0,37.5,37.5,37.0,True,True
2023-03-05,37.0,64,6,3,0.8919813464595485,0.45207220393230435,37.0,37.0,37.0,37.5,37.0,True,True
2023-03-06,37.0,65,0,3,0.8996308696522433,0.43665123195606403,37.0,37.0,37.0,37.5,37.0,True,True
2023-03-07,37.0,66,1,3,0.9070138128026359,0.4211008707960896,37.0,37.0,37.0,37.5,37.0,True,True
2023-03-08,37.0,67,2,3,0.9141279881853337,0.40542572835999735,37.0,37.0,37.0,37.5,37.0,True,True
2023-03-09,37.0,68,3,3,0.9209712877166346,0.38963044953078796,37.0,37.0,37.0,37.5,37.0,True,True
2023-03-10,37.0,69,4,3,0.9275416835791966,0.37371971479046906,37.0,37.0,37.0,37.5,37.0,True,True
2023-03-11,37.0,70,5,3,0.9338372288229252,0.35769823883312546,37.0,37.0,37.0,37.5,37.0,True,True
2023-03-12,37.0,71,6,3,0.9398560579418954,0.3415707691678556,37.0,37.0,37.0,37.5,37.0,True,True
2023-03-13,36.5,72,0,3,0.9455963874271426,0.3253420847119801,37.0,37.0,37.0,37.5,36.983333333333334,True,True
2023-03-14,36.5,73,1,3,0.9510565162951535,0.30901699437494745,36.5,37.0,37.0,37.5,36.96666666666667,True,True
2023-03-15,36.5,74,2,3,0.9562348265919056,0.29260033563334836,36.5,37.0,37.0,37.5,36.95,True,True
2023-03-16,36.5,75,3,3,0.9611297838723007,0.27609697309746883,36.5,37.0,37.0,37.5,36.93333333333333,True,True
2023-03-17,36.5,76,4,3,0.9657399376548549,0.2595117970697999,36.5,37.0,37.0,37.5,36.916666666666664,True,True
2023-03-18,36.5,77,5,3,0.9700639218515071,0.2428497220959356,36.5,37.0,37.0,37.5,36.9,True,True
2023-03-19,36.5,78,6,3,0.9741004551724205,0.22611568550828828,36.5,37.0,37.0,37.5,36.88333333333333,True,True
2023-03-20,36.5,79,0,3,0.9778483415056568,0.20931464596304847,36.5,36.5,37.0,37.5,36.86666666666667,True,True
2023-03-21,36.5,80,1,3,0.9813064702716093,0.19245158197082998,36.5,36.5,37.0,37.5,36.85,True,True
2023-03-22,36.5,81,2,3,0.9844738167520922,0.1755314904214282,36.5,36.5,37.0,37.5,36.833333333333336,True,True
2023-03-23,36.5,82,3,3,0.9873494423939864,0.15855938510313475,36.5,36.5,37.0,37.5,36.81666666666667,True,True
2023-03-24,36.5,83,4,3,0.989932495087353,0.141540295217043,36.5,36.5,37.0,37.5,36.8,True,True
2023-03-25,36.5,84,5,3,0.9922222094179323,0.12447926388678915,36.5,36.5,37.0,37.5,36.78333333333333,True,True
2023-03-26,36.5,85,6,3,0.994217906893952,0.10738134666416309,36.5,36.5,37.0,37.5,36.766666666666666,True,True
2023-03-27,36.5,86,0,3,0.995918996147179,0.09025161003104117,36.5,36.5,37.0,37.5,36.75,True,True
2023-03-28,36.5,87,1,3,0.9973249731081555,0.07309512989807777,36.5,36.5,37.0,37.5,36.733333333333334,True,True
2023-03-29,36.5,88,2,3,0.9984354211555643,0.055916990100603484,36.5,36.5,37.0,37.5,36.71666666666667,True,True
2023-03-30,36.5,89,3,3,0.9992500112396835,0.03872228089217446,36.5,36.5,37.0,37.5,36.7,True,True
2023-03-31,36.25,90,4,3,0.9997685019798909,0.021516097436222254,36.5,36.5,37.0,37.5,36.675,True,True
2023-04-01,36.0,91,5,4,0.9999907397361901,0.004303538296244289,36.25,36.5,37.0,37.5,36.641666666666666,True,True
2023-04-02,36.0,92,6,4,0.9999166586547379,-0.01291029607500882,36.0,36.5,37.0,37.5,36.608333333333334,True,True
2023-04-03,36.0,93,0,4,0.9995462806873573,-0.030120304846908114,36.0,36.5,37.0,37.5,36.575,True,True
2023-04-04,36.0,94,1,4,0.9988797155850336,-0.04732138832243185,36.0,36.5,37.0,37.5,36.541666666666664,True,True
2023-04-05,36.0,95,2,4,0.9979171608653922,-0.06450844944931623,36.0,36.5,37.0,37.5,36.50833333333333,True,True
2023-04-06,36.0,96,3,4,0.9966589017541702,-0.08167639533042241,36.0,36.5,37.0,37.5,36.475,True,True
2023-04-07,36.0,97,4,4,0.9951053111006976,-0.09882013873287143,36.0,36.25,37.0,37.5,36.44166666666667,True,True
2023-04-08,36.0,98,5,4,0.9932568492674143,-0.11593459959550041,36.0,36.0,37.0,37.5,36.40833333333333,True,True
2023-04-09,36.0,99,6,4,0.9911140639934547,-0.1330147065341959,36.0,36.0,37.0,37.5,36.375,True,True
2023-04-10,36.0,100,0,4,0.9886775902323405,-0.1500553983446526,36.0,36.0,37.0,37.5,36.34166666666667,True,True
2023-04-11,35.5,101,1,4,0.9859481499638304,-0.16705162550211924,36.0,36.0,37.0,37.5,36.291666666666664,True,True
2023-04-12,35.5,102,2,4,0.9829265519799822,-0.18399835165768005,35.5,36.0,36.5,37.5,36.25833333333333,True,True
2023-04-13,35.5,103,3,4,0.9796136916454901,-0.20089055513063506,35.5,36.0,36.5,37.5,36.225,True,True
2023-04-14,35.5,104,4,4,0.9760105506323683,-0.21772323039653177,35.5,36.0,36.5,37.5,36.19166666666667,True,True
2023-04-15,35.5,105,5,4,0.9721181966290613,-0.23449138957040985,35.5,36.0,36.5,37.5,36.15833333333333,True,True
2023-04-16,35.5,106,6,4,0.9679377830240642,-0.25119006388481935,35.5,36.0,36.5,37.5,36.125,True,True
2023-04-17,35.5,107,0,4,0.9634705485641488,-0.2678143051621742,35.5,36.0,36.5,37.5,36.09166666666667,True,True
2023-04-18,35.5,108,1,4,0.9587178169872964,-0.2843591872810034,35.5,35.5,36.5,37.5,36.05833333333333,True,True
2023-04-19,35.5,109,2,4,0.9536809966304457,-0.30081980763566735,35.5,35.5,36.5,37.5,36.025,True,True
2023-04-20,35.5,110,3,4,0.9483615800121715,-0.3171912885891061,35.5,35.5,36.5,37.5,35.99166666666667,True,True
2023-04-21,35.5,111,4,4,0.9427611433904207,-0.3334687789181868,35.5,35.5,36.5,37.5,35.958333333333336,True,True
2023-04-22,35.5,112,5,4,0.9368813462954315,-0.3496474552512284,35.5,35.5,36.5,37.5,35.925,True,True
2023-04-23,35.5,113,6,4,0.9307239310379795,-0.36572252349726897,35.5,35.5,36.5,37.5,35.891666666666666,True,True
2023-04-24,35.0,114,0,4,0.9242907221930933,-0.3816892202666588,35.5,35.5,36.5,37.5,35.84166666666667,True,True
2023-04-25,35.0,115,1,4,0.9175836260593937,-0.39754281428255595,35.0,35.5,36.5,37.5,35.791666666666664,True,True
2023-04-26,35.0,116,2,4,0.9106046300942162,-0.4132786077829042,35.0,35.5,36.5,39.0,35.74166666666667,True,True
2023-04-27,36.0,117,3,4,0.9033558023246845,-0.4288919379124835,35.0,35.5,36.5,38.5,35.725,True,True
2023-04-28,37.0,118,4,4,0.895839290734909,-0.4443781781046132,36.0,35.5,36.5,38.0,35.74166666666667,True,True
2023-04-29,37.0,119,5,4,0.8880573226294932,-0.45973273945210397,37.0,35.5,36.5,38.0,35.75833333333333,True,True
2023-04-30,36.5,120,6,4,0.8800122039735357,-0.47495107206704995,37.0,35.5,36.25,38.0,35.766666666666666,True,True
2023-05-01,36.0,121,0,5,0.8717063187093218,-0.4900286664290592,36.5,35.0,36.0,38.0,35.766666666666666,True,True
2023-05-02,36.0,122,1,5,0.8631421280499114,-0.5049610547215204,36.0,35.0,36.0,38.0,35.766666666666666,True,True
2023-05-03,35.5,123,2,5,0.854322169749827,-0.5197438121555155,36.0,35.0,36.0,38.0,35.75,True,True
2023-05-04,35.5,124,3,5,0.8452490573530633,-0.5343725582809786,35.5,36.0,36.0,37.5,35.733333333333334,True,True
2023-05-05,35.5,125,4,5,0.8359254794186372,-0.548842958284719,35.5,37.0,36.0,37.5,35.71666666666667,True,True
2023-05-06,35.5,126,5,5,0.8263541987239096,-0.5631507242749186,35.5,37.0,36.0,37.5,35.7,True,True
2023-05-07,35.5,127,6,5,0.8165380514459161,-0.5772916165517272,35.5,36.5,36.0,37.5,35.68333333333333,True,True
2023-05-08,35.5,128,0,5,0.8064799463209448,-0.5912614448635781,35.5,36.0,36.0,37.5,35.666666666666664,True,True
2023-05-09,35.5,129,1,5,0.7961828637826158,-0.6050560696488488,35.5,36.0,36.0,37.5,35.65,True,True
2023-05-10,35.5,130,2,5,0.7856498550787147,-0.6186714032625031,35.5,35.5,36.0,37.5,35.63333333333333,True,True
2023-05-11,35.5,131,3,5,0.7748840413670407,-0.6321034111873487,35.5,35.5,35.5,37.5,35.63333333333333,True,True
2023-05-12,35.5,132,4,5,0.7638886127905428,-0.6453481132295501,35.5,35.5,35.5,37.5,35.63333333333333,True,True
2023-05-13,35.25,133,5,5,0.7526668275320085,-0.6584015846980488,35.5,35.5,35.5,37.5,35.625,True,True
2023-05-14,35.0,134,6,5,0.7412220108485958,-0.6712599575675313,35.25,35.5,35.5,37.5,35.608333333333334,True,True
2023-05-15,35.0,135,0,5,0.7295575540864875,-0.6839194216246106,35.0,35.5,35.5,37.5,35.59166666666667,True,True
2023-05-16,35.0,136,1,5,0.717676913675962,-0.6963762255968722,35.0,35.5,35.5,37.5,35.575,True,True
2023-05-17,35.0,137,2,5,0.705583610107178,-0.7086266782644596,35.0,35.5,35.5,37.5,35.55833333333333,True,True
2023-05-18,35.0,138,3,5,0.6932812268869777,-0.7206671495538609,35.0,35.5,35.5,37.5,35.541666666666664,True,True
2023-05-19,35.0,139,4,5,0.6807734094770161,-0.7324940716135789,35.0,35.5,35.5,37.5,35.525,True,True
2023-05-20,35.0,140,5,5,0.6680638642135335,-0.7441039398713607,35.0,35.25,35.5,37.5,35.50833333333333,True,True
2023-05-21,35.0,141,6,5,0.6551563572090853,-0.7554933140726803,35.0,35.0,35.5,37.5,35.49166666666667,True,True
2023-05-22,35.0,142,0,5,0.6420547132365637,-0.766658819300159,35.0,35.0,35.5,37.5,35.475,True,True
2023-05-23,35.0,143,1,5,0.6287628145958344,-0.7775971469736269,35.0,35.0,35.5,37.5,35.458333333333336,True,True
2023-05-24,35.0,144,2,5,0.6152845999633276,-0.7883050558305255,35.0,35.0,35.0,37.5,35.458333333333336,True,True
2023-05-25,35.0,145,3,5,0.6016240632249226,-0.7987793728863649,35.0,35.0,35.0,37.5,35.458333333333336,True,True
2023-05-26,35.0,146,4,5,0.5877852522924732,-0.8090169943749473,35.0,35.0,35.0,37.5,35.458333333333336,True,True
2023-05-27,35.0,147,5,5,0.5737722679043246,-0.8190148866680801,35.0,35.0,36.0,37.5,35.425,True,True
2023-05-28,35.0,148,6,5,0.5595892624101765,-0.8287700871745038,35.0,35.0,37.0,37.5,35.358333333333334,True,True
2023-05-29,35.0,149,0,5,0.545240438540651,-0.8382797052177744,35.0,35.0,37.0,37.5,35.291666666666664,True,True
2023-05-30,35.0,150,1,5,0.5307300481619334,-0.8475409228928311,35.0,35.0,36.5,37.5,35.24166666666667,True,True
2023-05-31,35.0,151,2,5,0.5160623910158528,-0.8565509959010036,35.0,35.0,36.0,37.5,35.208333333333336,True,True
2023-06-01,34.5,152,3,6,0.5012418134457758,-0.865307254363206,35.0,35.0,36.0,37.5,35.15833333333333,True,True
2023-06-02,34.5,153,4,6,0.48627270710868997,-0.8738071036110808,34.5,35.0,35.5,37.5,35.125,True,True
2023-06-03,34.5,154,5,6,0.4711595076738638,-0.8820480249558537,34.5,35.0,35.5,37.5,35.09166666666667,True,True
2023-06-04,34.5,155,6,6,0.4559066935084588,-0.8900275764346767,34.5,35.0,35.5,37.5,35.05833333333333,True,True
2023-06-05,34.5,156,0,6,0.440518784350495,-0.8977433935342337,34.5,35.0,35.5,37.5,35.025,True,True
2023-06-06,34.5,157,1,6,0.42500033996955416,-0.9051931898913974,34.5,35.0,35.5,37.5,34.99166666666667,True,True
2023-06-07,33.5,158,2,6,0.4093559588156213,-0.9123747579707273,34.5,35.0,35.5,37.5,34.925,True,True
2023-06-08,33.5,159,3,6,0.39359027665646673,-0.9192859697186104,33.5,34.5,35.5,37.5,34.858333333333334,True,True
2023-06-09,33.5,160,4,6,0.3777079652039649,-0.9259247771938498,33.5,34.5,35.5,37.5,34.791666666666664,True,True
2023-06-10,33.5,161,5,6,0.36171373072976765,-0.9322892131745133,33.5,34.5,35.5,37.5,34.725,True,True
2023-06-11,33.5,162,6,6,0.3456123126707335,-0.9383773917408641,33.5,34.5,35.5,37.5,34.65833333333333,True,True
2023-06-12,33.5,163,0,6,0.3294084822245304,-0.9441875088341993,33.5,34.5,35.25,37.5,34.6,True,True
2023-06-13,33.5,164,1,6,0.3131070409358269,-0.9497178427914316,33.5,34.5,35.0,37.5,34.55,True,True
2023-06-14,33.5,165,2,6,0.29671281927349075,-0.9549667548552551,33.5,33.5,35.0,37.5,34.5,True,True
2023-06-15,33.5,166,3,6,0.28023067519921585,-0.9599326896597447,33.5,33.5,35.0,37.5,34.45,True,True
2023-06-16,33.5,167,4,6,0.26366549272800704,-0.9646141756912435,33.5,33.5,35.0,37.5,34.4,True,True
2023-06-17,33.666666666666664,168,5,6,0.24702218048093552,-0.9690098257244062,33.5,33.5,35.0,37.5,34.35555555555556,True,True
2023-06-18,33.833333333333336,169,6,6,0.23030567023061221,-0.9731183372332619,33.666666666666664,33.5,35.0,37.5,34.31666666666667,True,True
2023-06-19,34.0,170,0,6,0.21352091543979612,-0.9769384927771817,33.833333333333336,33.5,35.0,37.5,34.28333333333333,True,True
2023-06-20,34.0,171,1,6,0.19667288979357647,-0.980469160361632,34.0,33.5,35.0,37.5,34.25,True,True
2023-06-21,34.0,172,2,6,0.1797665857255624,-0.9837092937736097,34.0,33.5,35.0,37.5,34.21666666666667,True,True
2023-06-22,33.5,173,3,6,0.16280701293851715,-0.986657932891657,34.0,33.5,35.0,37.5,34.166666666666664,True,True
2023-06-23,33.5,174,4,6,0.1457991969198751,-0.9893142039703663,33.5,33.5,35.0,37.5,34.11666666666667,True,True
2023-06-24,33.5,175,5,6,0.12874817745258132,-0.99167731989929,33.5,33.666666666666664,35.0,37.5,34.06666666666667,True,True
2023-06-25,33.0,176,6,6,0.11165900712169512,-0.993746580436178,33.5,33.833333333333336,35.0,37.5,34.0,True,True
2023-06-26,33.0,177,0,6,0.09453674981719912,-0.9955213724144752,33.0,34.0,35.0,37.5,33.93333333333333,True,True
2023-06-27,33.0,178,1,6,0.07738647923346301,-0.9970011699250151,33.0,34.0,35.0,37.5,33.86666666666667,True,True
2023-06-28,33.0,179,2,6,0.06021327736579302,-0.9981855344718586,33.0,34.0,35.0,37.5,33.8,True,True
2023-06-29,33.0,180,3,6,0.04302223300453059,-0.99907411510223,33.0,33.5,35.0,37.5,33.733333333333334,True,True
2023-06-30,33.0,181,4,6,0.02581844022713308,-0.9996666485105112,33.0,33.5,35.0,37.5,33.666666666666664,True,True
2023-07-01,33.0,182,5,7,0.008606996888688698,-0.9999629591162655,33.0,33.5,34.5,37.5,33.61666666666667,True,True
2023-07-02,33.0,183,6,7,-0.008606996888688009,-0.9999629591162655,33.0,33.0,34.5,37.5,33.56666666666667,True,True
2023-07-03,33.0,184,0,7,-0.02581844022713239,-0.9996666485105112,33.0,33.0,34.5,37.5,33.516666666666666,True,True
2023-07-04,32.5,185,1,7,-0.04302223300453034,-0.99907411510223,33.0,33.0,34.5,37.5,33.45,True,True
2023-07-05,32.5,186,2,7,-0.060213277365792774,-0.9981855344718586,32.5,33.0,34.5,37.5,33.38333333333333,True,True
2023-07-06,32.5,187,3,7,-0.07738647923346322,-0.9970011699250151,32.5,33.0,34.5,37.5,33.31666666666667,True,True
2023-07-07,32.5,188,4,7,-0.09453674981719933,-0.9955213724144752,32.5,33.0,33.5,37.5,33.28333333333333,True,True
2023-07-08,32.5,189,5,7,-0.11165900712169444,-0.9937465804361781,32.5,33.0,33.5,37.5,33.25,True,True
2023-07-09,32.5,190,6,7,-0.12874817745258066,-0.99167731989929,32.5,33.0,33.5,37.5,33.21666666666667,True,True
2023-07-10,33.5,191,0,7,-0.14579919691987442,-0.9893142039703664,32.5,33.0,33.5,37.5,33.21666666666667,True,True
2023-07-11,33.5,192,1,7,-0.16280701293851646,-0.9866579328916572,33.5,32.5,33.5,37.5,33.21666666666667,True,True
2023-07-12,33.5,193,2,7,-0.17976658572556214,-0.9837092937736098,33.5,32.5,33.5,37.5,33.21666666666667,True,True
2023-07-13,33.5,194,3,7,-0.19667288979357622,-0.9804691603616321,33.5,32.5,33.5,37.5,33.21666666666667,True,True
2023-07-14,33.5,195,4,7,-0.2135209154397959,-0.9769384927771817,33.5,32.5,33.5,37.5,33.21666666666667,True,True
2023-07-15,33.5,196,5,7,-0.23030567023061196,-0.973118337233262,33.5,32.5,33.5,37.5,33.21666666666667,True,True
2023-07-16,33.5,197,6,7,-0.24702218048093527,-0.9690098257244063,33.5,32.5,33.5,37.5,33.21666666666667,True,True
2023-07-17,33.0,198,0,7,-0.2636654927280072,-0.9646141756912435,33.5,33.5,33.666666666666664,37.5,33.19444444444444,True,True
2023-07-18,33.0,199,1,7,-0.2802306751992161,-0.9599326896597445,33.0,33.5,33.833333333333336,37.5,33.166666666666664,True,True
2023-07-19,33.0,200,2,7,-0.2967128192734901,-0.9549667548552553,33.0,33.5,34.0,37.5,33.13333333333333,True,True
2023-07-20,33.0,201,3,7,-0.3131070409358267,-0.9497178427914317,33.0,33.5,34.0,37.5,33.1,True,True
2023-07-21,33.0,202,4,7,-0.3294084822245302,-0.9441875088341994,33.0,33.5,34.0,37.5,33.06666666666667,True,True
2023-07-22,33.0,203,5,7,-0.3456123126707333,-0.9383773917408642,33.0,33.5,33.5,37.5,33.05,True,True
2023-07-23,33.0,204,6,7,-0.3617137307297674,-0.9322892131745134,33.0,33.5,33.5,37.5,33.03333333333333,True,True
2023-07-24,33.0,205,0,7,-0.37770796520396466,-0.9259247771938499,33.0,33.0,33.5,37.5,33.016666666666666,True,True
2023-07-25,33.5,206,1,7,-0.39359027665646645,-0.9192859697186105,33.0,33.0,33.0,37.5,33.03333333333333,True,True
2023-07-26,33.5,207,2,7,-0.4093559588156211,-0.9123747579707274,33.5,33.0,33.0,37.5,33.05,True,True
2023-07-27,33.5,208,3,7,-0.42500033996955394,-0.9051931898913975,33.5,33.0,33.0,37.5,33.06666666666667,True,True
2023-07-28,33.5,209,4,7,-0.4405187843504952,-0.8977433935342336,33.5,33.0,33.0,37.5,33.083333333333336,True,True
2023-07-29,33.5,210,5,7,-0.455906693508459,-0.8900275764346766,33.5,33.0,33.0,37.5,33.1,True,True
2023-07-30,33.5,211,6,7,-0.47115950767386394,-0.8820480249558535,33.5,33.0,33.0,37.5,33.11666666666667,True,True
2023-07-31,33.0,212,0,7,-0.4862727071086902,-0.8738071036110807,33.5,33.0,33.0,37.5,33.11666666666667,True,True
2023-08-01,33.0,213,1,8,-0.5012418134457756,-0.8653072543632061,33.0,33.5,33.0,37.5,33.11666666666667,True,True
2023-08-02,33.5,214,2,8,-0.5160623910158526,-0.8565509959010037,33.0,33.5,33.0,37.5,33.13333333333333,True,True
2023-08-03,33.5,215,3,8,-0.5307300481619331,-0.8475409228928312,33.5,33.5,32.5,37.5,33.166666666666664,True,True
2023-08-04,33.5,216,4,8,-0.5452404385406507,-0.8382797052177745,33.5,33.5,32.5,37.5,33.2,True,True
2023-08-05,33.5,217,5,8,-0.5595892624101763,-0.828770087174504,33.5,33.5,32.5,37.5,33.233333333333334,True,True
2023-08-06,33.5,218,6,8,-0.5737722679043243,-0.8190148866680802,33.5,33.5,32.5,37.5,33.266666666666666,True,True
2023-08-07,33.5,219,0,8,-0.5877852522924734,-0.8090169943749472,33.5,33.0,32.5,37.5,33.3,True,True
2023-08-08,33.5,220,1,8,-0.6016240632249227,-0.7987793728863648,33.5,33.0,32.5,37.5,33.333333333333336,True,True
2023-08-09,34.0,221,2,8,-0.6152845999633277,-0.7883050558305253,33.5,33.5,33.5,37.5,33.35,True,True
2023-08-10,34.0,222,3,8,-0.6287628145958345,-0.7775971469736268,34.0,33.5,33.5,37.5,33.36666666666667,True,True
2023-08-11,34.0,223,4,8,-0.6420547132365636,-0.7666588193001592,34.0,33.5,33.5,37.5,33.38333333333333,True,True
2023-08-12,34.0,224,5,8,-0.655156357209085,-0.7554933140726804,34.0,33.5,33.5,37.5,33.4,True,True
2023-08-13,34.0,225,6,8,-0.6680638642135333,-0.7441039398713608,34.0,33.5,33.5,37.5,33.416666666666664,True,True
2023-08-14,34.0,226,0,8,-0.6807734094770159,-0.7324940716135792,34.0,33.5,33.5,37.5,33.43333333333333,True,True
2023-08-15,34.0,227,1,8,-0.6932812268869771,-0.7206671495538615,34.0,33.5,33.5,37.5,33.45,True,True
2023-08-16,34.0,228,2,8,-0.7055836101071774,-0.70862667826446,34.0,34.0,33.0,37.5,33.483333333333334,True,True
2023-08-17,34.0,229,3,8,-0.7176769136759615,-0.6963762255968726,34.0,34.0,33.0,37.5,33.516666666666666,True,True
