pubDate,avgPrice,day_of_year,day_of_week,month,doy_sin,doy_cos,avgPrice_lag_1,avgPrice_lag_7,avgPrice_lag_30,avgPrice_lag_365,avgPrice_MA_30,specInfo_UNKNOWN,prodPcat_进口果
2022-07-20,11.5,201,2,7,-0.3131070409358267,-0.9497178427914317,11.5,11.5,14.0,16.0,11.875,True,True
2022-07-21,11.5,202,3,7,-0.3294084822245302,-0.9441875088341994,11.5,11.5,13.75,16.045454545454547,11.8,True,True
2022-07-22,11.5,203,4,7,-0.3456123126707333,-0.9383773917408642,11.5,11.5,13.5,16.09090909090909,11.733333333333333,True,True
2022-07-23,11.5,204,5,7,-0.3617137307297674,-0.9322892131745134,11.5,11.5,13.25,16.136363636363637,11.675,True,True
2022-07-24,11.5,205,6,7,-0.37770796520396466,-0.9259247771938499,11.5,11.5,13.0,16.181818181818183,11.625,True,True
2022-07-25,11.5,206,0,7,-0.39359027665646645,-0.9192859697186105,11.5,11.5,12.75,16.227272727272727,11.583333333333334,True,True
2022-07-26,11.5,207,1,7,-0.4093559588156211,-0.9123747579707274,11.5,11.5,12.5,16.272727272727273,11.55,True,True
2022-07-27,11.5,208,2,7,-0.42500033996955394,-0.9051931898913975,11.5,11.5,12.25,16.318181818181817,11.525,True,True
2022-07-28,11.5,209,3,7,-0.4405187843504952,-0.8977433935342336,11.5,11.5,12.0,16.363636363636363,11.508333333333333,True,True
2022-07-29,11.5,210,4,7,-0.455906693508459,-0.8900275764346766,11.5,11.5,11.75,16.40909090909091,11.5,True,True
2022-07-30,11.5,211,5,7,-0.47115950767386394,-0.8820480249558535,11.5,11.5,11.5,16.454545454545453,11.5,True,True
2022-07-31,11.5,212,6,7,-0.4862727071086902,-0.8738071036110807,11.5,11.5,11.5,16.5,11.5,True,True
2022-08-01,11.49,213,0,8,-0.5012418134457756,-0.8653072543632061,11.5,11.5,11.5,16.5,11.499666666666666,True,True
2022-08-02,11.48,214,1,8,-0.5160623910158526,-0.8565509959010037,11.49,11.5,11.5,16.5,11.499,True,True
2022-08-03,11.47,215,2,8,-0.5307300481619331,-0.8475409228928312,11.48,11.5,11.5,16.5,11.498,True,True
2022-08-04,11.46,216,3,8,-0.5452404385406507,-0.8382797052177745,11.47,11.5,11.5,16.5,11.496666666666666,True,True
2022-08-05,11.45,217,4,8,-0.5595892624101763,-0.828770087174504,11.46,11.5,11.5,16.5,11.495000000000001,True,True
2022-08-06,11.44,218,5,8,-0.5737722679043243,-0.8190148866680802,11.45,11.5,11.5,16.5,11.493,True,True
2022-08-07,11.43,219,6,8,-0.5877852522924734,-0.8090169943749472,11.44,11.5,11.5,16.5,11.490666666666668,True,True
2022-08-08,11.42,220,0,8,-0.6016240632249227,-0.7987793728863648,11.43,11.49,11.5,16.5,11.488,True,True
2022-08-09,11.41,221,1,8,-0.6152845999633277,-0.7883050558305253,11.42,11.48,11.5,16.5,11.485000000000001,True,True
2022-08-10,11.4,222,2,8,-0.6287628145958345,-0.7775971469736268,11.41,11.47,11.5,16.5,11.481666666666666,True,True
2022-08-11,11.4,223,3,8,-0.6420547132365636,-0.7666588193001592,11.4,11.46,11.5,16.25,11.478333333333333,True,True
2022-08-12,11.4,224,4,8,-0.655156357209085,-0.7554933140726804,11.4,11.45,11.5,16.0,11.475,True,True
2022-08-13,11.4,225,5,8,-0.6680638642135333,-0.7441039398713608,11.4,11.44,11.5,15.75,11.471666666666666,True,True
2022-08-14,11.4,226,6,8,-0.6807734094770159,-0.7324940716135792,11.4,11.43,11.5,15.5,11.468333333333334,True,True
2022-08-15,11.4,227,0,8,-0.6932812268869771,-0.7206671495538615,11.4,11.42,11.5,15.25,11.465,True,True
2022-08-16,11.4,228,1,8,-0.7055836101071774,-0.70862667826446,11.4,11.41,11.5,15.0,11.461666666666668,True,True
2022-08-17,11.4,229,2,8,-0.7176769136759615,-0.6963762255968726,11.4,11.4,11.5,14.75,11.458333333333334,True,True
2022-08-18,11.4,230,3,8,-0.7295575540864876,-0.6839194216246105,11.4,11.4,11.5,14.5,11.455000000000002,True,True
2022-08-19,11.4,231,4,8,-0.7412220108485957,-0.6712599575675315,11.4,11.4,11.5,14.25,11.451666666666666,True,True
2022-08-20,11.4,232,5,8,-0.7526668275320083,-0.6584015846980489,11.4,11.4,11.5,14.0,11.448333333333332,True,True
2022-08-21,11.635714285714286,233,6,8,-0.7638886127905429,-0.64534811322955,11.4,11.4,11.5,13.772727272727273,11.452857142857143,True,True
2022-08-22,11.871428571428572,234,0,8,-0.7748840413670406,-0.6321034111873488,11.635714285714286,11.4,11.5,13.545454545454545,11.465238095238096,True,True
2022-08-23,12.107142857142858,235,1,8,-0.7856498550787144,-0.6186714032625032,11.871428571428572,11.4,11.5,13.318181818181818,11.485476190476192,True,True
2022-08-24,12.342857142857143,236,2,8,-0.7961828637826154,-0.6050560696488494,12.107142857142858,11.4,11.5,13.090909090909092,11.513571428571428,True,True
2022-08-25,12.57857142857143,237,3,8,-0.8064799463209447,-0.5912614448635782,12.342857142857143,11.4,11.5,12.863636363636363,11.54952380952381,True,True
2022-08-26,12.814285714285715,238,4,8,-0.8165380514459157,-0.5772916165517278,12.57857142857143,11.4,11.5,12.636363636363637,11.593333333333334,True,True
2022-08-27,13.05,239,5,8,-0.8263541987239094,-0.5631507242749187,12.814285714285715,11.4,11.5,12.40909090909091,11.645000000000001,True,True
2022-08-28,13.285714285714286,240,6,8,-0.8359254794186365,-0.5488429582847199,13.05,11.635714285714286,11.5,12.181818181818182,11.70452380952381,True,True
2022-08-29,13.521428571428572,241,0,8,-0.8452490573530634,-0.5343725582809785,13.285714285714286,11.871428571428572,11.5,11.954545454545455,11.77190476190476,True,True
2022-08-30,13.757142857142858,242,1,8,-0.8543221697498269,-0.5197438121555157,13.521428571428572,12.107142857142858,11.5,11.727272727272727,11.847142857142858,True,True
2022-08-31,13.992857142857144,243,2,8,-0.8631421280499115,-0.5049610547215202,13.757142857142858,12.342857142857143,11.49,11.5,11.930571428571428,True,True
2022-09-01,14.22857142857143,244,3,9,-0.8717063187093217,-0.4900286664290594,13.992857142857144,12.57857142857143,11.48,11.5,12.022190476190476,True,True
2022-09-02,14.464285714285715,245,4,9,-0.8800122039735356,-0.4749510720670502,14.22857142857143,12.814285714285715,11.47,11.5,12.122000000000002,True,True
2022-09-03,14.700000000000001,246,5,9,-0.888057322629493,-0.4597327394521046,14.464285714285715,13.05,11.46,11.5,12.23,True,True
2022-09-04,14.935714285714287,247,6,9,-0.8958392907349089,-0.4443781781046134,14.700000000000001,13.285714285714286,11.45,11.5,12.346190476190477,True,True
2022-09-05,15.171428571428573,248,0,9,-0.9033558023246842,-0.4288919379124841,14.935714285714287,13.521428571428572,11.44,11.5,12.470571428571429,True,True
2022-09-06,15.407142857142858,249,1,9,-0.9106046300942162,-0.41327860778290443,15.171428571428573,13.757142857142858,11.43,11.5,12.603142857142858,True,True
2022-09-07,15.642857142857144,250,2,9,-0.9175836260593934,-0.3975428142825566,15.407142857142858,13.992857142857144,11.42,11.5,12.743904761904762,True,True
2022-09-08,15.87857142857143,251,3,9,-0.9242907221930934,-0.3816892202666586,15.642857142857144,14.22857142857143,11.41,11.5,12.892857142857142,True,True
2022-09-09,16.114285714285714,252,4,9,-0.9307239310379793,-0.3657225234972692,15.87857142857143,14.464285714285715,11.4,11.5,13.050000000000002,True,True
2022-09-10,16.35,253,5,9,-0.9368813462954315,-0.34964745525122826,16.114285714285714,14.700000000000001,11.4,11.5,13.215,True,True
2022-09-11,16.555,254,6,9,-0.9427611433904206,-0.33346877891818705,16.35,14.935714285714287,11.4,11.625,13.386833333333334,True,True
2022-09-12,16.76,255,0,9,-0.9483615800121716,-0.31719128858910595,16.555,15.171428571428573,11.4,11.75,13.565500000000002,True,True
2022-09-13,16.965,256,1,9,-0.9536809966304455,-0.300819807635668,16.76,15.407142857142858,11.4,11.875,13.751000000000001,True,True
2022-09-14,17.17,257,2,9,-0.9587178169872964,-0.2843591872810036,16.965,15.642857142857144,11.4,12.0,13.943333333333335,True,True
2022-09-15,17.375,258,3,9,-0.9634705485641486,-0.26781430516217486,17.17,15.87857142857143,11.4,12.125,14.1425,True,True
2022-09-16,17.580000000000002,259,4,9,-0.9679377830240642,-0.25119006388481957,17.375,16.114285714285714,11.4,12.25,14.348500000000001,True,True
2022-09-17,17.785,260,5,9,-0.9721181966290612,-0.23449138957041052,17.580000000000002,16.35,11.4,12.375,14.561333333333332,True,True
2022-09-18,17.990000000000002,261,6,9,-0.9760105506323682,-0.21772323039653224,17.785,16.555,11.4,12.5,14.781,True,True
2022-09-19,18.195,262,0,9,-0.9796136916454901,-0.20089055513063528,17.990000000000002,16.76,11.4,12.625,15.0075,True,True
2022-09-20,18.400000000000002,263,1,9,-0.9829265519799822,-0.18399835165767986,18.195,16.965,11.635714285714286,12.75,15.232976190476192,True,True
2022-09-21,18.605,264,2,9,-0.9859481499638303,-0.1670516255021195,18.400000000000002,17.17,11.871428571428572,12.875,15.457428571428572,True,True
2022-09-22,18.810000000000002,265,3,9,-0.9886775902323404,-0.15005539834465262,18.605,17.375,12.107142857142858,13.0,15.680857142857144,True,True
2022-09-23,19.015,266,4,9,-0.9911140639934546,-0.13301470653419636,18.810000000000002,17.580000000000002,12.342857142857143,13.125,15.903261904761907,True,True
2022-09-24,19.22,267,5,9,-0.9932568492674143,-0.11593459959550066,19.015,17.785,12.57857142857143,13.25,16.124642857142856,True,True
2022-09-25,19.425,268,6,9,-0.9951053111006974,-0.09882013873287211,19.22,17.990000000000002,12.814285714285715,13.375,16.345000000000002,True,True
2022-09-26,19.630000000000003,269,0,9,-0.99665890175417,-0.08167639533042288,19.425,18.195,13.05,13.5,16.564333333333334,True,True
2022-09-27,19.835,270,1,9,-0.9979171608653922,-0.06450844944931625,19.630000000000003,18.400000000000002,13.285714285714286,13.625,16.782642857142857,True,True
2022-09-28,20.04,271,2,9,-0.9988797155850335,-0.04732138832243232,19.835,18.605,13.521428571428572,13.75,16.999928571428573,True,True
2022-09-29,20.245,272,3,9,-0.9995462806873573,-0.03012030484690836,20.04,18.810000000000002,13.757142857142858,13.875,17.21619047619048,True,True
2022-09-30,20.450000000000003,273,4,9,-0.9999166586547379,-0.012910296075008843,20.245,19.015,13.992857142857144,14.0,17.431428571428572,True,True
2022-10-01,20.655,274,5,10,-0.9999907397361901,0.004303538296243821,20.450000000000003,19.22,14.22857142857143,14.0,17.645642857142857,True,True
2022-10-02,20.86,275,6,10,-0.9997685019798909,0.021516097436222233,20.655,19.425,14.464285714285715,14.0,17.858833333333337,True,True
2022-10-03,21.065,276,0,10,-0.9992500112396835,0.03872228089217399,20.86,19.630000000000003,14.700000000000001,14.0,18.071,True,True
2022-10-04,21.27,277,1,10,-0.9984354211555643,0.05591699010060302,21.065,19.835,14.935714285714287,14.0,18.28214285714286,True,True
2022-10-05,21.475,278,2,10,-0.9973249731081555,0.07309512989807776,21.27,20.04,15.171428571428573,14.0,18.492261904761904,True,True
2022-10-06,21.68,279,3,10,-0.9959189961471792,0.0902516100310407,21.475,20.245,15.407142857142858,14.0,18.701357142857145,True,True
2022-10-07,21.885,280,4,10,-0.994217906893952,0.10738134666416306,21.68,20.450000000000003,15.642857142857144,14.0,18.909428571428574,True,True
2022-10-08,22.09,281,5,10,-0.9922222094179324,0.12447926388678869,21.885,20.655,15.87857142857143,14.0,19.11647619047619,True,True
2022-10-09,22.295,282,6,10,-0.989932495087353,0.141540295217043,22.09,20.86,16.114285714285714,14.0,19.3225,True,True
2022-10-10,22.5,283,0,10,-0.9873494423939864,0.15855938510313475,22.295,21.065,16.35,14.0,19.5275,True,True
2022-10-11,22.175,284,1,10,-0.9844738167520923,0.17553149042142777,22.5,21.27,16.555,14.0,19.71483333333333,True,True
2022-10-12,21.85,285,2,10,-0.9813064702716093,0.19245158197082995,22.175,21.475,16.76,14.0,19.8845,True,True
2022-10-13,21.525,286,3,10,-0.9778483415056567,0.20931464596304888,21.85,21.68,16.965,14.0,20.0365,True,True
2022-10-14,21.2,287,4,10,-0.9741004551724206,0.22611568550828803,21.525,21.885,17.17,14.0,20.170833333333334,True,True
2022-10-15,20.875,288,5,10,-0.970063921851507,0.2428497220959358,21.2,22.09,17.375,14.0,20.2875,True,True
2022-10-16,20.55,289,6,10,-0.965739937654855,0.25951179706979943,20.875,22.295,17.580000000000002,14.0,20.3865,True,True
2022-10-17,20.225,290,0,10,-0.9611297838723007,0.27609697309746883,20.55,22.5,17.785,14.0,20.46783333333333,True,True
2022-10-18,19.9,291,1,10,-0.9562348265919058,0.2926003356333479,20.225,22.175,17.990000000000002,14.0,20.531499999999998,True,True
2022-10-19,19.575,292,2,10,-0.9510565162951536,0.30901699437494723,19.9,21.85,18.195,14.0,20.5775,True,True
2022-10-20,19.25,293,3,10,-0.9455963874271428,0.3253420847119795,19.575,21.525,18.400000000000002,14.0,20.605833333333337,True,True
2022-10-21,19.297619047619047,294,4,10,-0.9398560579418953,0.341570769167856,19.25,21.2,18.605,14.0,20.628920634920636,True,True
2022-10-22,19.345238095238095,295,5,10,-0.9338372288229252,0.35769823883312546,19.297619047619047,20.875,18.810000000000002,14.0,20.646761904761902,True,True
2022-10-23,19.392857142857142,296,6,10,-0.9275416835791965,0.3737197147904692,19.345238095238095,20.55,19.015,14.0,20.659357142857143,True,True
2022-10-24,19.44047619047619,297,0,10,-0.9209712877166347,0.38963044953078774,19.392857142857142,20.225,19.22,14.0,20.666706349206347,True,True
2022-10-25,19.488095238095237,298,1,10,-0.9141279881853337,0.4054257283599973,19.44047619047619,19.9,19.425,14.0,20.66880952380952,True,True
2022-10-26,19.535714285714285,299,2,10,-0.9070138128026362,0.42110087079608916,19.488095238095237,19.575,19.630000000000003,14.0,20.665666666666667,True,True
2022-10-27,19.583333333333332,300,3,10,-0.8996308696522434,0.4366512319560638,19.535714285714285,19.25,19.835,14.0,20.65727777777778,True,True
2022-10-28,19.63095238095238,301,4,10,-0.8919813464595487,0.45207220393230374,19.583333333333332,19.297619047619047,20.04,14.0,20.643642857142858,True,True
2022-10-29,19.678571428571427,302,5,10,-0.8840675099433637,0.46735921715800205,19.63095238095238,19.345238095238095,20.245,14.0,20.624761904761904,True,True
2022-10-30,19.726190476190474,303,6,10,-0.8758917051442433,0.48250774176121763,19.678571428571427,19.392857142857142,20.450000000000003,14.0,20.60063492063492,True,True
2022-10-31,19.773809523809526,304,0,10,-0.8674563547295971,0.4975132889071803,19.726190476190474,19.44047619047619,20.655,14.0,20.571261904761904,True,True
2022-11-01,19.821428571428573,305,1,11,-0.858763958275803,0.5123714121284235,19.773809523809526,19.488095238095237,20.86,14.0,20.536642857142855,True,True
2022-11-02,19.86904761904762,306,2,11,-0.8498170915275277,0.5270777086423724,19.821428571428573,19.535714285714285,21.065,14.0,20.49677777777778,True,True
2022-11-03,19.916666666666668,307,3,11,-0.8406184056344783,0.5416278206559811,19.86904761904762,19.583333333333332,21.27,14.0,20.451666666666668,True,True
2022-11-04,19.964285714285715,308,4,11,-0.8311706263658079,0.5560174366570446,19.916666666666668,19.63095238095238,21.475,14.0,20.401309523809523,True,True
2022-11-05,20.011904761904763,309,5,11,-0.8214765533024145,0.5702422926917867,19.964285714285715,19.678571428571427,21.68,14.0,20.34570634920635,True,True
2022-11-06,20.05952380952381,310,6,11,-0.8115390590073611,0.5842981736283683,20.011904761904763,19.726190476190474,21.885,14.0,20.284857142857142,True,True
2022-11-07,20.107142857142858,311,0,11,-0.801361088174677,0.5981809144059158,20.05952380952381,19.773809523809526,22.09,14.0,20.2187619047619,True,True
2022-11-08,20.154761904761905,312,1,11,-0.7909456567567774,0.6118864012687242,20.107142857142858,19.821428571428573,22.295,14.0,20.147420634920636,True,True
2022-11-09,20.202380952380953,313,2,11,-0.780295851070776,0.6254105729852457,20.154761904761905,19.86904761904762,22.5,14.0,20.070833333333333,True,True
2022-11-10,20.25,314,3,11,-0.7694148268839381,0.6387494220515268,20.202380952380953,19.916666666666668,22.175,14.0,20.006666666666668,True,True
2022-11-11,20.11875,315,4,11,-0.7583058084785625,0.6518989958787125,20.25,19.964285714285715,21.85,13.9,19.948958333333334,True,True
2022-11-12,19.9875,316,5,11,-0.7469720876965551,0.6648553979642866,20.11875,20.011904761904763,21.525,13.8,19.897708333333338,True,True
2022-11-13,19.85625,317,6,11,-0.7354170229639858,0.6776147890466887,19.9875,20.05952380952381,21.2,13.7,19.852916666666665,True,True
2022-11-14,19.725,318,0,11,-0.7236440382959124,0.690173388242972,19.85625,20.107142857142858,20.875,13.6,19.814583333333335,True,True
2022-11-15,19.59375,319,1,11,-0.711656622281775,0.7025274741691566,19.725,20.154761904761905,20.55,13.5,19.782708333333336,True,True
2022-11-16,19.4625,320,2,11,-0.6994583270516471,0.7146733860429608,19.59375,20.202380952380953,20.225,13.4,19.757291666666667,True,True
2022-11-17,19.33125,321,3,11,-0.6870527672236675,0.7266075247685652,19.4625,20.25,19.9,13.3,19.738333333333337,True,True
2022-11-18,19.2,322,4,11,-0.6744436188329457,0.7383263540031063,19.33125,20.11875,19.575,13.2,19.725833333333334,True,True
2022-11-19,19.06875,323,5,11,-0.661634618242279,0.749826401204568,19.2,19.9875,19.25,13.1,19.719791666666666,True,True
2022-11-20,18.9375,324,6,11,-0.6486295610349818,0.7611042586607742,19.06875,19.85625,19.297619047619047,13.0,19.707787698412698,True,True
2022-11-21,18.80625,325,0,11,-0.6354323008901775,0.7721565844991641,18.9375,19.725,19.345238095238095,13.0,19.689821428571427,True,True
2022-11-22,18.675,326,1,11,-0.622046748440868,0.7829801036770624,18.80625,19.59375,19.392857142857142,13.0,19.665892857142858,True,True
2022-11-23,18.54375,327,2,11,-0.6084768701151264,0.7935716089521472,18.675,19.4625,19.44047619047619,13.0,19.636001984126985,True,True
2022-11-24,18.4125,328,3,11,-0.594726686960764,0.8039279618328208,18.54375,19.33125,19.488095238095237,13.0,19.600148809523812,True,True
2022-11-25,18.28125,329,4,11,-0.5808002734538013,0.8140460935082175,18.4125,19.2,19.535714285714285,13.0,19.558333333333334,True,True
2022-11-26,18.15,330,5,11,-0.5667017562911184,0.8239230057575536,18.28125,19.06875,19.583333333333332,13.0,19.510555555555552,True,True
2022-11-27,18.01875,331,6,11,-0.5524353131676203,0.8335557718385695,18.15,18.9375,19.63095238095238,13.0,19.456815476190478,True,True
2022-11-28,17.8875,332,0,11,-0.5380051715382992,0.8429415373547832,18.01875,18.80625,19.678571428571427,13.0,19.397113095238094,True,True
2022-11-29,17.75625,333,1,11,-0.5234156073655503,0.8520775211013093,17.8875,18.675,19.726190476190474,13.0,19.331448412698414,True,True
2022-11-30,17.625,334,2,11,-0.5086709438521042,0.8609610158889945,17.75625,18.54375,19.773809523809526,13.0,19.25982142857143,True,True
2022-12-01,17.49375,335,3,12,-0.49377555015997737,0.8695893893466109,17.625,18.4125,19.821428571428573,13.0,19.182232142857142,True,True
2022-12-02,17.3625,336,4,12,-0.4787338401157883,0.8779600847008883,17.49375,18.28125,19.86904761904762,13.0,19.098680555555557,True,True
2022-12-03,17.23125,337,5,12,-0.4635502709028512,0.8860706215341378,17.3625,18.15,19.916666666666668,13.0,19.009166666666665,True,True
2022-12-04,17.1,338,6,12,-0.4482293417404106,0.893918596519257,17.23125,18.01875,19.964285714285715,13.0,18.913690476190478,True,True
2022-12-05,16.96875,339,0,12,-0.4327755925504317,0.9015016841318838,17.1,17.8875,20.011904761904763,13.0,18.812251984126984,True,True
2022-12-06,16.8375,340,1,12,-0.41719360261231697,0.9088176373395028,16.96875,17.75625,20.05952380952381,13.0,18.70485119047619,True,True
2022-12-07,16.70625,341,2,12,-0.4014879892059737,0.9158642882672868,16.8375,17.625,20.107142857142858,13.0,18.5914880952381,True,True
2022-12-08,16.575,342,3,12,-0.38566340624360745,0.9226395488404875,16.70625,17.49375,20.154761904761905,13.0,18.4721626984127,True,True
2022-12-09,16.44375,343,4,12,-0.3697245428906732,0.9291414114031743,16.575,17.3625,20.202380952380953,13.0,18.346875,True,True
2022-12-10,16.3125,344,5,12,-0.3536761221763721,0.935367949313148,16.44375,17.23125,20.25,13.0,18.215625,True,True
2022-12-11,16.18125,345,6,12,-0.33752289959411347,0.941317317512847,16.3125,17.1,20.11875,13.0,18.084375,True,True
2022-12-12,16.05,346,0,12,-0.32126966169236515,0.9469877530760751,16.18125,16.96875,19.9875,13.0,17.953125,True,True
2022-12-13,15.91875,347,1,12,-0.3049212246562894,0.9523775757303973,16.05,16.8375,19.85625,13.0,17.821875,True,True
2022-12-14,15.7875,348,2,12,-0.2884824328806098,0.9574851883550389,15.91875,16.70625,19.725,13.0,17.690625,True,True
2022-12-15,15.65625,349,3,12,-0.27195815753410524,0.9623090774541487,15.7875,16.575,19.59375,13.0,17.559375,True,True
2022-12-16,15.524999999999999,350,4,12,-0.2553532951161881,0.9668478136052773,15.65625,16.44375,19.4625,13.0,17.428125,True,True
2022-12-17,15.39375,351,5,12,-0.23867276600594997,0.9711000518829505,15.524999999999999,16.3125,19.33125,13.0,17.296875,True,True
2022-12-18,15.2625,352,6,12,-0.22192151300416674,0.9750645322571945,15.39375,16.18125,19.2,13.0,17.165625,True,True
2022-12-19,15.13125,353,0,12,-0.20510449986861926,0.9787400799669153,15.2625,16.05,19.06875,13.0,17.034375,True,True
2022-12-20,15.0,354,1,12,-0.1882267098432439,0.9821256058680006,15.13125,15.91875,18.9375,13.0,16.903125,True,True
2022-12-21,15.0,355,2,12,-0.1712931441814778,0.9852201067560606,15.0,15.7875,18.80625,13.090909090909092,16.77625,True,True
2022-12-22,15.0,356,3,12,-0.154308820664281,0.9880226656636976,15.0,15.65625,18.675,13.181818181818182,16.65375,True,True
2022-12-23,15.0,357,4,12,-0.13727877211326517,0.9905324521322227,15.0,15.524999999999999,18.54375,13.272727272727273,16.535625,True,True
2022-12-24,15.0,358,5,12,-0.12020804489935275,0.9927487224577402,15.0,15.39375,18.4125,13.363636363636363,16.421875,True,True
2022-12-25,15.0,359,6,12,-0.10310169744743544,0.9946708199115211,15.0,15.2625,18.28125,13.454545454545455,16.3125,True,True
2022-12-26,15.0,360,0,12,-0.0859647987374467,0.9962981749346077,15.0,15.13125,18.15,13.545454545454545,16.2075,True,True
2022-12-27,15.0,361,1,12,-0.06880242680232064,0.9976303053065857,15.0,15.0,18.01875,13.636363636363637,16.106875,True,True
2022-12-28,15.0,362,2,12,-0.05161966722325418,0.9986668162884759,15.0,15.0,17.8875,13.727272727272727,16.010625,True,True
2022-12-29,15.0,363,3,12,-0.034421611622745804,0.9994074007397048,15.0,15.0,17.75625,13.818181818181818,15.91875,True,True
2022-12-30,15.0,364,4,12,-0.01721335615583528,0.9998518392091162,15.0,15.0,17.625,13.90909090909091,15.83125,True,True
2022-12-31,15.0,365,5,12,6.432490598706546e-16,1.0,15.0,15.0,17.49375,14.0,15.748125,True,True
2023-01-01,15.0,1,6,1,0.017213356155834685,0.9998518392091162,15.0,15.0,17.3625,14.016129032258064,15.669375,True,True
2023-01-02,15.0,2,0,1,0.03442161162274574,0.9994074007397048,15.0,15.0,17.23125,14.03225806451613,15.595,True,True
2023-01-03,15.0,3,1,1,0.051619667223253764,0.998666816288476,15.0,15.0,17.1,14.048387096774194,15.525,True,True
2023-01-04,15.0,4,2,1,0.06880242680231986,0.9976303053065857,15.0,15.0,16.96875,14.064516129032258,15.459375,True,True
2023-01-05,15.0,5,3,1,0.08596479873744647,0.9962981749346078,15.0,15.0,16.8375,14.080645161290322,15.398125,True,True
2023-01-06,15.0,6,4,1,0.10310169744743485,0.9946708199115211,15.0,15.0,16.70625,14.096774193548388,15.34125,True,True
2023-01-07,15.0,7,5,1,0.1202080448993527,0.9927487224577402,15.0,15.0,16.575,14.112903225806452,15.28875,True,True
2023-01-08,15.0,8,6,1,0.13727877211326478,0.9905324521322229,15.0,15.0,16.44375,14.129032258064516,15.240625,True,True
2023-01-09,15.0,9,0,1,0.15430882066428117,0.9880226656636976,15.0,15.0,16.3125,14.14516129032258,15.196875,True,True
2023-01-10,15.0,10,1,1,0.1712931441814776,0.9852201067560606,15.0,15.0,16.18125,14.161290322580646,15.1575,True,True
2023-01-11,15.0,11,2,1,0.1882267098432442,0.9821256058680006,15.0,15.0,16.05,14.17741935483871,15.1225,True,True
2023-01-12,15.0,12,3,1,0.2051044998686192,0.9787400799669153,15.0,15.0,15.91875,14.193548387096774,15.091875,True,True
2023-01-13,15.0,13,4,1,0.2219215130041655,0.9750645322571948,15.0,15.0,15.7875,14.209677419354838,15.065625,True,True
2023-01-14,15.0,14,5,1,0.2386727660059501,0.9711000518829505,15.0,15.0,15.65625,14.225806451612904,15.04375,True,True
2023-01-15,15.0,15,6,1,0.255353295116187,0.9668478136052775,15.0,15.0,15.524999999999999,14.241935483870968,15.026250000000001,True,True
2023-01-16,15.0,16,0,1,0.2719581575341055,0.9623090774541486,15.0,15.0,15.39375,14.258064516129032,15.013125,True,True
2023-01-17,15.0,17,1,1,0.288482432880609,0.9574851883550393,15.0,15.0,15.2625,14.274193548387096,15.004375000000001,True,True
2023-01-18,15.0,18,2,1,0.30492122465628907,0.9523775757303974,15.0,15.0,15.13125,14.290322580645162,15.0,True,True
2023-01-19,15.0,19,3,1,0.3212696616923644,0.9469877530760753,15.0,15.0,15.0,14.306451612903226,15.0,True,True
2023-01-20,15.0,20,4,1,0.3375228995941133,0.9413173175128471,15.0,15.0,15.0,14.32258064516129,15.0,True,True
2023-01-21,15.0,21,5,1,0.3536761221763716,0.9353679493131483,15.0,15.0,15.0,14.338709677419354,15.0,True,True
2023-01-22,15.0,22,6,1,0.3697245428906731,0.9291414114031743,15.0,15.0,15.0,14.35483870967742,15.0,True,True
2023-01-23,15.0,23,0,1,0.38566340624360707,0.9226395488404876,15.0,15.0,15.0,14.370967741935484,15.0,True,True
2023-01-24,15.0,24,1,1,0.401487989205973,0.9158642882672872,15.0,15.0,15.0,14.387096774193548,15.0,True,True
2023-01-25,15.0,25,2,1,0.4171936026123168,0.9088176373395029,15.0,15.0,15.0,14.403225806451612,15.0,True,True
2023-01-26,15.0,26,3,1,0.4327755925504312,0.901501684131884,15.0,15.0,15.0,14.419354838709678,15.0,True,True
2023-01-27,15.0,27,4,1,0.4482293417404106,0.893918596519257,15.0,15.0,15.0,14.435483870967742,15.0,True,True
2023-01-28,15.0,28,5,1,0.4635502709028509,0.886070621534138,15.0,15.0,15.0,14.451612903225806,15.0,True,True
2023-01-29,15.0,29,6,1,0.47873384011578846,0.8779600847008882,15.0,15.0,15.0,14.46774193548387,15.0,True,True
2023-01-30,15.0,30,0,1,0.49377555015997715,0.869589389346611,15.0,15.0,15.0,14.483870967741936,15.0,True,True
2023-01-31,15.0,31,1,1,0.5086709438521044,0.8609610158889943,15.0,15.0,15.0,14.5,15.0,True,True
2023-02-01,15.7,32,2,2,0.5234156073655503,0.8520775211013093,15.0,15.0,15.0,14.7,15.023333333333333,True,True
2023-02-02,16.4,33,3,2,0.5380051715382996,0.8429415373547828,15.7,15.0,15.0,14.9,15.069999999999999,True,True
2023-02-03,17.1,34,4,2,0.5524353131676196,0.8335557718385699,16.4,15.0,15.0,15.1,15.139999999999999,True,True
2023-02-04,17.8,35,5,2,0.5667017562911176,0.8239230057575542,17.1,15.0,15.0,15.3,15.233333333333333,True,True
2023-02-05,18.5,36,6,2,0.5808002734538009,0.8140460935082178,17.8,15.0,15.0,15.5,15.35,True,True
2023-02-06,19.2,37,0,2,0.5947266869607634,0.8039279618328213,18.5,15.0,15.0,15.7,15.49,True,True
2023-02-07,19.9,38,1,2,0.6084768701151261,0.7935716089521474,19.2,15.0,15.0,15.9,15.653333333333332,True,True
2023-02-08,20.6,39,2,2,0.6220467484408675,0.7829801036770629,19.9,15.7,15.0,16.1,15.84,True,True
2023-02-09,21.3,40,3,2,0.6354323008901774,0.7721565844991642,20.6,16.4,15.0,16.3,16.05,True,True
2023-02-10,22.0,41,4,2,0.6486295610349814,0.7611042586607747,21.3,17.1,15.0,16.5,16.283333333333335,True,True
2023-02-11,22.7,42,5,2,0.6616346182422783,0.7498264012045686,22.0,17.8,15.0,16.77777777777778,16.54,True,True
2023-02-12,23.4,43,6,2,0.6744436188329455,0.7383263540031065,22.7,18.5,15.0,17.055555555555557,16.82,True,True
2023-02-13,24.1,44,0,2,0.6870527672236669,0.7266075247685656,23.4,19.2,15.0,17.333333333333332,17.123333333333335,True,True
2023-02-14,24.799999999999997,45,1,2,0.699458327051647,0.7146733860429609,24.1,19.9,15.0,17.61111111111111,17.45,True,True
2023-02-15,25.5,46,2,2,0.7116566222817746,0.7025274741691571,24.799999999999997,20.6,15.0,17.88888888888889,17.8,True,True
2023-02-16,26.2,47,3,2,0.7236440382959124,0.6901733882429719,25.5,21.3,15.0,18.166666666666668,18.173333333333332,True,True
2023-02-17,26.9,48,4,2,0.7354170229639855,0.6776147890466889,26.2,22.0,15.0,18.444444444444443,18.57,True,True
2023-02-18,27.6,49,5,2,0.7469720876965552,0.6648553979642865,26.9,22.7,15.0,18.72222222222222,18.99,True,True
2023-02-19,28.299999999999997,50,6,2,0.7583058084785624,0.6518989958787126,27.6,23.4,15.0,19.0,19.433333333333334,True,True
2023-02-20,29.0,51,0,2,0.7694148268839378,0.6387494220515272,28.299999999999997,24.1,15.0,19.27777777777778,19.9,True,True
2023-02-21,28.75,52,1,2,0.7802958510707755,0.6254105729852463,29.0,24.799999999999997,15.0,19.555555555555557,20.358333333333334,True,True
2023-02-22,28.5,53,2,2,0.7909456567567772,0.6118864012687243,28.75,25.5,15.0,19.833333333333332,20.808333333333334,True,True
2023-02-23,28.25,54,3,2,0.8013610881746766,0.5981809144059165,28.5,26.2,15.0,20.11111111111111,21.25,True,True
2023-02-24,28.0,55,4,2,0.8115390590073611,0.5842981736283684,28.25,26.9,15.0,20.38888888888889,21.683333333333334,True,True
2023-02-25,27.75,56,5,2,0.8214765533024142,0.5702422926917871,28.0,27.6,15.0,20.666666666666668,22.108333333333334,True,True
2023-02-26,27.5,57,6,2,0.8311706263658079,0.5560174366570446,27.75,28.299999999999997,15.0,20.944444444444443,22.525,True,True
2023-02-27,27.25,58,0,2,0.8406184056344782,0.5416278206559814,27.5,29.0,15.0,21.22222222222222,22.933333333333334,True,True
2023-02-28,27.0,59,1,2,0.8498170915275278,0.5270777086423722,27.25,28.75,15.0,21.5,23.333333333333332,True,True
2023-03-01,26.7,60,2,3,0.8587639582758029,0.5123714121284237,27.0,28.5,15.0,21.5,23.723333333333333,True,True
2023-03-02,26.4,61,3,3,0.8674563547295969,0.49751328890718066,26.7,28.25,15.0,21.5,24.103333333333335,True,True
2023-03-03,26.1,62,4,3,0.8758917051442429,0.48250774176121847,26.4,28.0,15.7,21.5,24.45,True,True
2023-03-04,25.8,63,5,3,0.8840675099433636,0.4673592171580022,26.1,27.75,16.4,21.5,24.763333333333332,True,True
2023-03-05,25.5,64,6,3,0.8919813464595485,0.45207220393230435,25.8,27.5,17.1,21.5,25.043333333333333,True,True
2023-03-06,25.2,65,0,3,0.8996308696522433,0.43665123195606403,25.5,27.25,17.8,21.5,25.29,True,True
2023-03-07,24.9,66,1,3,0.9070138128026359,0.4211008707960896,25.2,27.0,18.5,21.5,25.503333333333334,True,True
2023-03-08,24.6,67,2,3,0.9141279881853337,0.40542572835999735,24.9,26.7,19.2,21.5,25.683333333333334,True,True
2023-03-09,24.3,68,3,3,0.9209712877166346,0.38963044953078796,24.6,26.4,19.9,21.5,25.83,True,True
2023-03-10,24.0,69,4,3,0.9275416835791966,0.37371971479046906,24.3,26.1,20.6,21.5,25.94333333333333,True,True
2023-03-11,23.65,70,5,3,0.9338372288229252,0.35769823883312546,24.0,25.8,21.3,21.3,26.021666666666665,True,True
2023-03-12,23.3,71,6,3,0.9398560579418954,0.3415707691678556,23.65,25.5,22.0,21.1,26.064999999999998,True,True
2023-03-13,22.95,72,0,3,0.9455963874271426,0.3253420847119801,23.3,25.2,22.7,20.9,26.073333333333334,True,True
2023-03-14,22.6,73,1,3,0.9510565162951535,0.30901699437494745,22.95,24.9,23.4,20.7,26.046666666666667,True,True
2023-03-15,22.25,74,2,3,0.9562348265919056,0.29260033563334836,22.6,24.6,24.1,20.5,25.985,True,True
2023-03-16,21.9,75,3,3,0.9611297838723007,0.27609697309746883,22.25,24.3,24.799999999999997,20.3,25.888333333333332,True,True
2023-03-17,21.55,76,4,3,0.9657399376548549,0.2595117970697999,21.9,24.0,25.5,20.1,25.756666666666664,True,True
2023-03-18,21.2,77,5,3,0.9700639218515071,0.2428497220959356,21.55,23.65,26.2,19.9,25.59,True,True
2023-03-19,20.85,78,6,3,0.9741004551724205,0.22611568550828828,21.2,23.3,26.9,19.7,25.388333333333332,True,True
2023-03-20,20.5,79,0,3,0.9778483415056568,0.20931464596304847,20.85,22.95,27.6,19.5,25.151666666666667,True,True
2023-03-21,20.595238095238095,80,1,3,0.9813064702716093,0.19245158197082998,20.5,22.6,28.299999999999997,19.5,24.89484126984127,True,True
2023-03-22,20.69047619047619,81,2,3,0.9844738167520922,0.1755314904214282,20.595238095238095,22.25,29.0,19.5,24.61785714285714,True,True
2023-03-23,20.785714285714285,82,3,3,0.9873494423939864,0.15855938510313475,20.69047619047619,21.9,28.75,19.5,24.35238095238095,True,True
2023-03-24,20.88095238095238,83,4,3,0.989932495087353,0.141540295217043,20.785714285714285,21.55,28.5,19.5,24.098412698412698,True,True
2023-03-25,20.976190476190474,84,5,3,0.9922222094179323,0.12447926388678915,20.88095238095238,21.2,28.25,19.5,23.85595238095238,True,True
2023-03-26,21.071428571428573,85,6,3,0.994217906893952,0.10738134666416309,20.976190476190474,20.85,28.0,19.5,23.625,True,True
2023-03-27,21.166666666666668,86,0,3,0.995918996147179,0.09025161003104117,21.071428571428573,20.5,27.75,19.5,23.405555555555555,True,True
2023-03-28,21.261904761904763,87,1,3,0.9973249731081555,0.07309512989807777,21.166666666666668,20.595238095238095,27.5,19.5,23.19761904761905,True,True
2023-03-29,21.357142857142858,88,2,3,0.9984354211555643,0.055916990100603484,21.261904761904763,20.69047619047619,27.25,19.5,23.001190476190473,True,True
2023-03-30,21.452380952380953,89,3,3,0.9992500112396835,0.03872228089217446,21.357142857142858,20.785714285714285,27.0,19.5,22.81626984126984,True,True
2023-03-31,21.547619047619047,90,4,3,0.9997685019798909,0.021516097436222254,21.452380952380953,20.88095238095238,26.7,19.5,22.64452380952381,True,True
2023-04-01,21.642857142857142,91,5,4,0.9999907397361901,0.004303538296244289,21.547619047619047,20.976190476190474,26.4,19.4,22.48595238095238,True,True
2023-04-02,21.738095238095237,92,6,4,0.9999166586547379,-0.01291029607500882,21.642857142857142,21.071428571428573,26.1,19.3,22.340555555555557,True,True
2023-04-03,21.833333333333332,93,0,4,0.9995462806873573,-0.030120304846908114,21.738095238095237,21.166666666666668,25.8,19.2,22.208333333333332,True,True
2023-04-04,21.928571428571427,94,1,4,0.9988797155850336,-0.04732138832243185,21.833333333333332,21.261904761904763,25.5,19.1,22.089285714285715,True,True
2023-04-05,22.023809523809526,95,2,4,0.9979171608653922,-0.06450844944931623,21.928571428571427,21.357142857142858,25.2,19.0,21.9834126984127,True,True
2023-04-06,22.11904761904762,96,3,4,0.9966589017541702,-0.08167639533042241,22.023809523809526,21.452380952380953,24.9,18.9,21.890714285714285,True,True
2023-04-07,22.214285714285715,97,4,4,0.9951053111006976,-0.09882013873287143,22.11904761904762,21.547619047619047,24.6,18.8,21.811190476190475,True,True
2023-04-08,22.30952380952381,98,5,4,0.9932568492674143,-0.11593459959550041,22.214285714285715,21.642857142857142,24.3,18.7,21.74484126984127,True,True
2023-04-09,22.404761904761905,99,6,4,0.9911140639934547,-0.1330147065341959,22.30952380952381,21.738095238095237,24.0,18.6,21.691666666666666,True,True
2023-04-10,22.5,100,0,4,0.9886775902323405,-0.1500553983446526,22.404761904761905,21.833333333333332,23.65,18.5,21.653333333333332,True,True
2023-04-11,22.55,101,1,4,0.9859481499638304,-0.16705162550211924,22.5,21.928571428571427,23.3,18.25,21.628333333333334,True,True
2023-04-12,22.6,102,2,4,0.9829265519799822,-0.18399835165768005,22.55,22.023809523809526,22.95,18.0,21.616666666666667,True,True
2023-04-13,22.65,103,3,4,0.9796136916454901,-0.20089055513063506,22.6,22.11904761904762,22.6,17.75,21.618333333333332,True,True
2023-04-14,22.7,104,4,4,0.9760105506323683,-0.21772323039653177,22.65,22.214285714285715,22.25,17.5,21.633333333333333,True,True
2023-04-15,22.75,105,5,4,0.9721181966290613,-0.23449138957040985,22.7,22.30952380952381,21.9,17.25,21.66166666666667,True,True
2023-04-16,22.8,106,6,4,0.9679377830240642,-0.25119006388481935,22.75,22.404761904761905,21.55,17.0,21.703333333333333,True,True
2023-04-17,22.85,107,0,4,0.9634705485641488,-0.2678143051621742,22.8,22.5,21.2,16.75,21.758333333333333,True,True
2023-04-18,22.9,108,1,4,0.9587178169872964,-0.2843591872810034,22.85,22.55,20.85,16.5,21.826666666666664,True,True
2023-04-19,22.95,109,2,4,0.9536809966304457,-0.30081980763566735,22.9,22.6,20.5,16.25,21.908333333333335,True,True
2023-04-20,23.0,110,3,4,0.9483615800121715,-0.3171912885891061,22.95,22.65,20.595238095238095,16.0,21.988492063492064,True,True
2023-04-21,23.05,111,4,4,0.9427611433904207,-0.3334687789181868,23.0,22.7,20.69047619047619,16.0,22.06714285714286,True,True
2023-04-22,23.1,112,5,4,0.9368813462954315,-0.3496474552512284,23.05,22.75,20.785714285714285,16.0,22.144285714285715,True,True
2023-04-23,23.15,113,6,4,0.9307239310379795,-0.36572252349726897,23.1,22.8,20.88095238095238,16.0,22.219920634920634,True,True
2023-04-24,23.2,114,0,4,0.9242907221930933,-0.3816892202666588,23.15,22.85,20.976190476190474,16.0,22.294047619047618,True,True
2023-04-25,23.25,115,1,4,0.9175836260593937,-0.39754281428255595,23.2,22.9,21.071428571428573,16.0,22.366666666666667,True,True
2023-04-26,23.3,116,2,4,0.9106046300942162,-0.4132786077829042,23.25,22.95,21.166666666666668,16.0,22.43777777777778,True,True
2023-04-27,23.35,117,3,4,0.9033558023246845,-0.4288919379124835,23.3,23.0,21.261904761904763,16.0,22.507380952380952,True,True
2023-04-28,23.4,118,4,4,0.895839290734909,-0.4443781781046132,23.35,23.05,21.357142857142858,16.0,22.57547619047619,True,True
2023-04-29,23.45,119,5,4,0.8880573226294932,-0.45973273945210397,23.4,23.1,21.452380952380953,16.0,22.642063492063492,True,True
2023-04-30,23.5,120,6,4,0.8800122039735357,-0.47495107206704995,23.45,23.15,21.547619047619047,16.0,22.70714285714286,True,True
2023-05-01,23.0,121,0,5,0.8717063187093218,-0.4900286664290592,23.5,23.2,21.642857142857142,15.85,22.752380952380953,True,True
2023-05-02,22.5,122,1,5,0.8631421280499114,-0.5049610547215204,23.0,23.25,21.738095238095237,15.7,22.77777777777778,True,True
2023-05-03,22.0,123,2,5,0.854322169749827,-0.5197438121555155,22.5,23.3,21.833333333333332,15.55,22.783333333333335,True,True
2023-05-04,21.5,124,3,5,0.8452490573530633,-0.5343725582809786,22.0,23.35,21.928571428571427,15.4,22.76904761904762,True,True
2023-05-05,21.0,125,4,5,0.8359254794186372,-0.548842958284719,21.5,23.4,22.023809523809526,15.25,22.734920634920634,True,True
2023-05-06,20.5,126,5,5,0.8263541987239096,-0.5631507242749186,21.0,23.45,22.11904761904762,15.1,22.68095238095238,True,True
2023-05-07,20.0,127,6,5,0.8165380514459161,-0.5772916165517272,20.5,23.5,22.214285714285715,14.95,22.607142857142858,True,True
2023-05-08,19.5,128,0,5,0.8064799463209448,-0.5912614448635781,20.0,23.0,22.30952380952381,14.8,22.513492063492063,True,True
2023-05-09,19.0,129,1,5,0.7961828637826158,-0.6050560696488488,19.5,22.5,22.404761904761905,14.65,22.4,True,True
2023-05-10,18.5,130,2,5,0.7856498550787147,-0.6186714032625031,19.0,22.0,22.5,14.5,22.266666666666666,True,True
2023-05-11,18.2,131,3,5,0.7748840413670407,-0.6321034111873487,18.5,21.5,22.55,14.476190476190476,22.121666666666666,True,True
2023-05-12,17.9,132,4,5,0.7638886127905428,-0.6453481132295501,18.2,21.0,22.6,14.452380952380953,21.965,True,True
2023-05-13,17.6,133,5,5,0.7526668275320085,-0.6584015846980488,17.9,20.5,22.65,14.428571428571429,21.796666666666667,True,True
2023-05-14,17.3,134,6,5,0.7412220108485958,-0.6712599575675313,17.6,20.0,22.7,14.404761904761905,21.616666666666667,True,True
2023-05-15,17.0,135,0,5,0.7295575540864875,-0.6839194216246106,17.3,19.5,22.75,14.380952380952381,21.425,True,True
2023-05-16,16.7,136,1,5,0.717676913675962,-0.6963762255968722,17.0,19.0,22.8,14.357142857142858,21.221666666666668,True,True
2023-05-17,16.4,137,2,5,0.705583610107178,-0.7086266782644596,16.7,18.5,22.85,14.333333333333334,21.006666666666668,True,True
2023-05-18,16.1,138,3,5,0.6932812268869777,-0.7206671495538609,16.4,18.2,22.9,14.30952380952381,20.779999999999998,True,True
2023-05-19,15.8,139,4,5,0.6807734094770161,-0.7324940716135789,16.1,17.9,22.95,14.285714285714286,20.541666666666668,True,True
2023-05-20,15.5,140,5,5,0.6680638642135335,-0.7441039398713607,15.8,17.6,23.0,14.261904761904763,20.291666666666668,True,True
2023-05-21,15.272727272727273,141,6,5,0.6551563572090853,-0.7554933140726803,15.5,17.3,23.05,14.238095238095237,20.032424242424245,True,True
2023-05-22,15.045454545454545,142,0,5,0.6420547132365637,-0.766658819300159,15.272727272727273,17.0,23.1,14.214285714285714,19.763939393939392,True,True
2023-05-23,14.818181818181818,143,1,5,0.6287628145958344,-0.7775971469736269,15.045454545454545,16.7,23.15,14.19047619047619,19.486212121212123,True,True
2023-05-24,14.590909090909092,144,2,5,0.6152845999633276,-0.7883050558305255,14.818181818181818,16.4,23.2,14.166666666666666,19.199242424242424,True,True
2023-05-25,14.363636363636363,145,3,5,0.6016240632249226,-0.7987793728863649,14.590909090909092,16.1,23.25,14.142857142857142,18.903030303030302,True,True
2023-05-26,14.136363636363637,146,4,5,0.5877852522924732,-0.8090169943749473,14.363636363636363,15.8,23.3,14.119047619047619,18.59757575757576,True,True
2023-05-27,13.90909090909091,147,5,5,0.5737722679043246,-0.8190148866680801,14.136363636363637,15.5,23.35,14.095238095238095,18.28287878787879,True,True
2023-05-28,13.681818181818182,148,6,5,0.5595892624101765,-0.8287700871745038,13.90909090909091,15.272727272727273,23.4,14.071428571428571,17.958939393939392,True,True
2023-05-29,13.454545454545455,149,0,5,0.545240438540651,-0.8382797052177744,13.681818181818182,15.045454545454545,23.45,14.047619047619047,17.625757575757575,True,True
2023-05-30,13.227272727272727,150,1,5,0.5307300481619334,-0.8475409228928311,13.454545454545455,14.818181818181818,23.5,14.023809523809524,17.283333333333335,True,True
2023-05-31,13.0,151,2,5,0.5160623910158528,-0.8565509959010036,13.227272727272727,14.590909090909092,23.0,14.0,16.95,True,True
2023-06-01,12.82,152,3,6,0.5012418134457758,-0.865307254363206,13.0,14.363636363636363,22.5,14.0,16.627333333333333,True,True
2023-06-02,12.64,153,4,6,0.48627270710868997,-0.8738071036110808,12.82,14.136363636363637,22.0,14.0,16.31533333333333,True,True
2023-06-03,12.459999999999999,154,5,6,0.4711595076738638,-0.8820480249558537,12.64,13.90909090909091,21.5,14.0,16.014,True,True
2023-06-04,12.28,155,6,6,0.4559066935084588,-0.8900275764346767,12.459999999999999,13.681818181818182,21.0,14.0,15.723333333333333,True,True
2023-06-05,12.1,156,0,6,0.440518784350495,-0.8977433935342337,12.28,13.454545454545455,20.5,14.0,15.443333333333332,True,True
2023-06-06,11.92,157,1,6,0.42500033996955416,-0.9051931898913974,12.1,13.227272727272727,20.0,14.0,15.174,True,True
2023-06-07,11.74,158,2,6,0.4093559588156213,-0.9123747579707273,11.92,13.0,19.5,14.0,14.915333333333333,True,True
2023-06-08,11.559999999999999,159,3,6,0.39359027665646673,-0.9192859697186104,11.74,12.82,19.0,14.0,14.667333333333334,True,True
2023-06-09,11.379999999999999,160,4,6,0.3777079652039649,-0.9259247771938498,11.559999999999999,12.64,18.5,14.0,14.43,True,True
2023-06-10,11.2,161,5,6,0.36171373072976765,-0.9322892131745133,11.379999999999999,12.459999999999999,18.2,14.0,14.196666666666665,True,True
2023-06-11,11.045,162,6,6,0.3456123126707335,-0.9383773917408641,11.2,12.28,17.9,14.0,13.968166666666667,True,True
2023-06-12,10.889999999999999,163,0,6,0.3294084822245304,-0.9441875088341993,11.045,12.1,17.6,14.0,13.744499999999999,True,True
2023-06-13,10.735,164,1,6,0.3131070409358269,-0.9497178427914316,10.889999999999999,11.92,17.3,14.0,13.525666666666666,True,True
2023-06-14,10.58,165,2,6,0.29671281927349075,-0.9549667548552551,10.735,11.74,17.0,14.0,13.311666666666666,True,True
2023-06-15,10.425,166,3,6,0.28023067519921585,-0.9599326896597447,10.58,11.559999999999999,16.7,14.0,13.1025,True,True
2023-06-16,10.27,167,4,6,0.26366549272800704,-0.9646141756912435,10.425,11.379999999999999,16.4,14.0,12.898166666666667,True,True
2023-06-17,10.115,168,5,6,0.24702218048093552,-0.9690098257244062,10.27,11.2,16.1,14.0,12.698666666666666,True,True
2023-06-18,9.96,169,6,6,0.23030567023061221,-0.9731183372332619,10.115,11.045,15.8,14.0,12.504,True,True
2023-06-19,9.805,170,0,6,0.21352091543979612,-0.9769384927771817,9.96,10.889999999999999,15.5,14.0,12.314166666666665,True,True
2023-06-20,9.65,171,1,6,0.19667288979357647,-0.980469160361632,9.805,10.735,15.272727272727273,14.0,12.126742424242424,True,True
2023-06-21,9.41,172,2,6,0.1797665857255624,-0.9837092937736097,9.65,10.58,15.045454545454545,13.75,11.938893939393939,True,True
2023-06-22,9.17,173,3,6,0.16280701293851715,-0.986657932891657,9.41,10.425,14.818181818181818,13.5,11.750621212121212,True,True
2023-06-23,8.93,174,4,6,0.1457991969198751,-0.9893142039703663,9.17,10.27,14.590909090909092,13.25,11.561924242424244,True,True
2023-06-24,8.69,175,5,6,0.12874817745258132,-0.99167731989929,8.93,10.115,14.363636363636363,13.0,11.37280303030303,True,True
2023-06-25,8.45,176,6,6,0.11165900712169512,-0.993746580436178,8.69,9.96,14.136363636363637,12.75,11.183257575757576,True,True
2023-06-26,8.21,177,0,6,0.09453674981719912,-0.9955213724144752,8.45,9.805,13.90909090909091,12.5,10.993287878787878,True,True
2023-06-27,7.97,178,1,6,0.07738647923346301,-0.9970011699250151,8.21,9.65,13.681818181818182,12.25,10.802893939393938,True,True
2023-06-28,7.73,179,2,6,0.06021327736579302,-0.9981855344718586,7.97,9.41,13.454545454545455,12.0,10.612075757575758,True,True
2023-06-29,7.49,180,3,6,0.04302223300453059,-0.99907411510223,7.73,9.17,13.227272727272727,11.75,10.420833333333333,True,True
2023-06-30,7.25,181,4,6,0.02581844022713308,-0.9996666485105112,7.49,8.93,13.0,11.5,10.229166666666666,True,True
2023-07-01,7.51,182,5,7,0.008606996888688698,-0.9999629591162655,7.25,8.69,12.82,11.5,10.052166666666666,True,True
2023-07-02,7.77,183,6,7,-0.008606996888688009,-0.9999629591162655,7.51,8.45,12.64,11.5,9.889833333333334,True,True
2023-07-03,8.03,184,0,7,-0.02581844022713239,-0.9996666485105112,7.77,8.21,12.459999999999999,11.5,9.742166666666668,True,True
2023-07-04,8.29,185,1,7,-0.04302223300453034,-0.99907411510223,8.03,7.97,12.28,11.5,9.609166666666665,True,True
2023-07-05,8.55,186,2,7,-0.060213277365792774,-0.9981855344718586,8.29,7.73,12.1,11.5,9.490833333333333,True,True
2023-07-06,8.809999999999999,187,3,7,-0.07738647923346322,-0.9970011699250151,8.55,7.49,11.92,11.5,9.387166666666667,True,True
2023-07-07,9.07,188,4,7,-0.09453674981719933,-0.9955213724144752,8.809999999999999,7.25,11.74,11.5,9.298166666666667,True,True
2023-07-08,9.33,189,5,7,-0.11165900712169444,-0.9937465804361781,9.07,7.51,11.559999999999999,11.5,9.223833333333333,True,True
2023-07-09,9.59,190,6,7,-0.12874817745258066,-0.99167731989929,9.33,7.77,11.379999999999999,11.5,9.164166666666667,True,True
2023-07-10,9.85,191,0,7,-0.14579919691987442,-0.9893142039703664,9.59,8.03,11.2,11.5,9.119166666666667,True,True
2023-07-11,9.85,192,1,7,-0.16280701293851646,-0.9866579328916572,9.85,8.29,11.045,11.5,9.079333333333333,True,True
2023-07-12,9.85,193,2,7,-0.17976658572556214,-0.9837092937736098,9.85,8.55,10.889999999999999,11.5,9.044666666666668,True,True
2023-07-13,9.85,194,3,7,-0.19667288979357622,-0.9804691603616321,9.85,8.809999999999999,10.735,11.5,9.015166666666666,True,True
2023-07-14,9.85,195,4,7,-0.2135209154397959,-0.9769384927771817,9.85,9.07,10.58,11.5,8.990833333333335,True,True
2023-07-15,9.85,196,5,7,-0.23030567023061196,-0.973118337233262,9.85,9.33,10.425,11.5,8.971666666666666,True,True
2023-07-16,9.85,197,6,7,-0.24702218048093527,-0.9690098257244063,9.85,9.59,10.27,11.5,8.957666666666666,True,True
2023-07-17,9.85,198,0,7,-0.2636654927280072,-0.9646141756912435,9.85,9.85,10.115,11.5,8.948833333333335,True,True
2023-07-18,9.85,199,1,7,-0.2802306751992161,-0.9599326896597445,9.85,9.85,9.96,11.5,8.945166666666665,True,True
2023-07-19,9.85,200,2,7,-0.2967128192734901,-0.9549667548552553,9.85,9.85,9.805,11.5,8.946666666666667,True,True
2023-07-20,9.85,201,3,7,-0.3131070409358267,-0.9497178427914317,9.85,9.85,9.65,11.5,8.953333333333331,True,True
2023-07-21,9.886363636363637,202,4,7,-0.3294084822245302,-0.9441875088341994,9.85,9.85,9.41,11.5,8.969212121212122,True,True
2023-07-22,9.922727272727272,203,5,7,-0.3456123126707333,-0.9383773917408642,9.886363636363637,9.85,9.17,11.5,8.99430303030303,True,True
2023-07-23,9.959090909090909,204,6,7,-0.3617137307297674,-0.9322892131745134,9.922727272727272,9.85,8.93,11.5,9.02860606060606,True,True
2023-07-24,9.995454545454546,205,0,7,-0.37770796520396466,-0.9259247771938499,9.959090909090909,9.85,8.69,11.5,9.072121212121212,True,True
2023-07-25,10.031818181818181,206,1,7,-0.39359027665646645,-0.9192859697186105,9.995454545454546,9.85,8.45,11.5,9.124848484848485,True,True
2023-07-26,10.068181818181818,207,2,7,-0.4093559588156211,-0.9123747579707274,10.031818181818181,9.85,8.21,11.5,9.186787878787877,True,True
2023-07-27,10.104545454545454,208,3,7,-0.42500033996955394,-0.9051931898913975,10.068181818181818,9.85,7.97,11.5,9.257939393939393,True,True
2023-07-28,10.14090909090909,209,4,7,-0.4405187843504952,-0.8977433935342336,10.104545454545454,9.886363636363637,7.73,11.5,9.33830303030303,True,True
2023-07-29,10.177272727272728,210,5,7,-0.455906693508459,-0.8900275764346766,10.14090909090909,9.922727272727272,7.49,11.5,9.427878787878788,True,True
2023-07-30,10.213636363636363,211,6,7,-0.47115950767386394,-0.8820480249558535,10.177272727272728,9.959090909090909,7.25,11.5,9.526666666666666,True,True
2023-07-31,10.25,212,0,7,-0.4862727071086902,-0.8738071036110807,10.213636363636363,9.995454545454546,7.51,11.5,9.617999999999999,True,True
2023-08-01,10.25,213,1,8,-0.5012418134457756,-0.8653072543632061,10.25,10.031818181818181,7.77,11.49,9.700666666666667,True,True
2023-08-02,10.25,214,2,8,-0.5160623910158526,-0.8565509959010037,10.25,10.068181818181818,8.03,11.48,9.774666666666665,True,True
2023-08-03,10.25,215,3,8,-0.5307300481619331,-0.8475409228928312,10.25,10.104545454545454,8.29,11.47,9.84,True,True
2023-08-04,10.25,216,4,8,-0.5452404385406507,-0.8382797052177745,10.25,10.14090909090909,8.55,11.46,9.896666666666667,True,True
2023-08-05,10.25,217,5,8,-0.5595892624101763,-0.828770087174504,10.25,10.177272727272728,8.809999999999999,11.45,9.944666666666667,True,True
2023-08-06,10.25,218,6,8,-0.5737722679043243,-0.8190148866680802,10.25,10.213636363636363,9.07,11.44,9.984,True,True
2023-08-07,10.25,219,0,8,-0.5877852522924734,-0.8090169943749472,10.25,10.25,9.33,11.43,10.014666666666667,True,True
2023-08-08,10.25,220,1,8,-0.6016240632249227,-0.7987793728863648,10.25,10.25,9.59,11.42,10.036666666666665,True,True
2023-08-09,10.25,221,2,8,-0.6152845999633277,-0.7883050558305253,10.25,10.25,9.85,11.41,10.05,True,True
2023-08-10,10.25,222,3,8,-0.6287628145958345,-0.7775971469736268,10.25,10.25,9.85,11.4,10.063333333333333,True,True
