pubDate,avgPrice,day_of_year,day_of_week,month,doy_sin,doy_cos,avgPrice_lag_1,avgPrice_lag_7,avgPrice_lag_30,avgPrice_lag_365,avgPrice_MA_30,specInfo_瘦,specInfo_肥,prodPcat_猪肉类
2022-07-17,14.45,198,6,7,-0.2636654927280072,-0.9646141756912435,14.5,15.5,10.483333333333334,8.9,13.538333333333332,True,False,True
2022-07-17,12.5,198,6,7,-0.2636654927280072,-0.9646141756912435,12.9,13.5,9.1,7.25,11.884166666666665,False,True,True
2022-07-18,14.4,199,0,7,-0.2802306751992161,-0.9599326896597445,14.45,15.4,10.4,9.3,13.671666666666669,True,False,True
2022-07-18,13.25,199,0,7,-0.2802306751992161,-0.9599326896597445,12.5,13.25,9.1,7.625,12.0225,False,True,True
2022-07-19,14.35,200,1,7,-0.2967128192734901,-0.9549667548552553,14.4,15.25,10.4,9.7,13.803333333333333,True,False,True
2022-07-19,12.25,200,1,7,-0.2967128192734901,-0.9549667548552553,13.25,12.5,9.2,8.0,12.124166666666667,False,True,True
2022-07-20,14.3,201,2,7,-0.3131070409358267,-0.9497178427914317,14.35,15.25,10.75,10.1,13.921666666666665,True,False,True
2022-07-20,12.6,201,2,7,-0.3131070409358267,-0.9497178427914317,12.25,13.0,9.25,8.375,12.235833333333336,False,True,True
2022-07-21,14.25,202,3,7,-0.3294084822245302,-0.9441875088341994,14.3,15.25,10.9,10.5,14.033333333333333,True,False,True
2022-07-21,12.25,202,3,7,-0.3294084822245302,-0.9441875088341994,12.6,13.5,9.75,8.75,12.319166666666668,False,True,True
2022-07-22,14.0,203,4,7,-0.3456123126707333,-0.9383773917408642,14.25,14.25,11.0,10.5,14.133333333333333,True,False,True
2022-07-22,12.25,203,4,7,-0.3456123126707333,-0.9383773917408642,12.25,13.25,9.65,8.5,12.405833333333334,False,True,True
2022-07-23,14.0,204,5,7,-0.3617137307297674,-0.9322892131745134,14.0,14.5,11.25,10.5,14.225,True,False,True
2022-07-23,12.25,204,5,7,-0.3617137307297674,-0.9322892131745134,12.25,12.9,10.2,8.5,12.474166666666667,False,True,True
2022-07-24,12.5,205,6,7,-0.37770796520396466,-0.9259247771938499,12.25,12.5,10.25,8.75,12.549166666666668,False,True,True
2022-07-24,14.0,205,6,7,-0.37770796520396466,-0.9259247771938499,14.0,14.45,11.3,10.75,14.315,True,False,True
2022-07-25,12.5,206,0,7,-0.39359027665646645,-0.9192859697186105,12.5,13.25,10.25,8.25,12.624166666666667,False,True,True
2022-07-25,14.0,206,0,7,-0.39359027665646645,-0.9192859697186105,14.0,14.4,11.5,10.625,14.398333333333333,True,False,True
2022-07-26,12.125,207,1,7,-0.4093559588156211,-0.9123747579707274,12.5,12.25,10.5,8.5,12.678333333333335,False,True,True
2022-07-26,13.75,207,1,7,-0.4093559588156211,-0.9123747579707274,14.0,14.35,11.5,10.5,14.473333333333333,True,False,True
2022-07-27,11.75,208,2,7,-0.42500033996955394,-0.9051931898913975,12.125,12.6,11.5,8.25,12.686666666666667,False,True,True
2022-07-27,13.75,208,2,7,-0.42500033996955394,-0.9051931898913975,13.75,14.3,12.25,10.25,14.523333333333333,True,False,True
2022-07-28,13.35,209,3,7,-0.4405187843504952,-0.8977433935342336,13.75,14.25,12.75,10.0,14.543333333333333,True,False,True
2022-07-28,11.5,209,3,7,-0.4405187843504952,-0.8977433935342336,11.75,12.25,11.6,8.0,12.683333333333334,False,True,True
2022-07-29,13.0,210,4,7,-0.455906693508459,-0.8900275764346766,13.35,14.0,13.5,10.0,14.526666666666667,True,False,True
2022-07-29,11.4,210,4,7,-0.455906693508459,-0.8900275764346766,11.5,12.25,12.35,8.0,12.651666666666667,False,True,True
2022-07-30,14.0,211,5,7,-0.47115950767386394,-0.8820480249558535,13.0,14.0,13.75,10.0,14.535,True,False,True
2022-07-30,12.5,211,5,7,-0.47115950767386394,-0.8820480249558535,11.4,12.25,12.4,8.25,12.655,False,True,True
2022-07-31,12.75,212,6,7,-0.4862727071086902,-0.8738071036110807,12.5,12.5,11.75,9.0,12.688333333333333,False,True,True
2022-07-31,13.75,212,6,7,-0.4862727071086902,-0.8738071036110807,14.0,14.0,13.75,10.75,14.535,True,False,True
2022-08-01,12.125,213,0,8,-0.5012418134457756,-0.8653072543632061,12.75,12.5,11.65,8.5,12.704166666666667,False,True,True
2022-08-01,13.9,213,0,8,-0.5012418134457756,-0.8653072543632061,13.75,14.0,13.75,10.5,14.54,True,False,True
2022-08-02,11.5,214,1,8,-0.5160623910158526,-0.8565509959010037,12.125,12.125,11.6,8.75,12.700833333333332,False,True,True
2022-08-02,13.75,214,1,8,-0.5160623910158526,-0.8565509959010037,13.9,13.75,13.75,10.25,14.54,True,False,True
2022-08-03,12.0,215,2,8,-0.5307300481619331,-0.8475409228928312,11.5,11.75,13.5,8.5,12.650833333333333,False,True,True
2022-08-03,13.5,215,2,8,-0.5307300481619331,-0.8475409228928312,13.75,13.75,14.4,10.25,14.51,True,False,True
2022-08-04,13.5,216,3,8,-0.5452404385406507,-0.8382797052177745,13.5,13.35,15.9,10.25,14.43,True,False,True
2022-08-04,11.5,216,3,8,-0.5452404385406507,-0.8382797052177745,12.0,11.5,13.25,8.5,12.5925,False,True,True
2022-08-05,13.75,217,4,8,-0.5595892624101763,-0.828770087174504,13.5,13.0,16.25,10.25,14.346666666666666,True,False,True
2022-08-05,11.75,217,4,8,-0.5595892624101763,-0.828770087174504,11.5,11.4,14.25,8.5,12.509166666666665,False,True,True
2022-08-06,11.75,218,5,8,-0.5737722679043243,-0.8190148866680802,11.75,12.5,13.75,9.25,12.442499999999999,False,True,True
2022-08-06,13.5,218,5,8,-0.5737722679043243,-0.8190148866680802,13.75,14.0,16.0,10.5,14.263333333333332,True,False,True
2022-08-07,11.75,219,6,8,-0.5877852522924734,-0.8090169943749472,11.75,12.75,13.375,9.25,12.388333333333332,False,True,True
2022-08-07,13.75,219,6,8,-0.5877852522924734,-0.8090169943749472,13.5,13.75,15.75,10.5,14.196666666666665,True,False,True
2022-08-08,13.75,220,0,8,-0.6016240632249227,-0.7987793728863648,13.75,13.9,15.5,10.0,14.138333333333332,True,False,True
2022-08-08,12.75,220,0,8,-0.6016240632249227,-0.7987793728863648,11.75,12.125,13.0,8.25,12.379999999999999,False,True,True
2022-08-09,12.45,221,1,8,-0.6152845999633277,-0.7883050558305253,12.75,11.5,13.5,8.0,12.344999999999999,False,True,True
2022-08-09,13.75,221,1,8,-0.6152845999633277,-0.7883050558305253,13.75,13.75,15.5,10.0,14.08,True,False,True
2022-08-10,12.15,222,2,8,-0.6287628145958345,-0.7775971469736268,12.45,12.0,13.25,7.75,12.308333333333334,False,True,True
2022-08-10,13.75,222,2,8,-0.6287628145958345,-0.7775971469736268,13.75,13.5,15.4,9.875,14.025,True,False,True
2022-08-11,13.5,223,3,8,-0.6420547132365636,-0.7666588193001592,13.75,13.5,15.25,9.75,13.966666666666667,True,False,True
2022-08-11,12.35,223,3,8,-0.6420547132365636,-0.7666588193001592,12.15,11.5,12.5,7.5,12.303333333333333,False,True,True
2022-08-12,13.5,224,4,8,-0.655156357209085,-0.7554933140726804,13.5,13.75,15.25,9.75,13.908333333333333,True,False,True
2022-08-12,12.1,224,4,8,-0.655156357209085,-0.7554933140726804,12.35,11.75,13.0,7.5,12.273333333333333,False,True,True
2022-08-13,11.5,225,5,8,-0.6680638642135333,-0.7441039398713608,12.1,11.75,13.5,7.75,12.206666666666667,False,True,True
2022-08-13,13.5,225,5,8,-0.6680638642135333,-0.7441039398713608,13.5,13.5,15.25,9.75,13.85,True,False,True
2022-08-14,11.5,226,6,8,-0.6807734094770159,-0.7324940716135792,11.5,11.75,13.25,8.0,12.148333333333333,False,True,True
2022-08-14,13.25,226,6,8,-0.6807734094770159,-0.7324940716135792,13.5,13.75,14.25,10.0,13.816666666666666,True,False,True
2022-08-15,11.5,227,0,8,-0.6932812268869771,-0.7206671495538615,11.5,12.75,12.9,8.0,12.101666666666667,False,True,True
2022-08-15,13.25,227,0,8,-0.6932812268869771,-0.7206671495538615,13.25,13.75,14.5,10.25,13.775,True,False,True
2022-08-16,12.1,228,1,8,-0.7055836101071774,-0.70862667826446,11.5,12.45,12.5,9.25,12.088333333333333,False,True,True
2022-08-16,13.125,228,1,8,-0.7055836101071774,-0.70862667826446,13.25,13.75,14.45,10.5,13.730833333333333,True,False,True
2022-08-17,11.5,229,2,8,-0.7176769136759615,-0.6963762255968726,12.1,12.15,13.25,8.0,12.03,False,True,True
2022-08-17,13.0,229,2,8,-0.7176769136759615,-0.6963762255968726,13.125,13.75,14.4,10.0,13.684166666666666,True,False,True
2022-08-18,12.0,230,3,8,-0.7295575540864876,-0.6839194216246105,11.5,12.35,12.25,8.0,12.021666666666667,False,True,True
2022-08-18,13.25,230,3,8,-0.7295575540864876,-0.6839194216246105,13.0,13.5,14.35,9.75,13.6475,True,False,True
2022-08-19,13.75,231,4,8,-0.7412220108485957,-0.6712599575675315,13.25,13.5,14.3,9.75,13.629166666666666,True,False,True
2022-08-19,12.5,231,4,8,-0.7412220108485957,-0.6712599575675315,12.0,12.1,12.6,7.5,12.018333333333333,False,True,True
2022-08-20,12.0,232,5,8,-0.7526668275320083,-0.6584015846980489,12.5,11.5,12.25,7.25,12.009999999999998,False,True,True
2022-08-20,13.75,232,5,8,-0.7526668275320083,-0.6584015846980489,13.75,13.5,14.25,9.75,13.6125,True,False,True
2022-08-21,13.75,233,6,8,-0.7638886127905429,-0.64534811322955,13.75,13.25,14.0,9.75,13.604166666666666,True,False,True
2022-08-21,12.75,233,6,8,-0.7638886127905429,-0.64534811322955,12.0,11.5,12.25,7.5,12.026666666666666,False,True,True
2022-08-22,13.75,234,0,8,-0.7748840413670406,-0.6321034111873488,13.75,13.25,14.0,9.75,13.595833333333333,True,False,True
2022-08-22,12.5,234,0,8,-0.7748840413670406,-0.6321034111873488,12.75,11.5,12.25,7.4,12.034999999999998,False,True,True
2022-08-23,13.75,235,1,8,-0.7856498550787144,-0.6186714032625032,13.75,13.125,14.0,9.75,13.5875,True,False,True
2022-08-23,12.75,235,1,8,-0.7856498550787144,-0.6186714032625032,12.5,12.1,12.5,7.5,12.043333333333331,False,True,True
2022-08-24,14.5,236,2,8,-0.7961828637826154,-0.6050560696488494,13.75,13.0,14.0,9.75,13.604166666666666,True,False,True
2022-08-24,13.0,236,2,8,-0.7961828637826154,-0.6050560696488494,12.75,11.5,12.5,8.0,12.059999999999999,False,True,True
2022-08-25,13.0,237,3,8,-0.8064799463209447,-0.5912614448635782,13.0,12.0,12.125,8.25,12.089166666666666,False,True,True
2022-08-25,14.5,237,3,8,-0.8064799463209447,-0.5912614448635782,14.5,13.25,13.75,9.5,13.629166666666666,True,False,True
2022-08-26,12.75,238,4,8,-0.8165380514459157,-0.5772916165517278,13.0,12.5,11.75,8.5,12.122499999999999,False,True,True
2022-08-26,14.0,238,4,8,-0.8165380514459157,-0.5772916165517278,14.5,13.75,13.75,9.5,13.6375,True,False,True
2022-08-27,13.2,239,5,8,-0.8263541987239094,-0.5631507242749187,12.75,12.0,11.5,7.75,12.179166666666667,False,True,True
2022-08-27,14.25,239,5,8,-0.8263541987239094,-0.5631507242749187,14.0,13.75,13.35,9.5,13.667499999999999,True,False,True
2022-08-28,14.5,240,6,8,-0.8359254794186365,-0.5488429582847199,14.25,13.75,13.0,9.5,13.7175,True,False,True
2022-08-28,13.5,240,6,8,-0.8359254794186365,-0.5488429582847199,13.2,12.75,11.4,7.75,12.249166666666667,False,True,True
2022-08-29,13.5,241,0,8,-0.8452490573530634,-0.5343725582809785,13.5,12.5,12.5,7.75,12.2825,False,True,True
2022-08-29,15.0,241,0,8,-0.8452490573530634,-0.5343725582809785,14.5,13.75,14.0,9.5,13.750833333333333,True,False,True
2022-08-30,15.0,242,1,8,-0.8543221697498269,-0.5197438121555157,15.0,13.75,13.75,9.5,13.792499999999999,True,False,True
2022-08-30,13.0,242,1,8,-0.8543221697498269,-0.5197438121555157,13.5,12.75,12.75,7.5,12.290833333333333,False,True,True
2022-08-31,13.0,243,2,8,-0.8631421280499115,-0.5049610547215202,13.0,13.0,12.125,7.5,12.32,False,True,True
2022-08-31,15.0,243,2,8,-0.8631421280499115,-0.5049610547215202,15.0,14.5,13.9,9.25,13.829166666666667,True,False,True
2022-09-01,13.5,244,3,9,-0.8717063187093217,-0.4900286664290594,13.0,13.0,11.5,7.5,12.386666666666667,False,True,True
2022-09-01,14.9,244,3,9,-0.8717063187093217,-0.4900286664290594,15.0,14.5,13.75,9.5,13.867500000000001,True,False,True
2022-09-02,14.75,245,4,9,-0.8800122039735356,-0.4749510720670502,14.9,14.0,13.5,9.25,13.909166666666668,True,False,True
2022-09-02,13.75,245,4,9,-0.8800122039735356,-0.4749510720670502,13.5,12.75,12.0,7.75,12.445,False,True,True
2022-09-03,14.875,246,5,9,-0.888057322629493,-0.4597327394521046,14.75,14.25,13.5,9.25,13.955000000000002,True,False,True
2022-09-03,13.5,246,5,9,-0.888057322629493,-0.4597327394521046,13.75,13.2,11.5,8.0,12.511666666666667,False,True,True
2022-09-04,13.5,247,6,9,-0.8958392907349089,-0.4443781781046134,13.5,13.5,11.75,7.75,12.57,False,True,True
2022-09-04,15.0,247,6,9,-0.8958392907349089,-0.4443781781046134,14.875,14.5,13.75,9.5,13.996666666666668,True,False,True
2022-09-05,13.5,248,0,9,-0.9033558023246842,-0.4288919379124841,13.5,13.5,11.75,7.75,12.628333333333334,False,True,True
2022-09-05,15.0,248,0,9,-0.9033558023246842,-0.4288919379124841,15.0,15.0,13.5,9.5,14.046666666666669,True,False,True
2022-09-06,14.25,249,1,9,-0.9106046300942162,-0.41327860778290443,13.5,13.0,11.75,7.5,12.711666666666668,False,True,True
2022-09-06,15.25,249,1,9,-0.9106046300942162,-0.41327860778290443,15.0,15.0,13.75,9.25,14.096666666666668,True,False,True
2022-09-07,15.0,250,2,9,-0.9175836260593934,-0.3975428142825566,15.25,15.0,13.75,9.0,14.138333333333334,True,False,True
2022-09-07,13.5,250,2,9,-0.9175836260593934,-0.3975428142825566,14.25,13.0,12.75,7.5,12.736666666666668,False,True,True
2022-09-08,13.3,251,3,9,-0.9242907221930934,-0.3816892202666586,13.5,13.5,12.45,7.25,12.764999999999999,False,True,True
2022-09-08,14.75,251,3,9,-0.9242907221930934,-0.3816892202666586,15.0,14.9,13.75,9.0,14.171666666666669,True,False,True
2022-09-09,14.75,252,4,9,-0.9307239310379793,-0.3657225234972692,14.75,14.75,13.75,8.75,14.205000000000002,True,False,True
2022-09-09,13.5,252,4,9,-0.9307239310379793,-0.3657225234972692,13.3,13.75,12.15,7.25,12.809999999999999,False,True,True
2022-09-10,14.75,253,5,9,-0.9368813462954315,-0.34964745525122826,14.75,14.875,13.5,9.0,14.246666666666668,True,False,True
2022-09-10,13.0,253,5,9,-0.9368813462954315,-0.34964745525122826,13.5,13.5,12.35,7.25,12.831666666666667,False,True,True
2022-09-11,15.0,254,6,9,-0.9427611433904206,-0.33346877891818705,14.75,15.0,13.5,8.75,14.296666666666669,True,False,True
2022-09-11,13.4,254,6,9,-0.9427611433904206,-0.33346877891818705,13.0,13.5,12.1,7.1,12.875,False,True,True
2022-09-12,13.0,255,0,9,-0.9483615800121716,-0.31719128858910595,13.4,13.5,11.5,7.0,12.925,False,True,True
2022-09-12,15.0,255,0,9,-0.9483615800121716,-0.31719128858910595,15.0,15.0,13.5,8.75,14.346666666666668,True,False,True
2022-09-13,15.25,256,1,9,-0.9536809966304455,-0.300819807635668,15.0,15.25,13.25,8.75,14.413333333333334,True,False,True
2022-09-13,13.9,256,1,9,-0.9536809966304455,-0.300819807635668,13.0,14.25,11.5,6.85,13.004999999999999,False,True,True
2022-09-14,15.0,257,2,9,-0.9587178169872964,-0.2843591872810036,15.25,15.0,13.25,8.75,14.471666666666668,True,False,True
2022-09-14,13.0,257,2,9,-0.9587178169872964,-0.2843591872810036,13.9,13.5,11.5,7.0,13.055,False,True,True
2022-09-15,15.0,258,3,9,-0.9634705485641486,-0.26781430516217486,15.0,14.75,13.125,8.0,14.534166666666668,True,False,True
2022-09-15,13.5,258,3,9,-0.9634705485641486,-0.26781430516217486,13.0,13.3,12.1,6.75,13.101666666666667,False,True,True
2022-09-16,13.4,259,4,9,-0.9679377830240642,-0.25119006388481957,13.5,13.5,11.5,6.75,13.165000000000001,False,True,True
2022-09-16,15.0,259,4,9,-0.9679377830240642,-0.25119006388481957,15.0,14.75,13.0,8.25,14.600833333333334,True,False,True
2022-09-17,14.75,260,5,9,-0.9721181966290612,-0.23449138957041052,15.0,14.75,13.25,8.0,14.650833333333335,True,False,True
2022-09-17,13.0,260,5,9,-0.9721181966290612,-0.23449138957041052,13.4,13.0,12.0,7.0,13.198333333333334,False,True,True
2022-09-18,15.25,261,6,9,-0.9760105506323682,-0.21772323039653224,14.75,15.0,13.75,8.3,14.700833333333334,True,False,True
2022-09-18,13.9,261,6,9,-0.9760105506323682,-0.21772323039653224,13.0,13.4,12.5,7.0,13.245000000000001,False,True,True
2022-09-19,14.5,262,0,9,-0.9796136916454901,-0.20089055513063528,13.9,13.0,12.0,6.5,13.328333333333335,False,True,True
2022-09-19,15.5,262,0,9,-0.9796136916454901,-0.20089055513063528,15.25,15.0,13.75,8.25,14.759166666666667,True,False,True
2022-09-20,15.5,263,1,9,-0.9829265519799822,-0.18399835165767986,15.5,15.25,13.75,8.4,14.8175,True,False,True
2022-09-20,14.3,263,1,9,-0.9829265519799822,-0.18399835165767986,14.5,13.9,12.75,6.5,13.38,False,True,True
2022-09-21,14.65,264,2,9,-0.9859481499638303,-0.1670516255021195,14.3,13.0,12.5,7.0,13.451666666666666,False,True,True
2022-09-21,15.5,264,2,9,-0.9859481499638303,-0.1670516255021195,15.5,15.0,13.75,8.4,14.875833333333334,True,False,True
2022-09-22,15.75,265,3,9,-0.9886775902323404,-0.15005539834465262,15.5,15.0,13.75,8.4,14.9425,True,False,True
2022-09-22,14.4,265,3,9,-0.9886775902323404,-0.15005539834465262,14.65,13.5,12.75,6.5,13.506666666666668,False,True,True
2022-09-23,14.25,266,4,9,-0.9911140639934546,-0.13301470653419636,14.4,13.4,13.0,6.0,13.548333333333336,False,True,True
2022-09-23,15.75,266,4,9,-0.9911140639934546,-0.13301470653419636,15.75,15.0,14.5,8.25,14.984166666666669,True,False,True
2022-09-24,14.15,267,5,9,-0.9932568492674143,-0.11593459959550066,14.25,13.0,13.0,5.5,13.586666666666668,False,True,True
2022-09-24,15.75,267,5,9,-0.9932568492674143,-0.11593459959550066,15.75,14.75,14.5,8.0,15.025833333333335,True,False,True
2022-09-25,16.0,268,6,9,-0.9951053111006974,-0.09882013873287211,15.75,15.25,14.0,7.75,15.092500000000001,True,False,True
2022-09-25,14.0,268,6,9,-0.9951053111006974,-0.09882013873287211,14.15,13.9,12.75,6.0,13.628333333333334,False,True,True
2022-09-26,16.0,269,0,9,-0.99665890175417,-0.08167639533042288,16.0,15.5,14.25,8.0,15.150833333333335,True,False,True
2022-09-26,14.0,269,0,9,-0.99665890175417,-0.08167639533042288,14.0,14.5,13.2,6.5,13.655,False,True,True
2022-09-27,14.5,270,1,9,-0.9979171608653922,-0.06450844944931625,14.0,14.3,13.5,7.0,13.688333333333333,False,True,True
2022-09-27,15.75,270,1,9,-0.9979171608653922,-0.06450844944931625,16.0,15.5,14.5,8.5,15.1925,True,False,True
2022-09-28,14.75,271,2,9,-0.9988797155850335,-0.04732138832243232,14.5,14.65,13.5,7.0,13.729999999999999,False,True,True
2022-09-28,16.0,271,2,9,-0.9988797155850335,-0.04732138832243232,15.75,15.5,15.0,8.0,15.225833333333334,True,False,True
2022-09-29,16.0,272,3,9,-0.9995462806873573,-0.03012030484690836,16.0,15.75,15.0,8.0,15.259166666666667,True,False,True
2022-09-29,14.3,272,3,9,-0.9995462806873573,-0.03012030484690836,14.75,14.4,13.0,6.9,13.773333333333333,False,True,True
2022-09-30,15.75,273,4,9,-0.9999166586547379,-0.012910296075008843,16.0,15.75,15.0,8.0,15.284166666666668,True,False,True
2022-09-30,14.25,273,4,9,-0.9999166586547379,-0.012910296075008843,14.3,14.25,13.0,6.325,13.815,False,True,True
2022-10-01,14.5,274,5,10,-0.9999907397361901,0.004303538296243821,14.25,14.15,13.5,5.75,13.848333333333333,False,True,True
2022-10-01,16.0,274,5,10,-0.9999907397361901,0.004303538296243821,15.75,15.75,14.9,8.0,15.320833333333333,True,False,True
2022-10-02,16.0,275,6,10,-0.9997685019798909,0.021516097436222233,16.0,16.0,14.75,8.0,15.3625,True,False,True
2022-10-02,14.25,275,6,10,-0.9997685019798909,0.021516097436222233,14.5,14.0,13.75,5.75,13.865,False,True,True
2022-10-03,16.0,276,0,10,-0.9992500112396835,0.03872228089217399,16.0,16.0,14.875,7.5,15.4,True,False,True
2022-10-03,14.0,276,0,10,-0.9992500112396835,0.03872228089217399,14.25,14.0,13.5,6.0,13.881666666666666,False,True,True
2022-10-04,16.25,277,1,10,-0.9984354211555643,0.05591699010060302,16.0,15.75,15.0,7.25,15.441666666666666,True,False,True
2022-10-04,15.25,277,1,10,-0.9984354211555643,0.05591699010060302,14.0,14.5,13.5,5.5,13.94,False,True,True
2022-10-05,14.25,278,2,10,-0.9973249731081555,0.07309512989807776,15.25,14.75,13.5,5.25,13.965,False,True,True
2022-10-05,16.25,278,2,10,-0.9973249731081555,0.07309512989807776,16.25,16.0,15.0,7.25,15.483333333333333,True,False,True
2022-10-06,16.5,279,3,10,-0.9959189961471792,0.0902516100310407,16.25,16.0,15.25,7.0,15.525,True,False,True
2022-10-06,14.75,279,3,10,-0.9959189961471792,0.0902516100310407,14.25,14.3,14.25,5.75,13.981666666666666,False,True,True
2022-10-07,16.0,280,4,10,-0.994217906893952,0.10738134666416306,14.75,14.25,13.5,6.75,14.065,False,True,True
2022-10-07,17.25,280,4,10,-0.994217906893952,0.10738134666416306,16.5,15.75,15.0,7.75,15.6,True,False,True
2022-10-08,17.5,281,5,10,-0.9922222094179324,0.12447926388678869,17.25,16.0,14.75,7.5,15.691666666666666,True,False,True
2022-10-08,15.0,281,5,10,-0.9922222094179324,0.12447926388678869,16.0,14.5,13.3,6.25,14.121666666666668,False,True,True
2022-10-09,15.0,282,6,10,-0.989932495087353,0.141540295217043,15.0,14.25,13.5,5.75,14.171666666666669,False,True,True
2022-10-09,17.25,282,6,10,-0.989932495087353,0.141540295217043,17.5,16.0,14.75,7.5,15.775,True,False,True
2022-10-10,17.5,283,0,10,-0.9873494423939864,0.15855938510313475,17.25,16.0,14.75,7.5,15.866666666666667,True,False,True
2022-10-10,15.0,283,0,10,-0.9873494423939864,0.15855938510313475,15.0,14.0,13.0,6.25,14.238333333333335,False,True,True
2022-10-11,16.25,284,1,10,-0.9844738167520923,0.17553149042142777,15.0,15.25,13.4,6.3,14.333333333333334,False,True,True
2022-10-11,17.5,284,1,10,-0.9844738167520923,0.17553149042142777,17.5,16.25,15.0,7.5,15.95,True,False,True
2022-10-12,17.75,285,2,10,-0.9813064702716093,0.19245158197082995,17.5,16.25,15.0,8.0,16.041666666666668,True,False,True
2022-10-12,16.35,285,2,10,-0.9813064702716093,0.19245158197082995,16.25,14.25,13.0,7.0,14.445,False,True,True
2022-10-13,16.5,286,3,10,-0.9778483415056567,0.20931464596304888,16.35,14.75,13.9,7.0,14.531666666666668,False,True,True
2022-10-13,18.0,286,3,10,-0.9778483415056567,0.20931464596304888,17.75,16.5,15.25,8.5,16.133333333333333,True,False,True
2022-10-14,19.0,287,4,10,-0.9741004551724206,0.22611568550828803,18.0,17.25,15.0,9.25,16.266666666666666,True,False,True
2022-10-14,17.5,287,4,10,-0.9741004551724206,0.22611568550828803,16.5,16.0,13.0,7.75,14.681666666666668,False,True,True
2022-10-15,18.75,288,5,10,-0.970063921851507,0.2428497220959358,19.0,17.5,15.0,9.0,16.391666666666666,True,False,True
2022-10-15,17.0,288,5,10,-0.970063921851507,0.2428497220959358,17.5,15.0,13.5,7.0,14.798333333333336,False,True,True
2022-10-16,18.75,289,6,10,-0.965739937654855,0.25951179706979943,18.75,17.25,15.0,8.75,16.516666666666666,True,False,True
2022-10-16,16.5,289,6,10,-0.965739937654855,0.25951179706979943,17.0,15.0,13.4,7.25,14.901666666666666,False,True,True
2022-10-17,16.0,290,0,10,-0.9611297838723007,0.27609697309746883,16.5,15.0,13.0,7.75,15.001666666666665,False,True,True
2022-10-17,18.5,290,0,10,-0.9611297838723007,0.27609697309746883,18.75,17.5,14.75,8.75,16.641666666666666,True,False,True
2022-10-18,16.0,291,1,10,-0.9562348265919058,0.2926003356333479,16.0,16.25,13.9,8.75,15.071666666666665,False,True,True
2022-10-18,18.25,291,1,10,-0.9562348265919058,0.2926003356333479,18.5,17.5,15.25,9.75,16.741666666666667,True,False,True
2022-10-19,15.9,292,2,10,-0.9510565162951536,0.30901699437494723,16.0,16.35,14.5,8.5,15.118333333333334,False,True,True
2022-10-19,18.25,292,2,10,-0.9510565162951536,0.30901699437494723,18.25,17.75,15.5,9.75,16.833333333333332,True,False,True
2022-10-20,16.2,293,3,10,-0.9455963874271428,0.3253420847119795,15.9,16.5,14.3,8.25,15.181666666666667,False,True,True
2022-10-20,18.5,293,3,10,-0.9455963874271428,0.3253420847119795,18.25,18.0,15.5,9.625,16.933333333333334,True,False,True
2022-10-21,18.25,294,4,10,-0.9398560579418953,0.341570769167856,18.5,19.0,15.5,9.5,17.025,True,False,True
2022-10-21,15.75,294,4,10,-0.9398560579418953,0.341570769167856,16.2,17.5,14.65,7.75,15.218333333333334,False,True,True
2022-10-22,18.25,295,5,10,-0.9338372288229252,0.35769823883312546,18.25,18.75,15.75,9.25,17.108333333333334,True,False,True
2022-10-22,16.0,295,5,10,-0.9338372288229252,0.35769823883312546,15.75,17.0,14.4,7.75,15.271666666666667,False,True,True
2022-10-23,18.0,296,6,10,-0.9275416835791965,0.3737197147904692,18.25,18.75,15.75,9.25,17.183333333333334,True,False,True
2022-10-23,16.5,296,6,10,-0.9275416835791965,0.3737197147904692,16.0,16.5,14.25,8.0,15.346666666666666,False,True,True
2022-10-24,16.5,297,0,10,-0.9209712877166347,0.38963044953078774,16.5,16.0,14.15,9.0,15.425,False,True,True
2022-10-24,18.15,297,0,10,-0.9209712877166347,0.38963044953078774,18.0,18.5,15.75,10.25,17.263333333333332,True,False,True
2022-10-25,16.0,298,1,10,-0.9141279881853337,0.4054257283599973,16.5,16.0,14.0,9.0,15.491666666666667,False,True,True
2022-10-25,18.0,298,1,10,-0.9141279881853337,0.4054257283599973,18.15,18.25,16.0,10.75,17.33,True,False,True
2022-10-26,16.0,299,2,10,-0.9070138128026362,0.42110087079608916,16.0,15.9,14.0,9.0,15.558333333333334,False,True,True
2022-10-26,18.0,299,2,10,-0.9070138128026362,0.42110087079608916,18.0,18.25,16.0,10.75,17.396666666666665,True,False,True
2022-10-27,16.0,300,3,10,-0.8996308696522434,0.4366512319560638,16.0,16.2,14.5,8.75,15.608333333333333,False,True,True
2022-10-27,18.0,300,3,10,-0.8996308696522434,0.4366512319560638,18.0,18.5,15.75,10.25,17.471666666666668,True,False,True
2022-10-28,16.0,301,4,10,-0.8919813464595487,0.45207220393230374,16.0,15.75,14.75,8.65,15.65,False,True,True
2022-10-28,17.5,301,4,10,-0.8919813464595487,0.45207220393230374,18.0,18.25,16.0,10.25,17.521666666666665,True,False,True
2022-10-29,15.5,302,5,10,-0.8840675099433637,0.46735921715800205,16.0,16.0,14.3,9.0,15.69,False,True,True
2022-10-29,17.5,302,5,10,-0.8840675099433637,0.46735921715800205,17.5,18.25,16.0,10.75,17.571666666666665,True,False,True
2022-10-30,15.0,303,6,10,-0.8758917051442433,0.48250774176121763,15.5,16.5,14.25,9.0,15.715,False,True,True
2022-10-30,17.25,303,6,10,-0.8758917051442433,0.48250774176121763,17.5,18.0,15.75,10.75,17.621666666666666,True,False,True
2022-10-31,15.5,304,0,10,-0.8674563547295971,0.4975132889071803,15.0,16.5,14.5,9.25,15.748333333333333,False,True,True
2022-10-31,17.5,304,0,10,-0.8674563547295971,0.4975132889071803,17.25,18.15,16.0,10.5,17.671666666666667,True,False,True
2022-11-01,16.75,305,1,11,-0.858763958275803,0.5123714121284235,15.5,16.0,14.25,9.75,15.831666666666667,False,True,True
2022-11-01,17.75,305,1,11,-0.858763958275803,0.5123714121284235,17.5,18.0,16.0,10.75,17.73,True,False,True
2022-11-02,17.25,306,2,11,-0.8498170915275277,0.5270777086423724,17.75,18.0,16.0,10.75,17.771666666666665,True,False,True
2022-11-02,15.5,306,2,11,-0.8498170915275277,0.5270777086423724,16.75,16.0,14.0,9.25,15.881666666666666,False,True,True
2022-11-03,17.0,307,3,11,-0.8406184056344783,0.5416278206559811,17.25,18.0,16.25,10.75,17.796666666666667,True,False,True
2022-11-03,15.0,307,3,11,-0.8406184056344783,0.5416278206559811,15.5,16.0,15.25,9.25,15.873333333333333,False,True,True
2022-11-04,15.0,308,4,11,-0.8311706263658079,0.5560174366570446,15.0,16.0,14.25,10.0,15.898333333333333,False,True,True
2022-11-04,16.75,308,4,11,-0.8311706263658079,0.5560174366570446,17.0,17.5,16.25,11.4,17.813333333333333,True,False,True
2022-11-05,16.75,309,5,11,-0.8214765533024145,0.5702422926917867,16.75,17.5,16.5,13.25,17.821666666666665,True,False,True
2022-11-05,14.5,309,5,11,-0.8214765533024145,0.5702422926917867,15.0,15.5,14.75,11.25,15.889999999999999,False,True,True
2022-11-06,17.0,310,6,11,-0.8115390590073611,0.5842981736283683,16.75,17.25,17.25,13.0,17.813333333333333,True,False,True
2022-11-06,15.0,310,6,11,-0.8115390590073611,0.5842981736283683,14.5,15.0,16.0,11.5,15.856666666666666,False,True,True
2022-11-07,17.0,311,0,11,-0.801361088174677,0.5981809144059158,17.0,17.5,17.5,12.75,17.796666666666667,True,False,True
2022-11-07,15.0,311,0,11,-0.801361088174677,0.5981809144059158,15.0,15.5,15.0,11.5,15.856666666666666,False,True,True
2022-11-08,15.25,312,1,11,-0.7909456567567774,0.6118864012687242,15.0,16.75,15.0,11.5,15.865,False,True,True
2022-11-08,17.0,312,1,11,-0.7909456567567774,0.6118864012687242,17.0,17.75,17.25,12.5,17.788333333333334,True,False,True
2022-11-09,15.0,313,2,11,-0.780295851070776,0.6254105729852457,15.25,15.5,15.0,11.0,15.865,False,True,True
2022-11-09,16.75,313,2,11,-0.780295851070776,0.6254105729852457,17.0,17.25,17.5,12.75,17.763333333333332,True,False,True
2022-11-10,13.75,314,3,11,-0.7694148268839381,0.6387494220515268,15.0,15.0,16.25,10.5,15.781666666666666,False,True,True
2022-11-10,16.5,314,3,11,-0.7694148268839381,0.6387494220515268,16.75,17.0,17.5,12.25,17.73,True,False,True
2022-11-11,16.25,315,4,11,-0.7583058084785625,0.6518989958787125,16.5,16.75,17.75,11.75,17.68,True,False,True
2022-11-11,13.75,315,4,11,-0.7583058084785625,0.6518989958787125,13.75,15.0,16.35,9.5,15.695,False,True,True
2022-11-12,16.0,316,5,11,-0.7469720876965551,0.6648553979642866,16.25,16.75,18.0,11.5,17.613333333333333,True,False,True
2022-11-12,13.825,316,5,11,-0.7469720876965551,0.6648553979642866,13.75,14.5,16.5,9.0,15.605833333333333,False,True,True
2022-11-13,13.9,317,6,11,-0.7354170229639858,0.6776147890466887,13.825,15.0,17.5,9.25,15.485833333333334,False,True,True
2022-11-13,15.5,317,6,11,-0.7354170229639858,0.6776147890466887,16.0,17.0,19.0,11.5,17.496666666666666,True,False,True
2022-11-14,15.5,318,0,11,-0.7236440382959124,0.690173388242972,15.5,17.0,18.75,11.25,17.388333333333332,True,False,True
2022-11-14,13.75,318,0,11,-0.7236440382959124,0.690173388242972,13.9,15.0,17.0,9.5,15.377500000000001,False,True,True
2022-11-15,13.75,319,1,11,-0.711656622281775,0.7025274741691566,13.75,15.25,16.5,9.75,15.285833333333334,False,True,True
2022-11-15,16.0,319,1,11,-0.711656622281775,0.7025274741691566,15.5,17.0,18.75,11.5,17.296666666666667,True,False,True
2022-11-16,15.5,320,2,11,-0.6994583270516471,0.7146733860429608,16.0,16.75,18.5,11.5,17.196666666666665,True,False,True
2022-11-16,13.5,320,2,11,-0.6994583270516471,0.7146733860429608,13.75,15.0,16.0,9.5,15.202500000000002,False,True,True
2022-11-17,13.5,321,3,11,-0.6870527672236675,0.7266075247685652,13.5,13.75,16.0,9.5,15.119166666666668,False,True,True
2022-11-17,15.5,321,3,11,-0.6870527672236675,0.7266075247685652,15.5,16.5,18.25,11.25,17.105,True,False,True
2022-11-18,15.5,322,4,11,-0.6744436188329457,0.7383263540031063,15.5,16.25,18.25,11.25,17.013333333333332,True,False,True
2022-11-18,13.75,322,4,11,-0.6744436188329457,0.7383263540031063,13.5,13.75,15.9,9.5,15.047500000000001,False,True,True
2022-11-19,15.5,323,5,11,-0.661634618242279,0.749826401204568,15.5,16.0,18.5,11.0,16.913333333333334,True,False,True
2022-11-19,13.5,323,5,11,-0.661634618242279,0.749826401204568,13.75,13.825,16.2,9.25,14.957500000000001,False,True,True
2022-11-20,15.5,324,6,11,-0.6486295610349818,0.7611042586607742,15.5,15.5,18.25,11.75,16.821666666666665,True,False,True
2022-11-20,13.5,324,6,11,-0.6486295610349818,0.7611042586607742,13.5,13.9,15.75,9.375,14.8825,False,True,True
2022-11-21,14.15,325,0,11,-0.6354323008901775,0.7721565844991641,13.5,13.75,16.0,9.5,14.820833333333333,False,True,True
2022-11-21,16.0,325,0,11,-0.6354323008901775,0.7721565844991641,15.5,15.5,18.25,11.0,16.746666666666666,True,False,True
2022-11-22,14.0,326,1,11,-0.622046748440868,0.7829801036770624,14.15,13.75,16.5,9.5,14.7375,False,True,True
2022-11-22,15.5,326,1,11,-0.622046748440868,0.7829801036770624,16.0,16.0,18.0,10.75,16.663333333333334,True,False,True
2022-11-23,16.0,327,2,11,-0.6084768701151264,0.7935716089521472,15.5,15.5,18.15,11.25,16.591666666666665,True,False,True
2022-11-23,13.75,327,2,11,-0.6084768701151264,0.7935716089521472,14.0,13.5,16.5,9.5,14.645833333333334,False,True,True
2022-11-24,13.5,328,3,11,-0.594726686960764,0.8039279618328208,13.75,13.5,16.0,9.5,14.5625,False,True,True
2022-11-24,15.5,328,3,11,-0.594726686960764,0.8039279618328208,16.0,15.5,18.0,11.5,16.508333333333333,True,False,True
2022-11-25,15.25,329,4,11,-0.5808002734538013,0.8140460935082175,15.5,15.5,18.0,11.5,16.416666666666668,True,False,True
2022-11-25,13.5,329,4,11,-0.5808002734538013,0.8140460935082175,13.5,13.75,16.0,9.5,14.479166666666666,False,True,True
2022-11-26,14.0,330,5,11,-0.5667017562911184,0.8239230057575536,13.5,13.5,16.0,9.75,14.4125,False,True,True
2022-11-26,15.5,330,5,11,-0.5667017562911184,0.8239230057575536,15.25,15.5,18.0,11.5,16.333333333333332,True,False,True
2022-11-27,15.5,331,6,11,-0.5524353131676203,0.8335557718385695,15.5,15.5,17.5,11.5,16.266666666666666,True,False,True
2022-11-27,13.4,331,6,11,-0.5524353131676203,0.8335557718385695,14.0,13.5,16.0,9.75,14.325833333333334,False,True,True
2022-11-28,13.933333333333334,332,0,11,-0.5380051715382992,0.8429415373547832,13.4,14.15,15.5,10.0,14.27361111111111,False,True,True
2022-11-28,15.5,332,0,11,-0.5380051715382992,0.8429415373547832,15.5,16.0,17.5,11.75,16.2,True,False,True
2022-11-29,14.466666666666667,333,1,11,-0.5234156073655503,0.8520775211013093,13.933333333333334,14.0,15.0,9.5,14.255833333333333,False,True,True
2022-11-29,15.416666666666666,333,1,11,-0.5234156073655503,0.8520775211013093,15.5,15.5,17.25,11.75,16.13888888888889,True,False,True
2022-11-30,15.0,334,2,11,-0.5086709438521042,0.8609610158889945,14.466666666666667,13.75,15.5,9.5,14.239166666666668,False,True,True
2022-11-30,15.333333333333334,334,2,11,-0.5086709438521042,0.8609610158889945,15.416666666666666,16.0,17.5,11.25,16.066666666666666,True,False,True
2022-12-01,14.0,335,3,12,-0.49377555015997737,0.8695893893466109,15.0,13.5,16.75,9.5,14.1475,False,True,True
2022-12-01,15.25,335,3,12,-0.49377555015997737,0.8695893893466109,15.333333333333334,15.5,17.75,11.75,15.983333333333333,True,False,True
2022-12-02,15.25,336,4,12,-0.4787338401157883,0.8779600847008883,15.25,15.25,17.25,11.5,15.916666666666666,True,False,True
2022-12-02,13.5,336,4,12,-0.4787338401157883,0.8779600847008883,14.0,13.5,15.5,9.5,14.080833333333334,False,True,True
2022-12-03,12.75,337,5,12,-0.4635502709028512,0.8860706215341378,13.5,14.0,15.0,9.9,14.005833333333333,False,True,True
2022-12-03,14.75,337,5,12,-0.4635502709028512,0.8860706215341378,15.25,15.5,17.0,11.5,15.841666666666667,True,False,True
2022-12-04,14.0,338,6,12,-0.4482293417404106,0.893918596519257,12.75,13.4,15.0,10.25,13.9725,False,True,True
2022-12-04,15.25,338,6,12,-0.4482293417404106,0.893918596519257,14.75,15.5,16.75,11.5,15.791666666666666,True,False,True
2022-12-05,14.0,339,0,12,-0.4327755925504317,0.9015016841318838,14.0,13.933333333333334,14.5,10.25,13.955833333333334,False,True,True
2022-12-05,15.0,339,0,12,-0.4327755925504317,0.9015016841318838,15.25,15.5,16.75,11.5,15.733333333333333,True,False,True
2022-12-06,13.5,340,1,12,-0.41719360261231697,0.9088176373395028,14.0,14.466666666666667,15.0,10.25,13.905833333333334,False,True,True
2022-12-06,15.0,340,1,12,-0.41719360261231697,0.9088176373395028,15.0,15.416666666666666,17.0,11.5,15.666666666666666,True,False,True
2022-12-07,14.75,341,2,12,-0.4014879892059737,0.9158642882672868,15.0,15.333333333333334,17.0,11.5,15.591666666666667,True,False,True
2022-12-07,13.0,341,2,12,-0.4014879892059737,0.9158642882672868,13.5,15.0,15.0,9.75,13.839166666666667,False,True,True
2022-12-08,15.0,342,3,12,-0.38566340624360745,0.9226395488404875,14.75,15.25,17.0,11.5,15.525,True,False,True
2022-12-08,12.9,342,3,12,-0.38566340624360745,0.9226395488404875,13.0,14.0,15.25,9.75,13.760833333333332,False,True,True
2022-12-09,14.75,343,4,12,-0.3697245428906732,0.9291414114031743,15.0,15.25,16.75,11.25,15.458333333333334,True,False,True
2022-12-09,12.8,343,4,12,-0.3697245428906732,0.9291414114031743,12.9,13.5,15.0,9.695,13.6875,False,True,True
2022-12-10,11.5,344,5,12,-0.3536761221763721,0.935367949313148,12.8,12.75,13.75,9.64,13.6125,False,True,True
2022-12-10,14.5,344,5,12,-0.3536761221763721,0.935367949313148,14.75,14.75,16.5,11.25,15.391666666666667,True,False,True
2022-12-11,11.5,345,6,12,-0.33752289959411347,0.941317317512847,11.5,14.0,13.75,9.5,13.5375,False,True,True
2022-12-11,16.0,345,6,12,-0.33752289959411347,0.941317317512847,14.5,15.25,16.25,11.0,15.383333333333333,True,False,True
2022-12-12,11.0,346,0,12,-0.32126966169236515,0.9469877530760751,11.5,14.0,13.825,9.0,13.443333333333333,False,True,True
2022-12-12,14.0,346,0,12,-0.32126966169236515,0.9469877530760751,16.0,15.0,16.0,11.0,15.316666666666666,True,False,True
2022-12-13,10.75,347,1,12,-0.3049212246562894,0.9523775757303973,11.0,13.5,13.9,9.0,13.338333333333333,False,True,True
2022-12-13,13.0,347,1,12,-0.3049212246562894,0.9523775757303973,14.0,15.0,15.5,10.75,15.233333333333333,True,False,True
2022-12-14,10.5,348,2,12,-0.2884824328806098,0.9574851883550389,10.75,13.0,13.75,9.0,13.229999999999999,False,True,True
2022-12-14,13.25,348,2,12,-0.2884824328806098,0.9574851883550389,13.0,14.75,15.5,11.0,15.158333333333333,True,False,True
2022-12-15,10.5,349,3,12,-0.27195815753410524,0.9623090774541487,10.5,12.9,13.75,9.0,13.121666666666666,False,True,True
2022-12-15,13.5,349,3,12,-0.27195815753410524,0.9623090774541487,13.25,15.0,16.0,10.75,15.075,True,False,True
2022-12-16,11.0,350,4,12,-0.2553532951161881,0.9668478136052773,10.5,12.8,13.5,9.0,13.038333333333332,False,True,True
2022-12-16,13.0,350,4,12,-0.2553532951161881,0.9668478136052773,13.5,14.75,15.5,10.5,14.991666666666667,True,False,True
2022-12-17,10.75,351,5,12,-0.23867276600594997,0.9711000518829505,11.0,11.5,13.5,8.5,12.946666666666665,False,True,True
2022-12-17,12.5,351,5,12,-0.23867276600594997,0.9711000518829505,13.0,14.5,15.5,10.5,14.891666666666667,True,False,True
2022-12-18,10.0,352,6,12,-0.22192151300416674,0.9750645322571945,10.75,11.5,13.75,8.5,12.821666666666665,False,True,True
2022-12-18,12.5,352,6,12,-0.22192151300416674,0.9750645322571945,12.5,16.0,15.5,10.75,14.791666666666666,True,False,True
2022-12-19,12.25,353,0,12,-0.20510449986861926,0.9787400799669153,12.5,14.0,15.5,10.75,14.683333333333334,True,False,True
2022-12-19,10.0,353,0,12,-0.20510449986861926,0.9787400799669153,10.0,11.0,13.5,8.5,12.705,False,True,True
2022-12-20,9.5,354,1,12,-0.1882267098432439,0.9821256058680006,10.0,10.75,13.5,8.5,12.571666666666665,False,True,True
2022-12-20,11.75,354,1,12,-0.1882267098432439,0.9821256058680006,12.25,13.0,15.5,10.75,14.558333333333334,True,False,True
2022-12-21,9.9,355,2,12,-0.1712931441814778,0.9852201067560606,9.5,10.5,14.15,8.75,12.430000000000001,False,True,True
2022-12-21,11.5,355,2,12,-0.1712931441814778,0.9852201067560606,11.75,13.25,16.0,10.75,14.408333333333333,True,False,True
2022-12-22,9.9,356,3,12,-0.154308820664281,0.9880226656636976,9.9,10.5,14.0,8.75,12.293333333333333,False,True,True
2022-12-22,11.5,356,3,12,-0.154308820664281,0.9880226656636976,11.5,13.5,15.5,10.75,14.275,True,False,True
2022-12-23,11.5,357,4,12,-0.13727877211326517,0.9905324521322227,11.5,13.0,16.0,10.5,14.125,True,False,True
2022-12-23,10.0,357,4,12,-0.13727877211326517,0.9905324521322227,9.9,11.0,13.75,8.75,12.168333333333333,False,True,True
2022-12-24,11.5,358,5,12,-0.12020804489935275,0.9927487224577402,11.5,12.5,15.5,10.5,13.991666666666667,True,False,True
2022-12-24,10.0,358,5,12,-0.12020804489935275,0.9927487224577402,10.0,10.75,13.5,9.15,12.051666666666668,False,True,True
2022-12-25,11.75,359,6,12,-0.10310169744743544,0.9946708199115211,11.5,12.5,15.25,10.5,13.875,True,False,True
2022-12-25,10.25,359,6,12,-0.10310169744743544,0.9946708199115211,10.0,10.0,13.5,8.5,11.943333333333333,False,True,True
2022-12-26,11.5,360,0,12,-0.0859647987374467,0.9962981749346077,11.75,12.25,15.5,10.5,13.741666666666667,True,False,True
2022-12-26,9.5,360,0,12,-0.0859647987374467,0.9962981749346077,10.25,10.0,14.0,8.25,11.793333333333333,False,True,True
2022-12-27,9.5,361,1,12,-0.06880242680232064,0.9976303053065857,9.5,9.5,13.4,7.75,11.663333333333332,False,True,True
2022-12-27,11.625,361,1,12,-0.06880242680232064,0.9976303053065857,11.5,11.75,15.5,10.5,13.6125,True,False,True
2022-12-28,9.5,362,2,12,-0.05161966722325418,0.9986668162884759,9.5,9.9,13.933333333333334,8.9,11.515555555555556,False,True,True
2022-12-28,11.75,362,2,12,-0.05161966722325418,0.9986668162884759,11.625,11.5,15.5,10.25,13.4875,True,False,True
2022-12-29,11.75,363,3,12,-0.034421611622745804,0.9994074007397048,11.75,11.5,15.416666666666666,10.5,13.365277777777777,True,False,True
2022-12-29,10.0,363,3,12,-0.034421611622745804,0.9994074007397048,9.5,9.9,14.466666666666667,8.75,11.366666666666667,False,True,True
2022-12-30,10.0,364,4,12,-0.01721335615583528,0.9998518392091162,10.0,10.0,15.0,8.75,11.2,False,True,True
2022-12-30,11.5,364,4,12,-0.01721335615583528,0.9998518392091162,11.75,11.5,15.333333333333334,10.5,13.2375,True,False,True
2022-12-31,10.0,365,5,12,6.432490598706546e-16,1.0,10.0,10.0,14.0,9.25,11.066666666666666,False,True,True
2022-12-31,11.75,365,5,12,6.432490598706546e-16,1.0,11.5,11.5,15.25,10.75,13.120833333333334,True,False,True
2023-01-01,11.5,1,6,1,0.017213356155834685,0.9998518392091162,11.75,11.75,15.25,10.5,12.995833333333334,True,False,True
2023-01-01,9.625,1,6,1,0.017213356155834685,0.9998518392091162,10.0,10.25,13.5,8.75,10.9375,False,True,True
2023-01-02,11.5,2,0,1,0.03442161162274574,0.9994074007397048,11.5,11.5,14.75,10.5,12.8875,True,False,True
2023-01-02,9.25,2,0,1,0.03442161162274574,0.9994074007397048,9.625,9.5,12.75,8.5,10.820833333333333,False,True,True
2023-01-03,11.5,3,1,1,0.051619667223253764,0.998666816288476,11.5,11.625,15.25,10.25,12.7625,True,False,True
2023-01-03,9.0,3,1,1,0.051619667223253764,0.998666816288476,9.25,9.5,14.0,8.25,10.654166666666667,False,True,True
2023-01-04,10.75,4,2,1,0.06880242680231986,0.9976303053065857,11.5,11.75,15.0,10.5,12.620833333333334,True,False,True
2023-01-04,8.25,4,2,1,0.06880242680231986,0.9976303053065857,9.0,9.5,14.0,8.25,10.4625,False,True,True
2023-01-05,10.5,5,3,1,0.08596479873744647,0.9962981749346078,10.75,11.75,15.0,10.25,12.470833333333333,True,False,True
2023-01-05,8.583333333333334,5,3,1,0.08596479873744647,0.9962981749346078,8.25,10.0,13.5,8.25,10.29861111111111,False,True,True
2023-01-06,10.75,6,4,1,0.10310169744743485,0.9946708199115211,10.5,11.5,14.75,10.25,12.3375,True,False,True
2023-01-06,8.916666666666666,6,4,1,0.10310169744743485,0.9946708199115211,8.583333333333334,10.0,13.0,8.5,10.1625,False,True,True
2023-01-07,9.25,7,5,1,0.1202080448993527,0.9927487224577402,8.916666666666666,10.0,12.9,8.25,10.040833333333333,False,True,True
2023-01-07,10.5,7,5,1,0.1202080448993527,0.9927487224577402,10.75,11.75,15.0,10.25,12.1875,True,False,True
2023-01-08,11.0,8,6,1,0.13727877211326478,0.9905324521322229,10.5,11.5,14.75,10.25,12.0625,True,False,True
2023-01-08,9.5,8,6,1,0.13727877211326478,0.9905324521322229,9.25,9.625,12.8,8.0,9.930833333333334,False,True,True
2023-01-09,9.0,9,0,1,0.15430882066428117,0.9880226656636976,9.5,9.25,11.5,8.0,9.8475,False,True,True
2023-01-09,10.75,9,0,1,0.15430882066428117,0.9880226656636976,11.0,11.5,14.5,10.25,11.9375,True,False,True
2023-01-10,8.75,10,1,1,0.1712931441814776,0.9852201067560606,9.0,9.0,11.5,8.25,9.755833333333333,False,True,True
2023-01-10,10.75,10,1,1,0.1712931441814776,0.9852201067560606,10.75,11.5,16.0,10.0,11.7625,True,False,True
2023-01-11,10.5,11,2,1,0.1882267098432442,0.9821256058680006,10.75,10.75,14.0,10.0,11.645833333333334,True,False,True
2023-01-11,8.5,11,2,1,0.1882267098432442,0.9821256058680006,8.75,8.25,11.0,8.0,9.672500000000001,False,True,True
2023-01-12,9.75,12,3,1,0.2051044998686192,0.9787400799669153,10.5,10.5,13.0,10.0,11.5375,True,False,True
2023-01-12,8.25,12,3,1,0.2051044998686192,0.9787400799669153,8.5,8.583333333333334,10.75,7.75,9.589166666666667,False,True,True
2023-01-13,9.75,13,4,1,0.2219215130041655,0.9750645322571948,9.75,10.75,13.25,9.9,11.420833333333333,True,False,True
2023-01-13,8.25,13,4,1,0.2219215130041655,0.9750645322571948,8.25,8.916666666666666,10.5,7.75,9.514166666666666,False,True,True
2023-01-14,9.5,14,5,1,0.2386727660059501,0.9711000518829505,9.75,10.5,13.5,9.75,11.2875,True,False,True
2023-01-14,8.3,14,5,1,0.2386727660059501,0.9711000518829505,8.25,9.25,10.5,7.75,9.440833333333334,False,True,True
2023-01-15,9.75,15,6,1,0.255353295116187,0.9668478136052775,9.5,11.0,13.0,9.75,11.179166666666667,True,False,True
2023-01-15,9.0,15,6,1,0.255353295116187,0.9668478136052775,8.3,9.5,11.0,7.5,9.374166666666667,False,True,True
2023-01-16,10.0,16,0,1,0.2719581575341055,0.9623090774541486,9.75,10.75,12.5,9.25,11.095833333333333,True,False,True
2023-01-16,9.25,16,0,1,0.2719581575341055,0.9623090774541486,9.0,9.0,10.75,7.0,9.324166666666667,False,True,True
2023-01-17,9.5,17,1,1,0.288482432880609,0.9574851883550393,9.25,8.75,10.0,6.5,9.307500000000001,False,True,True
2023-01-17,10.5,17,1,1,0.288482432880609,0.9574851883550393,10.0,10.75,12.5,9.0,11.029166666666667,True,False,True
2023-01-18,10.75,18,2,1,0.30492122465628907,0.9523775757303974,10.5,10.5,12.25,9.25,10.979166666666666,True,False,True
2023-01-18,8.4,18,2,1,0.30492122465628907,0.9523775757303974,9.5,8.5,10.0,7.5,9.254166666666666,False,True,True
2023-01-19,8.25,19,3,1,0.3212696616923644,0.9469877530760753,8.4,8.25,9.5,8.0,9.2125,False,True,True
2023-01-19,10.75,19,3,1,0.3212696616923644,0.9469877530760753,10.75,9.75,11.75,9.25,10.945833333333333,True,False,True
2023-01-20,7.5,20,4,1,0.3375228995941133,0.9413173175128471,8.25,8.25,9.9,7.5,9.132499999999999,False,True,True
2023-01-20,10.0,20,4,1,0.3375228995941133,0.9413173175128471,10.75,9.75,11.5,9.25,10.895833333333334,True,False,True
2023-01-21,10.125,21,5,1,0.3536761221763716,0.9353679493131483,10.0,9.5,11.5,9.25,10.85,True,False,True
2023-01-21,7.5,21,5,1,0.3536761221763716,0.9353679493131483,7.5,8.3,9.9,7.5,9.0525,False,True,True
2023-01-22,7.5,22,6,1,0.3697245428906731,0.9291414114031743,7.5,9.0,10.0,8.5,8.969166666666666,False,True,True
2023-01-22,10.25,22,6,1,0.3697245428906731,0.9291414114031743,10.125,9.75,11.5,10.0,10.808333333333334,True,False,True
2023-01-23,10.375,23,0,1,0.38566340624360707,0.9226395488404876,10.25,10.0,11.5,10.5,10.770833333333334,True,False,True
2023-01-23,7.5,23,0,1,0.38566340624360707,0.9226395488404876,7.5,9.25,10.0,8.5,8.885833333333332,False,True,True
2023-01-24,7.5,24,1,1,0.401487989205973,0.9158642882672872,7.5,9.5,10.25,8.75,8.794166666666666,False,True,True
2023-01-24,10.5,24,1,1,0.401487989205973,0.9158642882672872,10.375,10.5,11.75,10.5,10.729166666666666,True,False,True
2023-01-25,10.625,25,2,1,0.4171936026123168,0.9088176373395029,10.5,10.75,11.5,10.75,10.7,True,False,True
2023-01-25,7.5,25,2,1,0.4171936026123168,0.9088176373395029,7.5,8.4,9.5,9.0,8.7275,False,True,True
2023-01-26,10.75,26,3,1,0.4327755925504312,0.901501684131884,10.625,10.75,11.625,10.5,10.670833333333333,True,False,True
2023-01-26,7.5,26,3,1,0.4327755925504312,0.901501684131884,7.5,8.25,9.5,8.75,8.660833333333333,False,True,True
2023-01-27,7.5,27,4,1,0.4482293417404106,0.893918596519257,7.5,7.5,9.5,8.5,8.594166666666666,False,True,True
2023-01-27,10.875,27,4,1,0.4482293417404106,0.893918596519257,10.75,10.0,11.75,10.5,10.641666666666667,True,False,True
2023-01-28,11.0,28,5,1,0.4635502709028509,0.886070621534138,10.875,10.125,11.75,10.25,10.616666666666667,True,False,True
2023-01-28,7.5,28,5,1,0.4635502709028509,0.886070621534138,7.5,7.5,10.0,9.0,8.510833333333332,False,True,True
2023-01-29,8.5,29,6,1,0.47873384011578846,0.8779600847008882,7.5,7.5,10.0,8.75,8.460833333333333,False,True,True
2023-01-29,11.0,29,6,1,0.47873384011578846,0.8779600847008882,11.0,10.25,11.5,10.25,10.6,True,False,True
2023-01-30,10.5,30,0,1,0.49377555015997715,0.869589389346611,11.0,10.375,11.75,13.0,10.558333333333334,True,False,True
2023-01-30,8.5,30,0,1,0.49377555015997715,0.869589389346611,8.5,7.5,10.0,12.0,8.410833333333333,False,True,True
2023-01-31,10.0,31,1,1,0.5086709438521044,0.8609610158889943,10.5,10.5,11.5,12.6875,10.508333333333333,True,False,True
2023-01-31,7.75,31,1,1,0.5086709438521044,0.8609610158889943,8.5,7.5,9.625,11.555555555555555,8.348333333333333,False,True,True
2023-02-01,9.5,32,2,2,0.5234156073655503,0.8520775211013093,10.0,10.625,11.5,12.375,10.441666666666666,True,False,True
2023-02-01,7.5,32,2,2,0.5234156073655503,0.8520775211013093,7.75,7.5,9.25,11.11111111111111,8.29,False,True,True
2023-02-02,9.1,33,3,2,0.5380051715382996,0.8429415373547828,9.5,10.75,11.5,12.0625,10.361666666666668,True,False,True
2023-02-02,7.5,33,3,2,0.5380051715382996,0.8429415373547828,7.5,7.5,9.0,10.666666666666666,8.24,False,True,True
2023-02-03,7.75,34,4,2,0.5524353131676196,0.8335557718385699,7.5,7.5,8.25,10.222222222222221,8.223333333333333,False,True,True
2023-02-03,9.25,34,4,2,0.5524353131676196,0.8335557718385699,9.1,10.875,10.75,11.75,10.311666666666667,True,False,True
2023-02-04,9.0,35,5,2,0.5667017562911176,0.8239230057575542,9.25,11.0,10.5,11.4375,10.261666666666667,True,False,True
2023-02-04,7.75,35,5,2,0.5667017562911176,0.8239230057575542,7.75,7.5,8.583333333333334,9.777777777777779,8.195555555555554,False,True,True
2023-02-05,8.4,36,6,2,0.5808002734538009,0.8140460935082178,7.75,8.5,8.916666666666666,9.333333333333334,8.178333333333333,False,True,True
2023-02-05,9.25,36,6,2,0.5808002734538009,0.8140460935082178,9.0,11.0,10.75,11.125,10.211666666666668,True,False,True
2023-02-06,9.0,37,0,2,0.5947266869607634,0.8039279618328213,9.25,10.5,10.5,10.8125,10.161666666666667,True,False,True
2023-02-06,8.0,37,0,2,0.5947266869607634,0.8039279618328213,8.4,8.5,9.25,8.88888888888889,8.136666666666667,False,True,True
2023-02-07,9.0,38,1,2,0.6084768701151261,0.7935716089521474,9.0,10.0,11.0,10.5,10.095,True,False,True
2023-02-07,7.75,38,1,2,0.6084768701151261,0.7935716089521474,8.0,7.75,9.5,8.444444444444445,8.078333333333333,False,True,True
2023-02-08,7.75,39,2,2,0.6220467484408675,0.7829801036770629,7.75,7.5,9.0,8.0,8.036666666666667,False,True,True
2023-02-08,9.0,39,2,2,0.6220467484408675,0.7829801036770629,9.0,9.5,10.75,10.25,10.036666666666667,True,False,True
2023-02-09,9.0,40,3,2,0.6354323008901774,0.7721565844991642,9.0,9.1,10.75,9.75,9.978333333333333,True,False,True
2023-02-09,8.0,40,3,2,0.6354323008901774,0.7721565844991642,7.75,7.5,8.75,7.25,8.011666666666667,False,True,True
2023-02-10,7.75,41,4,2,0.6486295610349814,0.7611042586607747,8.0,7.75,8.5,7.25,7.986666666666666,False,True,True
2023-02-10,9.0,41,4,2,0.6486295610349814,0.7611042586607747,9.0,9.25,10.5,9.25,9.928333333333335,True,False,True
2023-02-11,7.0,42,5,2,0.6616346182422783,0.7498264012045686,7.75,7.75,8.25,7.0,7.944999999999999,False,True,True
2023-02-11,8.9,42,5,2,0.6616346182422783,0.7498264012045686,9.0,9.0,9.75,9.0,9.9,True,False,True
2023-02-12,7.5,43,6,2,0.6744436188329455,0.7383263540031065,7.0,8.4,8.25,6.75,7.92,False,True,True
2023-02-12,9.0,43,6,2,0.6744436188329455,0.7383263540031065,8.9,9.25,9.75,8.75,9.875,True,False,True
2023-02-13,7.75,44,0,2,0.6870527672236669,0.7266075247685656,7.5,8.0,8.3,7.0,7.901666666666666,False,True,True
2023-02-13,9.0,44,0,2,0.6870527672236669,0.7266075247685656,9.0,9.0,9.5,8.5,9.858333333333333,True,False,True
2023-02-14,9.375,45,1,2,0.699458327051647,0.7146733860429609,9.0,9.0,9.75,8.5,9.845833333333333,True,False,True
2023-02-14,7.75,45,1,2,0.699458327051647,0.7146733860429609,7.75,7.75,9.0,7.0,7.859999999999999,False,True,True
2023-02-15,7.875,46,2,2,0.7116566222817746,0.7025274741691571,7.75,7.75,9.25,7.0,7.814166666666666,False,True,True
2023-02-15,9.75,46,2,2,0.7116566222817746,0.7025274741691571,9.375,9.0,10.0,8.5,9.8375,True,False,True
2023-02-16,9.75,47,3,2,0.7236440382959124,0.6901733882429719,9.75,9.0,10.5,8.5,9.8125,True,False,True
2023-02-16,8.0,47,3,2,0.7236440382959124,0.6901733882429719,7.875,8.0,9.5,6.5,7.764166666666666,False,True,True
2023-02-17,9.75,48,4,2,0.7354170229639855,0.6776147890466889,9.75,9.0,10.75,8.25,9.779166666666667,True,False,True
2023-02-17,8.0,48,4,2,0.7354170229639855,0.6776147890466889,8.0,7.75,8.4,6.5,7.7508333333333335,False,True,True
2023-02-18,8.0,49,5,2,0.7469720876965552,0.6648553979642865,8.0,7.0,8.25,6.25,7.742500000000001,False,True,True
2023-02-18,9.5,49,5,2,0.7469720876965552,0.6648553979642865,9.75,8.9,10.75,8.0,9.7375,True,False,True
2023-02-19,9.9,50,6,2,0.7583058084785624,0.6518989958787126,9.5,9.0,10.0,7.75,9.734166666666665,True,False,True
2023-02-19,8.5,50,6,2,0.7583058084785624,0.6518989958787126,8.0,7.5,7.5,6.0,7.775833333333334,False,True,True
2023-02-20,9.0,51,0,2,0.7694148268839378,0.6387494220515272,8.5,7.75,7.5,6.75,7.825833333333334,False,True,True
2023-02-20,10.25,51,0,2,0.7694148268839378,0.6387494220515272,9.9,9.0,10.125,8.0,9.738333333333333,True,False,True
2023-02-21,8.75,52,1,2,0.7802958510707755,0.6254105729852463,9.0,7.75,7.5,7.75,7.867500000000001,False,True,True
2023-02-21,10.2,52,1,2,0.7802958510707755,0.6254105729852463,10.25,9.375,10.25,8.75,9.736666666666668,True,False,True
2023-02-22,10.15,53,2,2,0.7909456567567772,0.6118864012687243,10.2,9.75,10.375,8.5,9.729166666666666,True,False,True
2023-02-22,8.5,53,2,2,0.7909456567567772,0.6118864012687243,8.75,7.875,7.5,7.0,7.900833333333334,False,True,True
2023-02-23,9.9,54,3,2,0.8013610881746766,0.5981809144059165,10.15,9.75,10.5,8.25,9.709166666666667,True,False,True
2023-02-23,8.583333333333334,54,3,2,0.8013610881746766,0.5981809144059165,8.5,8.0,7.5,7.0,7.936944444444445,False,True,True
2023-02-24,10.15,55,4,2,0.8115390590073611,0.5842981736283684,9.9,9.75,10.625,8.25,9.693333333333333,True,False,True
2023-02-24,8.666666666666666,55,4,2,0.8115390590073611,0.5842981736283684,8.583333333333334,8.0,7.5,6.75,7.975833333333333,False,True,True
2023-02-25,8.75,56,5,2,0.8214765533024142,0.5702422926917871,8.666666666666666,8.0,7.5,6.625,8.0175,False,True,True
2023-02-25,10.05,56,5,2,0.8214765533024142,0.5702422926917871,10.15,9.5,10.75,8.25,9.67,True,False,True
2023-02-26,9.9,57,6,2,0.8311706263658079,0.5560174366570446,10.05,9.9,10.875,8.0,9.6375,True,False,True
2023-02-26,8.5,57,6,2,0.8311706263658079,0.5560174366570446,8.75,8.5,7.5,6.5,8.050833333333333,False,True,True
2023-02-27,9.9,58,0,2,0.8406184056344782,0.5416278206559814,9.9,10.25,11.0,7.75,9.600833333333332,True,False,True
2023-02-27,8.8,58,0,2,0.8406184056344782,0.5416278206559814,8.5,9.0,7.5,6.25,8.094166666666668,False,True,True
2023-02-28,10.15,59,1,2,0.8498170915275278,0.5270777086423722,9.9,10.2,11.0,8.0,9.5725,True,False,True
2023-02-28,8.65,59,1,2,0.8498170915275278,0.5270777086423722,8.8,8.75,8.5,6.5,8.099166666666667,False,True,True
2023-03-01,10.15,60,2,3,0.8587639582758029,0.5123714121284237,10.15,10.15,10.5,8.0,9.560833333333333,True,False,True
2023-03-01,8.7,60,2,3,0.8587639582758029,0.5123714121284237,8.65,8.5,8.5,6.75,8.105833333333333,False,True,True
2023-03-02,8.75,61,3,3,0.8674563547295969,0.49751328890718066,8.7,8.583333333333334,7.75,6.9,8.139166666666666,False,True,True
2023-03-02,10.0,61,3,3,0.8674563547295969,0.49751328890718066,10.15,9.9,10.0,7.9,9.560833333333333,True,False,True
2023-03-03,10.15,62,4,3,0.8758917051442429,0.48250774176121847,10.0,10.15,9.5,7.75,9.582500000000001,True,False,True
2023-03-03,8.5,62,4,3,0.8758917051442429,0.48250774176121847,8.75,8.666666666666666,7.5,6.75,8.172500000000001,False,True,True
2023-03-04,10.15,63,5,3,0.8840675099433636,0.4673592171580022,10.15,10.05,9.1,7.75,9.6175,True,False,True
2023-03-04,8.25,63,5,3,0.8840675099433636,0.4673592171580022,8.5,8.75,7.5,7.0,8.1975,False,True,True
2023-03-05,9.9,64,6,3,0.8919813464595485,0.45207220393230435,10.15,9.9,9.25,7.75,9.639166666666666,True,False,True
2023-03-05,8.5,64,6,3,0.8919813464595485,0.45207220393230435,8.25,8.5,7.75,7.0,8.2225,False,True,True
2023-03-06,9.9,65,0,3,0.8996308696522433,0.43665123195606403,9.9,9.9,9.0,7.75,9.669166666666666,True,False,True
2023-03-06,8.5,65,0,3,0.8996308696522433,0.43665123195606403,8.5,8.8,7.75,6.75,8.2475,False,True,True
2023-03-07,8.75,66,1,3,0.9070138128026359,0.4211008707960896,8.5,8.65,8.4,6.9,8.259166666666667,False,True,True
2023-03-07,9.9,66,1,3,0.9070138128026359,0.4211008707960896,9.9,10.15,9.25,7.75,9.690833333333332,True,False,True
2023-03-08,8.75,67,2,3,0.9141279881853337,0.40542572835999735,8.75,8.7,8.0,6.5,8.284166666666668,False,True,True
2023-03-08,9.9,67,2,3,0.9141279881853337,0.40542572835999735,9.9,10.15,9.0,7.5,9.720833333333333,True,False,True
2023-03-09,8.75,68,3,3,0.9209712877166346,0.38963044953078796,8.75,8.75,7.75,6.5,8.3175,False,True,True
2023-03-09,9.9,68,3,3,0.9209712877166346,0.38963044953078796,9.9,10.0,9.0,7.75,9.750833333333333,True,False,True
2023-03-10,9.75,69,4,3,0.9275416835791966,0.37371971479046906,9.9,10.15,9.0,7.9,9.775833333333333,True,False,True
2023-03-10,8.5,69,4,3,0.9275416835791966,0.37371971479046906,8.75,8.5,7.75,6.75,8.3425,False,True,True
2023-03-11,9.65,70,5,3,0.9338372288229252,0.35769823883312546,9.75,10.15,9.0,8.25,9.797500000000001,True,False,True
2023-03-11,8.4,70,5,3,0.9338372288229252,0.35769823883312546,8.5,8.25,8.0,6.75,8.355833333333333,False,True,True
2023-03-12,9.65,71,6,3,0.9398560579418954,0.3415707691678556,9.65,9.9,9.0,7.75,9.819166666666666,True,False,True
2023-03-12,8.3,71,6,3,0.9398560579418954,0.3415707691678556,8.4,8.5,7.75,6.75,8.374166666666666,False,True,True
2023-03-13,9.75,72,0,3,0.9455963874271426,0.3253420847119801,9.65,9.9,8.9,8.0,9.8475,True,False,True
2023-03-13,8.15,72,0,3,0.9455963874271426,0.3253420847119801,8.3,8.5,7.0,6.75,8.4125,False,True,True
2023-03-14,9.65,73,1,3,0.9510565162951535,0.30901699437494745,9.75,9.9,9.0,7.75,9.869166666666667,True,False,True
2023-03-14,8.0,73,1,3,0.9510565162951535,0.30901699437494745,8.15,8.75,7.5,7.0,8.429166666666667,False,True,True
2023-03-15,9.5,74,2,3,0.9562348265919056,0.29260033563334836,9.65,9.9,9.0,8.25,9.885833333333332,True,False,True
2023-03-15,8.3,74,2,3,0.9562348265919056,0.29260033563334836,8.0,8.75,7.75,7.5,8.4475,False,True,True
2023-03-16,8.5,75,3,3,0.9611297838723007,0.27609697309746883,8.3,8.75,7.75,7.0,8.4725,False,True,True
2023-03-16,9.5,75,3,3,0.9611297838723007,0.27609697309746883,9.5,9.9,9.375,8.0,9.889999999999999,True,False,True
2023-03-17,8.25,76,4,3,0.9657399376548549,0.2595117970697999,8.5,8.5,7.875,6.75,8.485000000000001,False,True,True
2023-03-17,9.5,76,4,3,0.9657399376548549,0.2595117970697999,9.5,9.75,9.75,7.75,9.881666666666666,True,False,True
2023-03-18,8.45,77,5,3,0.9700639218515071,0.2428497220959356,8.25,8.4,8.0,6.75,8.5,False,True,True
2023-03-18,9.5,77,5,3,0.9700639218515071,0.2428497220959356,9.5,9.65,9.75,7.75,9.873333333333333,True,False,True
2023-03-19,9.65,78,6,3,0.9741004551724205,0.22611568550828828,9.5,9.65,9.75,7.75,9.870000000000001,True,False,True
2023-03-19,8.5,78,6,3,0.9741004551724205,0.22611568550828828,8.45,8.3,8.0,6.75,8.516666666666667,False,True,True
2023-03-20,9.65,79,0,3,0.9778483415056568,0.20931464596304847,9.65,9.75,9.5,7.5,9.875,True,False,True
2023-03-20,8.425,79,0,3,0.9778483415056568,0.20931464596304847,8.5,8.15,8.0,6.75,8.530833333333334,False,True,True
2023-03-21,9.5,80,1,3,0.9813064702716093,0.19245158197082998,9.65,9.65,9.9,7.5,9.861666666666668,True,False,True
2023-03-21,8.35,80,1,3,0.9813064702716093,0.19245158197082998,8.425,8.0,8.5,6.75,8.525833333333333,False,True,True
2023-03-22,9.5,81,2,3,0.9844738167520922,0.1755314904214282,9.5,9.5,10.25,8.25,9.836666666666668,True,False,True
2023-03-22,8.0,81,2,3,0.9844738167520922,0.1755314904214282,8.35,8.3,9.0,6.75,8.4925,False,True,True
2023-03-23,9.25,82,3,3,0.9873494423939864,0.15855938510313475,9.5,9.5,10.2,8.25,9.805,True,False,True
2023-03-23,8.0,82,3,3,0.9873494423939864,0.15855938510313475,8.0,8.5,8.75,6.75,8.4675,False,True,True
2023-03-24,9.25,83,4,3,0.989932495087353,0.141540295217043,9.25,9.5,10.15,8.0,9.775,True,False,True
2023-03-24,7.9,83,4,3,0.989932495087353,0.141540295217043,8.0,8.25,8.5,6.9,8.4475,False,True,True
2023-03-25,9.25,84,5,3,0.9922222094179323,0.12447926388678915,9.25,9.5,9.9,8.0,9.753333333333334,True,False,True
2023-03-25,8.0,84,5,3,0.9922222094179323,0.12447926388678915,7.9,8.45,8.583333333333334,6.75,8.428055555555556,False,True,True
2023-03-26,8.15,85,6,3,0.994217906893952,0.10738134666416309,8.0,8.5,8.666666666666666,6.75,8.410833333333334,False,True,True
2023-03-26,9.25,85,6,3,0.994217906893952,0.10738134666416309,9.25,9.65,10.15,7.75,9.723333333333333,True,False,True
2023-03-27,8.1,86,0,3,0.995918996147179,0.09025161003104117,8.15,8.425,8.75,6.825,8.389166666666666,False,True,True
2023-03-27,9.25,86,0,3,0.995918996147179,0.09025161003104117,9.25,9.65,10.05,8.0,9.696666666666665,True,False,True
2023-03-28,9.5,87,1,3,0.9973249731081555,0.07309512989807777,9.25,9.5,9.9,7.95,9.683333333333334,True,False,True
2023-03-28,8.25,87,1,3,0.9973249731081555,0.07309512989807777,8.1,8.35,8.5,6.9,8.380833333333333,False,True,True
2023-03-29,9.5,88,2,3,0.9984354211555643,0.055916990100603484,9.5,9.5,9.9,7.9,9.67,True,False,True
2023-03-29,8.1,88,2,3,0.9984354211555643,0.055916990100603484,8.25,8.0,8.8,6.9,8.3575,False,True,True
2023-03-30,9.25,89,3,3,0.9992500112396835,0.03872228089217446,9.5,9.25,10.15,8.0,9.639999999999999,True,False,True
2023-03-30,8.0,89,3,3,0.9992500112396835,0.03872228089217446,8.1,8.0,8.65,7.0,8.335833333333333,False,True,True
2023-03-31,9.125,90,4,3,0.9997685019798909,0.021516097436222254,9.25,9.25,10.15,8.25,9.605833333333333,True,False,True
2023-03-31,7.8,90,4,3,0.9997685019798909,0.021516097436222254,8.0,7.9,8.7,7.5,8.305833333333334,False,True,True
2023-04-01,7.8,91,5,4,0.9999907397361901,0.004303538296244289,7.8,8.0,8.75,7.0,8.274166666666666,False,True,True
2023-04-01,9.0,91,5,4,0.9999907397361901,0.004303538296244289,9.125,9.25,10.0,8.0,9.5725,True,False,True
2023-04-02,8.3,92,6,4,0.9999166586547379,-0.01291029607500882,7.8,8.15,8.5,7.25,8.2675,False,True,True
2023-04-02,9.125,92,6,4,0.9999166586547379,-0.01291029607500882,9.0,9.25,10.15,8.25,9.538333333333332,True,False,True
2023-04-03,8.1,93,0,4,0.9995462806873573,-0.030120304846908114,8.3,8.1,8.25,7.25,8.2625,False,True,True
2023-04-03,9.25,93,0,4,0.9995462806873573,-0.030120304846908114,9.125,9.25,10.15,8.25,9.508333333333333,True,False,True
2023-04-04,7.75,94,1,4,0.9988797155850336,-0.04732138832243185,8.1,8.25,8.5,7.25,8.2375,False,True,True
2023-04-04,9.0,94,1,4,0.9988797155850336,-0.04732138832243185,9.25,9.5,9.9,8.25,9.478333333333332,True,False,True
2023-04-05,7.65,95,2,4,0.9979171608653922,-0.06450844944931623,7.75,8.1,8.5,7.0,8.209166666666667,False,True,True
2023-04-05,9.0,95,2,4,0.9979171608653922,-0.06450844944931623,9.0,9.5,9.9,8.25,9.448333333333332,True,False,True
2023-04-06,9.0,96,3,4,0.9966589017541702,-0.08167639533042241,9.0,9.25,9.9,8.15,9.418333333333333,True,False,True
2023-04-06,7.85,96,3,4,0.9966589017541702,-0.08167639533042241,7.65,8.0,8.75,7.0,8.179166666666667,False,True,True
2023-04-07,9.25,97,4,4,0.9951053111006976,-0.09882013873287143,9.0,9.125,9.9,8.0,9.396666666666667,True,False,True
2023-04-07,8.1,97,4,4,0.9951053111006976,-0.09882013873287143,7.85,7.8,8.75,6.85,8.1575,False,True,True
2023-04-08,9.0,98,5,4,0.9932568492674143,-0.11593459959550041,9.25,9.0,9.9,8.25,9.366666666666667,True,False,True
2023-04-08,8.066666666666666,98,5,4,0.9932568492674143,-0.11593459959550041,8.1,7.8,8.75,7.0,8.134722222222221,False,True,True
2023-04-09,8.033333333333333,99,6,4,0.9911140639934547,-0.1330147065341959,8.066666666666666,8.3,8.5,6.75,8.119166666666667,False,True,True
2023-04-09,8.9,99,6,4,0.9911140639934547,-0.1330147065341959,9.0,9.125,9.75,8.125,9.338333333333335,True,False,True
2023-04-10,9.25,100,0,4,0.9886775902323405,-0.1500553983446526,8.9,9.25,9.65,8.0,9.325,True,False,True
2023-04-10,8.0,100,0,4,0.9886775902323405,-0.1500553983446526,8.033333333333333,8.1,8.4,6.5,8.105833333333333,False,True,True
2023-04-11,7.85,101,1,4,0.9859481499638304,-0.16705162550211924,8.0,7.75,8.3,6.5,8.090833333333334,False,True,True
2023-04-11,9.0,101,1,4,0.9859481499638304,-0.16705162550211924,9.25,9.0,9.65,8.0,9.303333333333335,True,False,True
2023-04-12,7.8,102,2,4,0.9829265519799822,-0.18399835165768005,7.85,7.65,8.15,6.8,8.079166666666667,False,True,True
2023-04-12,9.25,102,2,4,0.9829265519799822,-0.18399835165768005,9.0,9.0,9.75,8.0,9.286666666666667,True,False,True
2023-04-13,7.6,103,3,4,0.9796136916454901,-0.20089055513063506,7.8,7.85,8.0,7.25,8.065833333333334,False,True,True
2023-04-13,8.9,103,3,4,0.9796136916454901,-0.20089055513063506,9.25,9.0,9.65,8.25,9.261666666666667,True,False,True
2023-04-14,8.9,104,4,4,0.9760105506323683,-0.21772323039653177,8.9,9.25,9.5,8.5,9.241666666666667,True,False,True
2023-04-14,7.5,104,4,4,0.9760105506323683,-0.21772323039653177,7.6,8.1,8.3,7.5,8.039166666666667,False,True,True
2023-04-15,8.8,105,5,4,0.9721181966290613,-0.23449138957040985,8.9,9.0,9.5,8.25,9.218333333333334,True,False,True
2023-04-15,7.5,105,5,4,0.9721181966290613,-0.23449138957040985,7.5,8.066666666666666,8.5,7.25,8.005833333333333,False,True,True
2023-04-16,8.9,106,6,4,0.9679377830240642,-0.25119006388481935,8.8,8.9,9.5,8.375,9.198333333333334,True,False,True
2023-04-16,7.5,106,6,4,0.9679377830240642,-0.25119006388481935,7.5,8.033333333333333,8.25,7.25,7.980833333333333,False,True,True
2023-04-17,7.5,107,0,4,0.9634705485641488,-0.2678143051621742,7.5,8.0,8.45,7.0,7.949166666666667,False,True,True
2023-04-17,8.8,107,0,4,0.9634705485641488,-0.2678143051621742,8.9,9.25,9.5,8.5,9.175,True,False,True
2023-04-18,8.9,108,1,4,0.9587178169872964,-0.2843591872810034,8.8,9.0,9.65,8.5,9.15,True,False,True
2023-04-18,7.6,108,1,4,0.9587178169872964,-0.2843591872810034,7.5,7.85,8.5,7.25,7.919166666666667,False,True,True
2023-04-19,8.9,109,2,4,0.9536809966304457,-0.30081980763566735,8.9,9.25,9.65,8.5,9.125,True,False,True
2023-04-19,7.75,109,2,4,0.9536809966304457,-0.30081980763566735,7.6,7.8,8.425,7.25,7.8966666666666665,False,True,True
2023-04-20,7.75,110,3,4,0.9483615800121715,-0.3171912885891061,7.75,7.6,8.35,7.5,7.876666666666667,False,True,True
2023-04-20,8.8,110,3,4,0.9483615800121715,-0.3171912885891061,8.9,8.9,9.5,8.75,9.101666666666667,True,False,True
2023-04-21,8.9,111,4,4,0.9427611433904207,-0.3334687789181868,8.8,8.9,9.5,9.0,9.081666666666667,True,False,True
2023-04-21,7.75,111,4,4,0.9427611433904207,-0.3334687789181868,7.75,7.5,8.0,7.75,7.868333333333334,False,True,True
2023-04-22,8.9,112,5,4,0.9368813462954315,-0.3496474552512284,8.9,8.8,9.25,9.25,9.07,True,False,True
2023-04-22,7.75,112,5,4,0.9368813462954315,-0.3496474552512284,7.75,7.5,8.0,7.883333333333334,7.86,False,True,True
2023-04-23,9.0,113,6,4,0.9307239310379795,-0.36572252349726897,8.9,8.9,9.25,9.25,9.061666666666667,True,False,True
2023-04-23,7.97,113,6,4,0.9307239310379795,-0.36572252349726897,7.75,7.5,7.9,8.016666666666667,7.862333333333334,False,True,True
2023-04-24,9.0,114,0,4,0.9242907221930933,-0.3816892202666588,9.0,8.8,9.25,9.0,9.053333333333335,True,False,True
2023-04-24,8.1,114,0,4,0.9242907221930933,-0.3816892202666588,7.97,7.5,8.0,8.15,7.865666666666667,False,True,True
2023-04-25,8.5,115,1,4,0.9175836260593937,-0.39754281428255595,8.1,7.6,8.15,9.0,7.8773333333333335,False,True,True
2023-04-25,9.25,115,1,4,0.9175836260593937,-0.39754281428255595,9.0,8.9,9.25,9.75,9.053333333333335,True,False,True
2023-04-26,8.5,116,2,4,0.9106046300942162,-0.4132786077829042,8.5,7.75,8.1,10.0,7.890666666666666,False,True,True
2023-04-26,9.75,116,2,4,0.9106046300942162,-0.4132786077829042,9.25,8.9,9.25,11.5,9.07,True,False,True
2023-04-27,8.25,117,3,4,0.9033558023246845,-0.4288919379124835,8.5,7.75,8.25,9.0,7.890666666666666,False,True,True
2023-04-27,9.625,117,3,4,0.9033558023246845,-0.4288919379124835,9.75,8.8,9.5,11.5,9.074166666666667,True,False,True
2023-04-28,9.5,118,4,4,0.895839290734909,-0.4443781781046132,9.625,8.9,9.5,11.0,9.074166666666667,True,False,True
2023-04-28,8.0,118,4,4,0.895839290734909,-0.4443781781046132,8.25,7.75,8.1,7.5,7.887333333333333,False,True,True
2023-04-29,9.25,119,5,4,0.8880573226294932,-0.45973273945210397,9.5,8.9,9.25,10.5,9.074166666666667,True,False,True
2023-04-29,7.75,119,5,4,0.8880573226294932,-0.45973273945210397,8.0,7.75,8.0,7.25,7.8790000000000004,False,True,True
2023-04-30,9.5,120,6,4,0.8800122039735357,-0.47495107206704995,9.25,9.0,9.125,10.0,9.086666666666668,True,False,True
2023-04-30,8.0,120,6,4,0.8800122039735357,-0.47495107206704995,7.75,7.97,7.8,7.25,7.885666666666666,False,True,True
2023-05-01,9.5,121,0,5,0.8717063187093218,-0.4900286664290592,9.5,9.0,9.0,9.5,9.103333333333333,True,False,True
2023-05-01,8.25,121,0,5,0.8717063187093218,-0.4900286664290592,8.0,8.1,7.8,8.0,7.900666666666667,False,True,True
2023-05-02,7.9,122,1,5,0.8631421280499114,-0.5049610547215204,8.25,8.5,8.3,7.75,7.887333333333333,False,True,True
2023-05-02,9.5,122,1,5,0.8631421280499114,-0.5049610547215204,9.5,9.25,9.125,9.75,9.115833333333335,True,False,True
2023-05-03,8.0,123,2,5,0.854322169749827,-0.5197438121555155,7.9,8.5,8.1,8.65,7.884,False,True,True
2023-05-03,9.375,123,2,5,0.854322169749827,-0.5197438121555155,9.5,9.75,9.25,9.9,9.120000000000001,True,False,True
2023-05-04,7.8,124,3,5,0.8452490573530633,-0.5343725582809786,8.0,8.25,7.75,7.75,7.885666666666666,False,True,True
2023-05-04,9.25,124,3,5,0.8452490573530633,-0.5343725582809786,9.375,9.625,9.0,9.7,9.128333333333334,True,False,True
2023-05-05,9.25,125,4,5,0.8359254794186372,-0.548842958284719,9.25,9.5,9.0,9.5,9.136666666666667,True,False,True
2023-05-05,7.75,125,4,5,0.8359254794186372,-0.548842958284719,7.8,8.0,7.65,8.0,7.888999999999999,False,True,True
2023-05-06,9.15,126,5,5,0.8263541987239096,-0.5631507242749186,9.25,9.25,9.0,9.25,9.141666666666667,True,False,True
2023-05-06,7.6,126,5,5,0.8263541987239096,-0.5631507242749186,7.75,7.75,7.85,7.5,7.8806666666666665,False,True,True
2023-05-07,9.0,127,6,5,0.8165380514459161,-0.5772916165517272,9.15,9.5,9.25,9.75,9.133333333333333,True,False,True
2023-05-07,7.6,127,6,5,0.8165380514459161,-0.5772916165517272,7.6,8.0,8.1,8.15,7.864000000000001,False,True,True
2023-05-08,7.7,128,0,5,0.8064799463209448,-0.5912614448635781,7.6,8.25,8.066666666666666,9.25,7.851777777777778,False,True,True
2023-05-08,8.9,128,0,5,0.8064799463209448,-0.5912614448635781,9.0,9.5,9.0,10.5,9.13,True,False,True
2023-05-09,7.7,129,1,5,0.7961828637826158,-0.6050560696488488,7.7,7.9,8.033333333333333,9.25,7.8406666666666665,False,True,True
2023-05-09,9.0,129,1,5,0.7961828637826158,-0.6050560696488488,8.9,9.5,8.9,10.0,9.133333333333333,True,False,True
2023-05-10,7.75,130,2,5,0.7856498550787147,-0.6186714032625031,7.7,8.0,8.0,9.75,7.832333333333334,False,True,True
2023-05-10,8.9,130,2,5,0.7856498550787147,-0.6186714032625031,9.0,9.375,9.25,10.5,9.121666666666666,True,False,True
2023-05-11,7.75,131,3,5,0.7748840413670407,-0.6321034111873487,7.75,7.8,7.85,9.2,7.828999999999999,False,True,True
2023-05-11,9.0,131,3,5,0.7748840413670407,-0.6321034111873487,8.9,9.25,9.0,10.5,9.121666666666666,True,False,True
2023-05-12,7.5,132,4,5,0.7638886127905428,-0.6453481132295501,7.75,7.75,7.8,9.25,7.819,False,True,True
2023-05-12,8.95,132,4,5,0.7638886127905428,-0.6453481132295501,9.0,9.25,9.25,10.25,9.111666666666666,True,False,True
2023-05-13,8.9,133,5,5,0.7526668275320085,-0.6584015846980488,8.95,9.15,8.9,10.5,9.111666666666668,True,False,True
2023-05-13,7.55,133,5,5,0.7526668275320085,-0.6584015846980488,7.5,7.6,7.6,9.15,7.817333333333334,False,True,True
2023-05-14,8.8,134,6,5,0.7412220108485958,-0.6712599575675313,8.9,9.0,8.9,10.25,9.108333333333333,True,False,True
2023-05-14,7.5,134,6,5,0.7412220108485958,-0.6712599575675313,7.55,7.6,7.5,9.0,7.817333333333334,False,True,True
2023-05-15,7.55,135,0,5,0.7295575540864875,-0.6839194216246106,7.5,7.7,7.5,8.9,7.819000000000001,False,True,True
2023-05-15,8.8,135,0,5,0.7295575540864875,-0.6839194216246106,8.8,8.9,8.8,10.5,9.108333333333333,True,False,True
2023-05-16,8.85,136,1,5,0.717676913675962,-0.6963762255968722,8.8,9.0,8.9,10.25,9.106666666666666,True,False,True
2023-05-16,7.6,136,1,5,0.717676913675962,-0.6963762255968722,7.55,7.7,7.5,8.8,7.822333333333334,False,True,True
2023-05-17,7.5,137,2,5,0.705583610107178,-0.7086266782644596,7.6,7.75,7.5,8.9,7.822333333333334,False,True,True
2023-05-17,9.0,137,2,5,0.705583610107178,-0.7086266782644596,8.85,8.9,8.8,10.25,9.113333333333335,True,False,True
2023-05-18,7.75,138,3,5,0.6932812268869777,-0.7206671495538609,7.5,7.75,7.6,8.9,7.827333333333333,False,True,True
2023-05-18,9.15,138,3,5,0.6932812268869777,-0.7206671495538609,9.0,9.0,8.9,10.25,9.121666666666666,True,False,True
2023-05-19,7.4,139,4,5,0.6807734094770161,-0.7324940716135789,7.75,7.5,7.75,9.1,7.815666666666667,False,True,True
2023-05-19,9.0,139,4,5,0.6807734094770161,-0.7324940716135789,9.15,8.95,8.9,10.25,9.125,True,False,True
2023-05-20,9.0,140,5,5,0.6680638642135335,-0.7441039398713607,9.0,8.9,8.8,10.25,9.131666666666666,True,False,True
2023-05-20,7.4,140,5,5,0.6680638642135335,-0.7441039398713607,7.4,7.55,7.75,9.1,7.803999999999999,False,True,True
2023-05-21,7.5,141,6,5,0.6551563572090853,-0.7554933140726803,7.4,7.5,7.75,9.0,7.795666666666666,False,True,True
2023-05-21,9.0,141,6,5,0.6551563572090853,-0.7554933140726803,9.0,8.8,8.9,10.25,9.135,True,False,True
2023-05-22,9.0,142,0,5,0.6420547132365637,-0.766658819300159,9.0,8.8,8.9,10.5,9.138333333333332,True,False,True
2023-05-22,7.9,142,0,5,0.6420547132365637,-0.766658819300159,7.5,7.55,7.75,9.75,7.800666666666666,False,True,True
2023-05-23,9.0,143,1,5,0.6287628145958344,-0.7775971469736269,9.0,8.85,9.0,10.625,9.138333333333332,True,False,True
2023-05-23,7.75,143,1,5,0.6287628145958344,-0.7775971469736269,7.9,7.6,7.97,10.0,7.793333333333333,False,True,True
2023-05-24,7.75,144,2,5,0.6152845999633276,-0.7883050558305255,7.75,7.5,8.1,9.75,7.781666666666666,False,True,True
2023-05-24,9.0,144,2,5,0.6152845999633276,-0.7883050558305255,9.0,9.0,9.0,10.75,9.138333333333332,True,False,True
2023-05-25,7.75,145,3,5,0.6016240632249226,-0.7987793728863649,7.75,7.75,8.5,9.5,7.756666666666666,False,True,True
2023-05-25,9.0,145,3,5,0.6016240632249226,-0.7987793728863649,9.0,9.15,9.25,10.5,9.129999999999999,True,False,True
2023-05-26,9.0,146,4,5,0.5877852522924732,-0.8090169943749473,9.0,9.0,9.75,10.4,9.104999999999999,True,False,True
2023-05-26,7.8,146,4,5,0.5877852522924732,-0.8090169943749473,7.75,7.4,8.5,9.375,7.733333333333333,False,True,True
2023-05-27,8.1,147,5,5,0.5737722679043246,-0.8190148866680801,7.8,7.4,8.25,9.25,7.7283333333333335,False,True,True
2023-05-27,9.15,147,5,5,0.5737722679043246,-0.8190148866680801,9.0,9.0,9.625,10.4,9.089166666666667,True,False,True
2023-05-28,9.15,148,6,5,0.5595892624101765,-0.8287700871745038,9.15,9.0,9.5,10.25,9.077499999999999,True,False,True
2023-05-28,7.85,148,6,5,0.5595892624101765,-0.8287700871745038,8.1,7.5,8.0,9.25,7.723333333333333,False,True,True
2023-05-29,9.15,149,0,5,0.545240438540651,-0.8382797052177744,9.15,9.0,9.25,10.25,9.074166666666667,True,False,True
2023-05-29,7.75,149,0,5,0.545240438540651,-0.8382797052177744,7.85,7.9,7.75,8.75,7.723333333333333,False,True,True
2023-05-30,9.15,150,1,5,0.5307300481619334,-0.8475409228928311,9.15,9.0,9.5,10.25,9.0625,True,False,True
2023-05-30,7.75,150,1,5,0.5307300481619334,-0.8475409228928311,7.75,7.75,8.0,9.15,7.715,False,True,True
2023-05-31,9.15,151,2,5,0.5160623910158528,-0.8565509959010036,9.15,9.0,9.5,10.25,9.050833333333333,True,False,True
2023-05-31,7.75,151,2,5,0.5160623910158528,-0.8565509959010036,7.75,7.75,8.25,8.9,7.698333333333333,False,True,True
2023-06-01,8.9,152,3,6,0.5012418134457758,-0.865307254363206,9.15,9.0,9.5,10.15,9.030833333333334,True,False,True
2023-06-01,7.9,152,3,6,0.5012418134457758,-0.865307254363206,7.75,7.75,7.9,8.8,7.698333333333333,False,True,True
2023-06-02,9.0,153,4,6,0.48627270710868997,-0.8738071036110808,8.9,9.0,9.375,10.25,9.018333333333334,True,False,True
2023-06-02,7.8,153,4,6,0.48627270710868997,-0.8738071036110808,7.9,7.8,8.0,9.5,7.691666666666666,False,True,True
2023-06-03,7.65,154,5,6,0.4711595076738638,-0.8820480249558537,7.8,8.1,7.8,8.9,7.6866666666666665,False,True,True
2023-06-03,9.0,154,5,6,0.4711595076738638,-0.8820480249558537,9.0,9.15,9.25,10.15,9.01,True,False,True
2023-06-04,7.7,155,6,6,0.4559066935084588,-0.8900275764346767,7.65,7.85,7.75,8.8,7.6850000000000005,False,True,True
2023-06-04,8.9,155,6,6,0.4559066935084588,-0.8900275764346767,9.0,9.15,9.25,10.0,8.998333333333333,True,False,True
2023-06-05,8.9,156,0,6,0.440518784350495,-0.8977433935342337,8.9,9.15,9.15,10.0,8.990000000000002,True,False,True
2023-06-05,7.75,156,0,6,0.440518784350495,-0.8977433935342337,7.7,7.75,7.6,8.75,7.69,False,True,True
2023-06-06,8.0,157,1,6,0.42500033996955416,-0.9051931898913974,7.75,7.75,7.6,9.0,7.703333333333333,False,True,True
2023-06-06,9.25,157,1,6,0.42500033996955416,-0.9051931898913974,8.9,9.15,9.0,10.0,8.998333333333335,True,False,True
2023-06-07,9.1,158,2,6,0.4093559588156213,-0.9123747579707273,9.25,9.15,8.9,10.0,9.004999999999999,True,False,True
2023-06-07,7.9,158,2,6,0.4093559588156213,-0.9123747579707273,8.0,7.75,7.7,9.0,7.71,False,True,True
2023-06-08,9.1,159,3,6,0.39359027665646673,-0.9192859697186104,9.1,8.9,9.0,10.25,9.008333333333333,True,False,True
2023-06-08,7.7,159,3,6,0.39359027665646673,-0.9192859697186104,7.9,7.9,7.7,9.1,7.71,False,True,True
2023-06-09,9.1,160,4,6,0.3777079652039649,-0.9259247771938498,9.1,9.0,8.9,10.25,9.014999999999999,True,False,True
2023-06-09,7.6,160,4,6,0.3777079652039649,-0.9259247771938498,7.7,7.8,7.75,9.0,7.705,False,True,True
2023-06-10,9.0,161,5,6,0.36171373072976765,-0.9322892131745133,9.1,9.0,9.0,10.25,9.014999999999999,True,False,True
2023-06-10,7.5,161,5,6,0.36171373072976765,-0.9322892131745133,7.6,7.65,7.75,9.4,7.696666666666667,False,True,True
2023-06-11,9.0,162,6,6,0.3456123126707335,-0.9383773917408641,9.0,8.9,8.95,10.25,9.016666666666667,True,False,True
2023-06-11,7.6,162,6,6,0.3456123126707335,-0.9383773917408641,7.5,7.7,7.5,9.0,7.7,False,True,True
2023-06-12,8.0,163,0,6,0.3294084822245304,-0.9441875088341993,7.6,7.75,7.55,9.25,7.715,False,True,True
2023-06-12,9.0,163,0,6,0.3294084822245304,-0.9441875088341993,9.0,8.9,8.9,10.5,9.02,True,False,True
2023-06-13,9.0,164,1,6,0.3131070409358269,-0.9497178427914316,9.0,9.25,8.8,10.4,9.026666666666666,True,False,True
2023-06-13,8.0,164,1,6,0.3131070409358269,-0.9497178427914316,8.0,8.0,7.5,9.6,7.7316666666666665,False,True,True
2023-06-14,8.0,165,2,6,0.29671281927349075,-0.9549667548552551,8.0,7.9,7.55,9.75,7.746666666666666,False,True,True
2023-06-14,9.0,165,2,6,0.29671281927349075,-0.9549667548552551,9.0,9.1,8.8,10.5,9.033333333333333,True,False,True
2023-06-15,8.1,166,3,6,0.28023067519921585,-0.9599326896597447,8.0,7.7,7.6,9.5,7.763333333333334,False,True,True
2023-06-15,9.0,166,3,6,0.28023067519921585,-0.9599326896597447,9.0,9.1,8.85,10.65,9.038333333333332,True,False,True
2023-06-16,7.75,167,4,6,0.26366549272800704,-0.9646141756912435,8.1,7.6,7.5,9.25,7.7716666666666665,False,True,True
2023-06-16,9.0,167,4,6,0.26366549272800704,-0.9646141756912435,9.0,9.1,9.0,10.566666666666666,9.038333333333332,True,False,True
2023-06-17,9.0,168,5,6,0.24702218048093552,-0.9690098257244062,9.0,9.0,9.15,10.483333333333334,9.033333333333333,True,False,True
2023-06-17,7.75,168,5,6,0.24702218048093552,-0.9690098257244062,7.75,7.5,7.75,9.1,7.7716666666666665,False,True,True
2023-06-18,9.0,169,6,6,0.23030567023061221,-0.9731183372332619,9.0,9.0,9.0,10.4,9.033333333333333,True,False,True
2023-06-18,7.9,169,6,6,0.23030567023061221,-0.9731183372332619,7.75,7.6,7.4,9.1,7.788333333333332,False,True,True
2023-06-19,8.966666666666667,170,0,6,0.21352091543979612,-0.9769384927771817,9.0,9.0,9.0,10.4,9.032222222222224,True,False,True
2023-06-19,7.75,170,0,6,0.21352091543979612,-0.9769384927771817,7.9,8.0,7.4,9.2,7.8,False,True,True
2023-06-20,7.8,171,1,6,0.19667288979357647,-0.980469160361632,7.75,8.0,7.5,9.25,7.8100000000000005,False,True,True
2023-06-20,8.933333333333334,171,1,6,0.19667288979357647,-0.980469160361632,8.966666666666667,9.0,9.0,10.75,9.030000000000001,True,False,True
2023-06-21,7.9,172,2,6,0.1797665857255624,-0.9837092937736097,7.8,8.0,7.9,9.75,7.8100000000000005,False,True,True
2023-06-21,8.9,172,2,6,0.1797665857255624,-0.9837092937736097,8.933333333333334,9.0,9.0,10.9,9.026666666666667,True,False,True
2023-06-22,8.9,173,3,6,0.16280701293851715,-0.986657932891657,8.9,9.0,9.0,11.0,9.023333333333335,True,False,True
2023-06-22,7.8,173,3,6,0.16280701293851715,-0.986657932891657,7.9,8.1,7.75,9.65,7.8116666666666665,False,True,True
2023-06-23,7.8,174,4,6,0.1457991969198751,-0.9893142039703663,7.8,7.75,7.75,10.2,7.8133333333333335,False,True,True
2023-06-23,8.9,174,4,6,0.1457991969198751,-0.9893142039703663,8.9,9.0,9.0,11.25,9.020000000000001,True,False,True
2023-06-24,8.9,175,5,6,0.12874817745258132,-0.99167731989929,8.9,9.0,9.0,11.3,9.016666666666667,True,False,True
2023-06-24,7.85,175,5,6,0.12874817745258132,-0.99167731989929,7.8,7.75,7.75,10.25,7.816666666666666,False,True,True
2023-06-25,9.0,176,6,6,0.11165900712169512,-0.993746580436178,8.9,9.0,9.0,11.5,9.016666666666667,True,False,True
2023-06-25,7.9,176,6,6,0.11165900712169512,-0.993746580436178,7.85,7.9,7.8,10.25,7.819999999999999,False,True,True
2023-06-26,8.9,177,0,6,0.09453674981719912,-0.9955213724144752,9.0,8.966666666666667,9.15,11.5,9.008333333333333,True,False,True
2023-06-26,7.7,177,0,6,0.09453674981719912,-0.9955213724144752,7.9,7.75,8.1,10.5,7.806666666666667,False,True,True
2023-06-27,8.8,178,1,6,0.07738647923346301,-0.9970011699250151,8.9,8.933333333333334,9.15,12.25,8.996666666666668,True,False,True
2023-06-27,7.5,178,1,6,0.07738647923346301,-0.9970011699250151,7.7,7.8,7.85,11.5,7.795,False,True,True
2023-06-28,7.7,179,2,6,0.06021327736579302,-0.9981855344718586,7.5,7.9,7.75,11.6,7.793333333333334,False,True,True
2023-06-28,9.0,179,2,6,0.06021327736579302,-0.9981855344718586,8.8,8.9,9.15,12.75,8.991666666666667,True,False,True
2023-06-29,7.5,180,3,6,0.04302223300453059,-0.99907411510223,7.7,7.8,7.75,12.35,7.785,False,True,True
2023-06-29,8.8,180,3,6,0.04302223300453059,-0.99907411510223,9.0,8.9,9.15,13.5,8.979999999999999,True,False,True
2023-06-30,8.8,181,4,6,0.02581844022713308,-0.9996666485105112,8.8,8.9,9.15,13.75,8.968333333333334,True,False,True
2023-06-30,7.5,181,4,6,0.02581844022713308,-0.9996666485105112,7.5,7.8,7.75,12.4,7.776666666666667,False,True,True
2023-07-01,7.5,182,5,7,0.008606996888688698,-0.9999629591162655,7.5,7.85,7.9,11.75,7.763333333333334,False,True,True
2023-07-01,8.8,182,5,7,0.008606996888688698,-0.9999629591162655,8.8,8.9,8.9,13.75,8.965,True,False,True
2023-07-02,8.850000000000001,183,6,7,-0.008606996888688009,-0.9999629591162655,8.8,9.0,9.0,13.75,8.96,True,False,True
2023-07-02,7.85,183,6,7,-0.008606996888688009,-0.9999629591162655,7.5,7.9,7.8,11.65,7.765,False,True,True
2023-07-03,8.9,184,0,7,-0.02581844022713239,-0.9996666485105112,8.850000000000001,8.9,9.0,13.75,8.956666666666667,True,False,True
2023-07-03,8.15,184,0,7,-0.02581844022713239,-0.9996666485105112,7.85,7.7,7.65,11.6,7.781666666666667,False,True,True
2023-07-04,8.8,185,1,7,-0.04302223300453034,-0.99907411510223,8.9,8.8,8.9,14.4,8.953333333333335,True,False,True
2023-07-04,7.85,185,1,7,-0.04302223300453034,-0.99907411510223,8.15,7.5,7.7,13.5,7.786666666666666,False,True,True
2023-07-05,7.65,186,2,7,-0.060213277365792774,-0.9981855344718586,7.85,7.7,7.75,13.25,7.783333333333333,False,True,True
2023-07-05,8.8,186,2,7,-0.060213277365792774,-0.9981855344718586,8.8,9.0,8.9,15.9,8.95,True,False,True
2023-07-06,7.7,187,3,7,-0.07738647923346322,-0.9970011699250151,7.65,7.5,8.0,14.25,7.7733333333333325,False,True,True
2023-07-06,8.8,187,3,7,-0.07738647923346322,-0.9970011699250151,8.8,8.8,9.25,16.25,8.934999999999999,True,False,True
2023-07-07,7.6,188,4,7,-0.09453674981719933,-0.9955213724144752,7.7,7.5,7.9,13.75,7.763333333333333,False,True,True
2023-07-07,8.75,188,4,7,-0.09453674981719933,-0.9955213724144752,8.8,8.8,9.1,16.0,8.923333333333336,True,False,True
2023-07-08,8.75,189,5,7,-0.11165900712169444,-0.9937465804361781,8.75,8.8,9.1,15.75,8.911666666666667,True,False,True
2023-07-08,7.7,189,5,7,-0.11165900712169444,-0.9937465804361781,7.6,7.5,7.7,13.375,7.763333333333334,False,True,True
2023-07-09,8.75,190,6,7,-0.12874817745258066,-0.99167731989929,8.75,8.850000000000001,9.1,15.5,8.9,True,False,True
2023-07-09,7.7,190,6,7,-0.12874817745258066,-0.99167731989929,7.7,7.85,7.6,13.0,7.766666666666667,False,True,True
2023-07-10,7.75,191,0,7,-0.14579919691987442,-0.9893142039703664,7.7,8.15,7.5,13.5,7.775,False,True,True
2023-07-10,8.75,191,0,7,-0.14579919691987442,-0.9893142039703664,8.75,8.9,9.0,15.5,8.891666666666667,True,False,True
2023-07-11,8.75,192,1,7,-0.16280701293851646,-0.9866579328916572,8.75,8.8,9.0,15.4,8.883333333333333,True,False,True
2023-07-11,7.8,192,1,7,-0.16280701293851646,-0.9866579328916572,7.75,7.85,7.6,13.25,7.781666666666667,False,True,True
2023-07-12,8.75,193,2,7,-0.17976658572556214,-0.9837092937736098,8.75,8.8,9.0,15.25,8.875,True,False,True
2023-07-12,7.8,193,2,7,-0.17976658572556214,-0.9837092937736098,7.8,7.65,8.0,12.5,7.775,False,True,True
2023-07-13,8.65,194,3,7,-0.19667288979357622,-0.9804691603616321,8.75,8.8,9.0,15.25,8.863333333333335,True,False,True
2023-07-13,7.75,194,3,7,-0.19667288979357622,-0.9804691603616321,7.8,7.7,8.0,13.0,7.766666666666667,False,True,True
2023-07-14,7.55,195,4,7,-0.2135209154397959,-0.9769384927771817,7.75,7.6,8.0,13.5,7.751666666666667,False,True,True
2023-07-14,8.65,195,4,7,-0.2135209154397959,-0.9769384927771817,8.65,8.75,9.0,15.25,8.851666666666667,True,False,True
2023-07-15,8.65,196,5,7,-0.23030567023061196,-0.973118337233262,8.65,8.75,9.0,14.25,8.840000000000002,True,False,True
2023-07-15,7.77,196,5,7,-0.23030567023061196,-0.973118337233262,7.55,7.7,8.1,13.25,7.740666666666667,False,True,True
2023-07-16,7.8,197,6,7,-0.24702218048093527,-0.9690098257244063,7.77,7.7,7.75,12.9,7.742333333333333,False,True,True
2023-07-16,8.65,197,6,7,-0.24702218048093527,-0.9690098257244063,8.65,8.75,9.0,14.5,8.828333333333335,True,False,True
2023-07-17,8.25,198,0,7,-0.2636654927280072,-0.9646141756912435,7.8,7.75,7.75,12.5,7.7589999999999995,False,True,True
2023-07-17,9.0,198,0,7,-0.2636654927280072,-0.9646141756912435,8.65,8.75,9.0,14.45,8.828333333333335,True,False,True
2023-07-18,8.25,199,1,7,-0.2802306751992161,-0.9599326896597445,8.25,7.8,7.9,13.25,7.770666666666667,False,True,True
2023-07-18,9.15,199,1,7,-0.2802306751992161,-0.9599326896597445,9.0,8.75,9.0,14.4,8.833333333333334,True,False,True
2023-07-19,9.0,200,2,7,-0.2967128192734901,-0.9549667548552553,9.15,8.75,8.966666666666667,14.35,8.834444444444445,True,False,True
2023-07-19,8.0,200,2,7,-0.2967128192734901,-0.9549667548552553,8.25,7.8,7.75,12.25,7.779,False,True,True
2023-07-20,9.0,201,3,7,-0.3131070409358267,-0.9497178427914317,9.0,8.65,8.933333333333334,14.3,8.836666666666668,True,False,True
2023-07-20,7.7,201,3,7,-0.3131070409358267,-0.9497178427914317,8.0,7.75,7.8,12.6,7.775666666666667,False,True,True
2023-07-21,9.0,202,4,7,-0.3294084822245302,-0.9441875088341994,9.0,8.65,8.9,14.25,8.84,True,False,True
2023-07-21,7.5,202,4,7,-0.3294084822245302,-0.9441875088341994,7.7,7.55,7.9,12.25,7.762333333333333,False,True,True
2023-07-22,7.5,203,5,7,-0.3456123126707333,-0.9383773917408642,7.5,7.77,7.8,12.25,7.752333333333334,False,True,True
2023-07-22,8.8,203,5,7,-0.3456123126707333,-0.9383773917408642,9.0,8.65,8.9,14.0,8.836666666666668,True,False,True
2023-07-23,9.0,204,6,7,-0.3617137307297674,-0.9322892131745134,8.8,8.65,8.9,14.0,8.840000000000002,True,False,True
2023-07-23,7.5,204,6,7,-0.3617137307297674,-0.9322892131745134,7.5,7.8,7.8,12.25,7.742333333333334,False,True,True
2023-07-24,8.05,205,0,7,-0.37770796520396466,-0.9259247771938499,7.5,8.25,7.85,12.5,7.749,False,True,True
2023-07-24,9.0,205,0,7,-0.37770796520396466,-0.9259247771938499,9.0,9.0,8.9,14.0,8.843333333333334,True,False,True
2023-07-25,9.15,206,1,7,-0.39359027665646645,-0.9192859697186105,9.0,9.15,9.0,14.0,8.848333333333333,True,False,True
2023-07-25,8.0,206,1,7,-0.39359027665646645,-0.9192859697186105,8.05,8.25,7.9,12.5,7.7523333333333335,False,True,True
2023-07-26,8.6,207,2,7,-0.4093559588156211,-0.9123747579707274,8.0,8.0,7.7,12.125,7.782333333333333,False,True,True
2023-07-26,9.9,207,2,7,-0.4093559588156211,-0.9123747579707274,9.15,9.0,8.9,13.75,8.881666666666668,True,False,True
2023-07-27,10.0,208,3,7,-0.42500033996955394,-0.9051931898913975,9.9,9.0,8.8,13.75,8.921666666666669,True,False,True
2023-07-27,8.5,208,3,7,-0.42500033996955394,-0.9051931898913975,8.6,7.7,7.5,11.75,7.815666666666667,False,True,True
2023-07-28,7.75,209,4,7,-0.4405187843504952,-0.8977433935342336,8.5,7.5,7.7,11.5,7.817333333333333,False,True,True
2023-07-28,9.75,209,4,7,-0.4405187843504952,-0.8977433935342336,10.0,9.0,9.0,13.35,8.946666666666667,True,False,True
2023-07-29,8.4,210,5,7,-0.455906693508459,-0.8900275764346766,7.75,7.5,7.5,11.4,7.847333333333333,False,True,True
2023-07-29,10.0,210,5,7,-0.455906693508459,-0.8900275764346766,9.75,8.8,8.8,13.0,8.986666666666668,True,False,True
2023-07-30,10.0,211,6,7,-0.47115950767386394,-0.8820480249558535,8.4,7.5,7.5,12.5,7.930666666666666,False,True,True
2023-07-30,10.75,211,6,7,-0.47115950767386394,-0.8820480249558535,10.0,9.0,8.8,14.0,9.051666666666668,True,False,True
2023-07-31,10.75,212,0,7,-0.4862727071086902,-0.8738071036110807,10.75,9.0,8.8,13.75,9.116666666666667,True,False,True
2023-07-31,9.5,212,0,7,-0.4862727071086902,-0.8738071036110807,10.0,8.05,7.5,12.75,7.997333333333333,False,True,True
2023-08-01,9.5,213,1,8,-0.5012418134457756,-0.8653072543632061,9.5,8.0,7.85,12.125,8.052333333333333,False,True,True
2023-08-01,10.5,213,1,8,-0.5012418134457756,-0.8653072543632061,10.75,9.15,8.850000000000001,13.9,9.171666666666669,True,False,True
2023-08-02,10.0,214,2,8,-0.5160623910158526,-0.8565509959010037,9.5,8.6,8.15,11.5,8.113999999999999,False,True,True
2023-08-02,11.25,214,2,8,-0.5160623910158526,-0.8565509959010037,10.5,9.9,8.9,13.75,9.25,True,False,True
2023-08-03,10.0,215,3,8,-0.5307300481619331,-0.8475409228928312,10.0,8.5,7.85,12.0,8.185666666666666,False,True,True
2023-08-03,11.75,215,3,8,-0.5307300481619331,-0.8475409228928312,11.25,10.0,8.8,13.5,9.348333333333334,True,False,True
2023-08-04,11.65,216,4,8,-0.5452404385406507,-0.8382797052177745,11.75,9.75,8.8,13.5,9.443333333333333,True,False,True
2023-08-04,9.75,216,4,8,-0.5452404385406507,-0.8382797052177745,10.0,7.75,7.65,11.5,8.255666666666666,False,True,True
2023-08-05,9.95,217,5,8,-0.5595892624101763,-0.828770087174504,9.75,8.4,7.7,11.75,8.330666666666668,False,True,True
2023-08-05,11.65,217,5,8,-0.5595892624101763,-0.828770087174504,11.65,10.0,8.8,13.75,9.538333333333332,True,False,True
2023-08-06,10.15,218,6,8,-0.5737722679043243,-0.8190148866680802,9.95,10.0,7.6,11.75,8.415666666666667,False,True,True
2023-08-06,11.65,218,6,8,-0.5737722679043243,-0.8190148866680802,11.65,10.75,8.75,13.5,9.635,True,False,True
2023-08-07,10.25,219,0,8,-0.5877852522924734,-0.8090169943749472,10.15,9.5,7.7,11.75,8.500666666666666,False,True,True
2023-08-07,11.65,219,0,8,-0.5877852522924734,-0.8090169943749472,11.65,10.75,8.75,13.75,9.731666666666666,True,False,True
2023-08-08,10.5,220,1,8,-0.6016240632249227,-0.7987793728863648,10.25,9.5,7.7,12.75,8.594,False,True,True
2023-08-08,11.65,220,1,8,-0.6016240632249227,-0.7987793728863648,11.65,10.5,8.75,13.75,9.828333333333335,True,False,True
2023-08-09,10.0,221,2,8,-0.6152845999633277,-0.7883050558305253,10.5,10.0,7.75,12.45,8.669,False,True,True
2023-08-09,11.65,221,2,8,-0.6152845999633277,-0.7883050558305253,11.65,11.25,8.75,13.75,9.925,True,False,True
2023-08-10,9.5,222,3,8,-0.6287628145958345,-0.7775971469736268,10.0,10.0,7.8,12.15,8.725666666666665,False,True,True
2023-08-10,11.65,222,3,8,-0.6287628145958345,-0.7775971469736268,11.65,11.75,8.75,13.75,10.021666666666667,True,False,True
2023-08-11,9.25,223,4,8,-0.6420547132365636,-0.7666588193001592,9.5,9.75,7.8,12.35,8.774000000000001,False,True,True
2023-08-11,11.65,223,4,8,-0.6420547132365636,-0.7666588193001592,11.65,11.65,8.75,13.5,10.118333333333334,True,False,True
2023-08-12,11.65,224,5,8,-0.655156357209085,-0.7554933140726804,11.65,11.65,8.65,13.5,10.218333333333334,True,False,True
2023-08-12,9.5,224,5,8,-0.655156357209085,-0.7554933140726804,9.25,9.95,7.75,12.1,8.832333333333334,False,True,True
2023-08-13,9.75,225,6,8,-0.6680638642135333,-0.7441039398713608,9.5,10.15,7.55,11.5,8.905666666666667,False,True,True
2023-08-13,11.65,225,6,8,-0.6680638642135333,-0.7441039398713608,11.65,11.65,8.65,13.5,10.318333333333333,True,False,True
2023-08-14,9.5,226,0,8,-0.6807734094770159,-0.7324940716135792,9.75,10.25,7.77,11.5,8.963333333333335,False,True,True
2023-08-14,11.65,226,0,8,-0.6807734094770159,-0.7324940716135792,11.65,11.65,8.65,13.25,10.418333333333333,True,False,True
2023-08-15,10.0,227,1,8,-0.6932812268869771,-0.7206671495538615,9.5,10.5,7.8,11.5,9.036666666666667,False,True,True
2023-08-15,11.65,227,1,8,-0.6932812268869771,-0.7206671495538615,11.65,11.65,8.65,13.25,10.518333333333334,True,False,True
2023-08-16,10.0,228,2,8,-0.7055836101071774,-0.70862667826446,10.0,10.0,8.25,12.1,9.095,False,True,True
2023-08-16,11.65,228,2,8,-0.7055836101071774,-0.70862667826446,11.65,11.65,9.0,13.125,10.606666666666666,True,False,True
2023-08-17,11.65,229,3,8,-0.7176769136759615,-0.6963762255968726,11.65,11.65,9.15,13.0,10.69,True,False,True
2023-08-17,9.5,229,3,8,-0.7176769136759615,-0.6963762255968726,10.0,9.5,8.25,11.5,9.136666666666667,False,True,True
