pubDate,avgPrice,day_of_year,day_of_week,month,doy_sin,doy_cos,avgPrice_lag_1,avgPrice_lag_7,avgPrice_lag_30,avgPrice_lag_365,avgPrice_MA_30,specInfo_活,prodPcat_虾蟹类,prodPcat_其他类
2022-07-22,265.0,203,4,7,-0.3456123126707333,-0.9383773917408642,265.0,265.0,265.0,265.0,265.0,True,True,False
2022-07-22,270.0,203,4,7,-0.3456123126707333,-0.9383773917408642,270.0,270.0,270.0,240.0,270.0,True,False,True
2022-07-23,265.0,204,5,7,-0.3617137307297674,-0.9322892131745134,265.0,265.0,265.0,265.0,265.0,True,True,False
2022-07-23,270.0,204,5,7,-0.3617137307297674,-0.9322892131745134,270.0,270.0,270.0,240.0,270.0,True,False,True
2022-07-24,265.0,205,6,7,-0.37770796520396466,-0.9259247771938499,265.0,265.0,265.0,265.0,265.0,True,True,False
2022-07-24,270.0,205,6,7,-0.37770796520396466,-0.9259247771938499,270.0,270.0,270.0,240.0,270.0,True,False,True
2022-07-25,265.0,206,0,7,-0.39359027665646645,-0.9192859697186105,265.0,265.0,265.0,265.0,265.0,True,True,False
2022-07-25,270.0,206,0,7,-0.39359027665646645,-0.9192859697186105,270.0,270.0,270.0,240.0,270.0,True,False,True
2022-07-26,265.0,207,1,7,-0.4093559588156211,-0.9123747579707274,265.0,265.0,265.0,265.0,265.0,True,True,False
2022-07-26,270.0,207,1,7,-0.4093559588156211,-0.9123747579707274,270.0,270.0,270.0,260.0,270.0,True,False,True
2022-07-27,265.0,208,2,7,-0.42500033996955394,-0.9051931898913975,265.0,265.0,265.0,265.0,265.0,True,True,False
2022-07-27,270.0,208,2,7,-0.42500033996955394,-0.9051931898913975,270.0,270.0,270.0,260.0,270.0,True,False,True
2022-07-28,265.0,209,3,7,-0.4405187843504952,-0.8977433935342336,265.0,265.0,265.0,265.0,265.0,True,True,False
2022-07-28,270.0,209,3,7,-0.4405187843504952,-0.8977433935342336,270.0,270.0,270.0,260.0,270.0,True,False,True
2022-07-29,270.0,210,4,7,-0.455906693508459,-0.8900275764346766,270.0,270.0,270.0,260.0,270.0,True,False,True
2022-07-29,265.0,210,4,7,-0.455906693508459,-0.8900275764346766,265.0,265.0,265.0,265.0,265.0,True,True,False
2022-07-30,270.0,211,5,7,-0.47115950767386394,-0.8820480249558535,270.0,270.0,270.0,260.0,270.0,True,False,True
2022-07-30,265.0,211,5,7,-0.47115950767386394,-0.8820480249558535,265.0,265.0,265.0,265.0,265.0,True,True,False
2022-07-31,270.0,212,6,7,-0.4862727071086902,-0.8738071036110807,270.0,270.0,270.0,260.0,270.0,True,False,True
2022-07-31,265.0,212,6,7,-0.4862727071086902,-0.8738071036110807,265.0,265.0,265.0,265.0,265.0,True,True,False
2022-08-01,270.0,213,0,8,-0.5012418134457756,-0.8653072543632061,270.0,270.0,270.0,260.0,270.0,True,False,True
2022-08-01,265.0,213,0,8,-0.5012418134457756,-0.8653072543632061,265.0,265.0,265.0,265.0,265.0,True,True,False
2022-08-02,265.0,214,1,8,-0.5160623910158526,-0.8565509959010037,265.0,265.0,265.0,265.0,265.0,True,True,False
2022-08-02,270.0,214,1,8,-0.5160623910158526,-0.8565509959010037,270.0,270.0,270.0,260.0,270.0,True,False,True
2022-08-03,265.0,215,2,8,-0.5307300481619331,-0.8475409228928312,265.0,265.0,265.0,265.0,265.0,True,True,False
2022-08-03,270.0,215,2,8,-0.5307300481619331,-0.8475409228928312,270.0,270.0,270.0,260.0,270.0,True,False,True
2022-08-04,265.0,216,3,8,-0.5452404385406507,-0.8382797052177745,265.0,265.0,265.0,265.0,265.0,True,True,False
2022-08-04,270.0,216,3,8,-0.5452404385406507,-0.8382797052177745,270.0,270.0,270.0,260.0,270.0,True,False,True
2022-08-05,265.0,217,4,8,-0.5595892624101763,-0.828770087174504,265.0,265.0,265.0,265.0,265.0,True,True,False
2022-08-05,270.0,217,4,8,-0.5595892624101763,-0.828770087174504,270.0,270.0,270.0,260.0,270.0,True,False,True
2022-08-06,270.0,218,5,8,-0.5737722679043243,-0.8190148866680802,270.0,270.0,270.0,260.0,270.0,True,False,True
2022-08-06,265.0,218,5,8,-0.5737722679043243,-0.8190148866680802,265.0,265.0,265.0,265.0,265.0,True,True,False
2022-08-07,270.0,219,6,8,-0.5877852522924734,-0.8090169943749472,270.0,270.0,270.0,260.0,270.0,True,False,True
2022-08-07,265.0,219,6,8,-0.5877852522924734,-0.8090169943749472,265.0,265.0,265.0,265.0,265.0,True,True,False
2022-08-08,270.0,220,0,8,-0.6016240632249227,-0.7987793728863648,270.0,270.0,270.0,260.0,270.0,True,False,True
2022-08-08,265.0,220,0,8,-0.6016240632249227,-0.7987793728863648,265.0,265.0,265.0,265.0,265.0,True,True,False
2022-08-09,265.0,221,1,8,-0.6152845999633277,-0.7883050558305253,265.0,265.0,265.0,265.0,265.0,True,True,False
2022-08-09,270.0,221,1,8,-0.6152845999633277,-0.7883050558305253,270.0,270.0,270.0,265.0,270.0,True,False,True
2022-08-10,270.0,222,2,8,-0.6287628145958345,-0.7775971469736268,270.0,270.0,270.0,270.0,270.0,True,False,True
2022-08-10,265.0,222,2,8,-0.6287628145958345,-0.7775971469736268,265.0,265.0,265.0,265.0,265.0,True,True,False
2022-08-11,265.0,223,3,8,-0.6420547132365636,-0.7666588193001592,265.0,265.0,265.0,265.0,265.0,True,True,False
2022-08-11,270.0,223,3,8,-0.6420547132365636,-0.7666588193001592,270.0,270.0,270.0,270.0,270.0,True,False,True
2022-08-12,265.0,224,4,8,-0.655156357209085,-0.7554933140726804,265.0,265.0,265.0,265.0,265.0,True,True,False
2022-08-12,270.0,224,4,8,-0.655156357209085,-0.7554933140726804,270.0,270.0,270.0,270.0,270.0,True,False,True
2022-08-13,270.0,225,5,8,-0.6680638642135333,-0.7441039398713608,270.0,270.0,270.0,270.0,270.0,True,False,True
2022-08-13,265.0,225,5,8,-0.6680638642135333,-0.7441039398713608,265.0,265.0,265.0,265.0,265.0,True,True,False
2022-08-14,265.0,226,6,8,-0.6807734094770159,-0.7324940716135792,265.0,265.0,265.0,265.0,265.0,True,True,False
2022-08-14,270.0,226,6,8,-0.6807734094770159,-0.7324940716135792,270.0,270.0,270.0,270.0,270.0,True,False,True
2022-08-15,270.0,227,0,8,-0.6932812268869771,-0.7206671495538615,270.0,270.0,270.0,270.0,270.0,True,False,True
2022-08-15,265.0,227,0,8,-0.6932812268869771,-0.7206671495538615,265.0,265.0,265.0,265.0,265.0,True,True,False
2022-08-16,270.0,228,1,8,-0.7055836101071774,-0.70862667826446,270.0,270.0,270.0,270.0,270.0,True,False,True
2022-08-16,265.0,228,1,8,-0.7055836101071774,-0.70862667826446,265.0,265.0,265.0,265.0,265.0,True,True,False
2022-08-17,270.0,229,2,8,-0.7176769136759615,-0.6963762255968726,270.0,270.0,270.0,270.0,270.0,True,False,True
2022-08-17,265.0,229,2,8,-0.7176769136759615,-0.6963762255968726,265.0,265.0,265.0,265.0,265.0,True,True,False
2022-08-18,265.0,230,3,8,-0.7295575540864876,-0.6839194216246105,265.0,265.0,265.0,265.0,265.0,True,True,False
2022-08-18,270.0,230,3,8,-0.7295575540864876,-0.6839194216246105,270.0,270.0,270.0,270.0,270.0,True,False,True
2022-08-19,270.0,231,4,8,-0.7412220108485957,-0.6712599575675315,270.0,270.0,270.0,270.0,270.0,True,False,True
2022-08-19,265.0,231,4,8,-0.7412220108485957,-0.6712599575675315,265.0,265.0,265.0,265.0,265.0,True,True,False
2022-08-20,270.0,232,5,8,-0.7526668275320083,-0.6584015846980489,270.0,270.0,270.0,270.0,270.0,True,False,True
2022-08-20,265.0,232,5,8,-0.7526668275320083,-0.6584015846980489,265.0,265.0,265.0,265.0,265.0,True,True,False
2022-08-21,270.0,233,6,8,-0.7638886127905429,-0.64534811322955,270.0,270.0,270.0,270.0,270.0,True,False,True
2022-08-21,265.0,233,6,8,-0.7638886127905429,-0.64534811322955,265.0,265.0,265.0,265.0,265.0,True,True,False
2022-08-22,270.0,234,0,8,-0.7748840413670406,-0.6321034111873488,270.0,270.0,270.0,270.0,270.0,True,False,True
2022-08-22,265.0,234,0,8,-0.7748840413670406,-0.6321034111873488,265.0,265.0,265.0,265.0,265.0,True,True,False
2022-08-23,270.0,235,1,8,-0.7856498550787144,-0.6186714032625032,270.0,270.0,270.0,270.0,270.0,True,False,True
2022-08-23,265.0,235,1,8,-0.7856498550787144,-0.6186714032625032,265.0,265.0,265.0,265.0,265.0,True,True,False
2022-08-24,270.0,236,2,8,-0.7961828637826154,-0.6050560696488494,270.0,270.0,270.0,270.0,270.0,True,False,True
2022-08-24,265.0,236,2,8,-0.7961828637826154,-0.6050560696488494,265.0,265.0,265.0,265.0,265.0,True,True,False
2022-08-25,270.0,237,3,8,-0.8064799463209447,-0.5912614448635782,270.0,270.0,270.0,270.0,270.0,True,False,True
2022-08-25,265.0,237,3,8,-0.8064799463209447,-0.5912614448635782,265.0,265.0,265.0,265.0,265.0,True,True,False
2022-08-26,270.0,238,4,8,-0.8165380514459157,-0.5772916165517278,270.0,270.0,270.0,270.0,270.0,True,False,True
2022-08-26,265.0,238,4,8,-0.8165380514459157,-0.5772916165517278,265.0,265.0,265.0,265.0,265.0,True,True,False
2022-08-27,270.0,239,5,8,-0.8263541987239094,-0.5631507242749187,270.0,270.0,270.0,270.0,270.0,True,False,True
2022-08-27,265.0,239,5,8,-0.8263541987239094,-0.5631507242749187,265.0,265.0,265.0,265.0,265.0,True,True,False
2022-08-28,270.0,240,6,8,-0.8359254794186365,-0.5488429582847199,270.0,270.0,270.0,270.0,270.0,True,False,True
2022-08-28,265.0,240,6,8,-0.8359254794186365,-0.5488429582847199,265.0,265.0,265.0,265.0,265.0,True,True,False
2022-08-29,270.0,241,0,8,-0.8452490573530634,-0.5343725582809785,270.0,270.0,270.0,270.0,270.0,True,False,True
2022-08-29,265.0,241,0,8,-0.8452490573530634,-0.5343725582809785,265.0,265.0,265.0,265.0,265.0,True,True,False
2022-08-30,270.0,242,1,8,-0.8543221697498269,-0.5197438121555157,270.0,270.0,270.0,270.0,270.0,True,False,True
2022-08-30,265.0,242,1,8,-0.8543221697498269,-0.5197438121555157,265.0,265.0,265.0,265.0,265.0,True,True,False
2022-08-31,270.0,243,2,8,-0.8631421280499115,-0.5049610547215202,270.0,270.0,270.0,270.0,270.0,True,False,True
2022-08-31,265.0,243,2,8,-0.8631421280499115,-0.5049610547215202,265.0,265.0,265.0,265.0,265.0,True,True,False
2022-09-01,270.0,244,3,9,-0.8717063187093217,-0.4900286664290594,270.0,270.0,270.0,270.0,270.0,True,False,True
2022-09-01,265.0,244,3,9,-0.8717063187093217,-0.4900286664290594,265.0,265.0,265.0,265.0,265.0,True,True,False
2022-09-02,270.0,245,4,9,-0.8800122039735356,-0.4749510720670502,270.0,270.0,270.0,270.0,270.0,True,False,True
2022-09-02,265.0,245,4,9,-0.8800122039735356,-0.4749510720670502,265.0,265.0,265.0,265.0,265.0,True,True,False
2022-09-03,270.0,246,5,9,-0.888057322629493,-0.4597327394521046,270.0,270.0,270.0,270.0,270.0,True,False,True
2022-09-03,265.0,246,5,9,-0.888057322629493,-0.4597327394521046,265.0,265.0,265.0,265.0,265.0,True,True,False
2022-09-04,265.0,247,6,9,-0.8958392907349089,-0.4443781781046134,265.0,265.0,265.0,265.0,265.0,True,True,False
2022-09-04,270.0,247,6,9,-0.8958392907349089,-0.4443781781046134,270.0,270.0,270.0,270.0,270.0,True,False,True
2022-09-05,270.0,248,0,9,-0.9033558023246842,-0.4288919379124841,270.0,270.0,270.0,270.0,270.0,True,False,True
2022-09-05,265.0,248,0,9,-0.9033558023246842,-0.4288919379124841,265.0,265.0,265.0,265.0,265.0,True,True,False
2022-09-06,270.0,249,1,9,-0.9106046300942162,-0.41327860778290443,270.0,270.0,270.0,270.0,270.0,True,False,True
2022-09-06,265.0,249,1,9,-0.9106046300942162,-0.41327860778290443,265.0,265.0,265.0,265.0,265.0,True,True,False
2022-09-07,270.0,250,2,9,-0.9175836260593934,-0.3975428142825566,270.0,270.0,270.0,270.0,270.0,True,False,True
2022-09-07,270.0,250,2,9,-0.9175836260593934,-0.3975428142825566,265.0,265.0,265.0,265.0,265.1666666666667,True,True,False
2022-09-08,270.0,251,3,9,-0.9242907221930934,-0.3816892202666586,270.0,270.0,270.0,270.0,270.0,True,False,True
2022-09-08,270.0,251,3,9,-0.9242907221930934,-0.3816892202666586,270.0,265.0,265.0,265.0,265.3333333333333,True,True,False
2022-09-09,270.0,252,4,9,-0.9307239310379793,-0.3657225234972692,270.0,265.0,265.0,265.0,265.5,True,True,False
2022-09-09,270.0,252,4,9,-0.9307239310379793,-0.3657225234972692,270.0,270.0,270.0,270.0,270.0,True,False,True
2022-09-10,270.0,253,5,9,-0.9368813462954315,-0.34964745525122826,270.0,270.0,270.0,270.0,270.0,True,False,True
2022-09-10,270.0,253,5,9,-0.9368813462954315,-0.34964745525122826,270.0,265.0,265.0,265.0,265.6666666666667,True,True,False
2022-09-11,270.0,254,6,9,-0.9427611433904206,-0.33346877891818705,270.0,270.0,270.0,270.0,270.0,True,False,True
2022-09-11,270.0,254,6,9,-0.9427611433904206,-0.33346877891818705,270.0,265.0,265.0,265.0,265.8333333333333,True,True,False
2022-09-12,270.0,255,0,9,-0.9483615800121716,-0.31719128858910595,270.0,270.0,270.0,270.0,270.0,True,False,True
2022-09-12,270.0,255,0,9,-0.9483615800121716,-0.31719128858910595,270.0,265.0,265.0,265.0,266.0,True,True,False
2022-09-13,270.0,256,1,9,-0.9536809966304455,-0.300819807635668,270.0,270.0,270.0,270.0,270.0,True,False,True
2022-09-13,270.0,256,1,9,-0.9536809966304455,-0.300819807635668,270.0,265.0,265.0,265.0,266.1666666666667,True,True,False
2022-09-14,270.0,257,2,9,-0.9587178169872964,-0.2843591872810036,270.0,270.0,265.0,265.0,266.3333333333333,True,True,False
2022-09-14,270.0,257,2,9,-0.9587178169872964,-0.2843591872810036,270.0,270.0,270.0,270.0,270.0,True,False,True
2022-09-15,280.0,258,3,9,-0.9634705485641486,-0.26781430516217486,270.0,270.0,265.0,265.0,266.8333333333333,True,True,False
2022-09-15,270.0,258,3,9,-0.9634705485641486,-0.26781430516217486,270.0,270.0,270.0,270.0,270.0,True,False,True
2022-09-16,280.0,259,4,9,-0.9679377830240642,-0.25119006388481957,280.0,270.0,265.0,265.0,267.3333333333333,True,True,False
2022-09-16,270.0,259,4,9,-0.9679377830240642,-0.25119006388481957,270.0,270.0,270.0,270.0,270.0,True,False,True
2022-09-17,280.0,260,5,9,-0.9721181966290612,-0.23449138957041052,280.0,270.0,265.0,265.0,267.8333333333333,True,True,False
2022-09-17,270.0,260,5,9,-0.9721181966290612,-0.23449138957041052,270.0,270.0,270.0,270.0,270.0,True,False,True
2022-09-18,270.0,261,6,9,-0.9760105506323682,-0.21772323039653224,270.0,270.0,270.0,270.0,270.0,True,False,True
2022-09-18,280.0,261,6,9,-0.9760105506323682,-0.21772323039653224,280.0,270.0,265.0,265.0,268.3333333333333,True,True,False
2022-09-19,280.0,262,0,9,-0.9796136916454901,-0.20089055513063528,280.0,270.0,265.0,265.0,268.8333333333333,True,True,False
2022-09-19,270.0,262,0,9,-0.9796136916454901,-0.20089055513063528,270.0,270.0,270.0,270.0,270.0,True,False,True
2022-09-20,280.0,263,1,9,-0.9829265519799822,-0.18399835165767986,280.0,270.0,265.0,265.0,269.3333333333333,True,True,False
2022-09-20,270.0,263,1,9,-0.9829265519799822,-0.18399835165767986,270.0,270.0,270.0,270.0,270.0,True,False,True
2022-09-21,280.0,264,2,9,-0.9859481499638303,-0.1670516255021195,280.0,270.0,265.0,265.0,269.8333333333333,True,True,False
2022-09-21,270.0,264,2,9,-0.9859481499638303,-0.1670516255021195,270.0,270.0,270.0,270.0,270.0,True,False,True
2022-09-22,280.0,265,3,9,-0.9886775902323404,-0.15005539834465262,280.0,280.0,265.0,265.0,270.3333333333333,True,True,False
2022-09-22,270.0,265,3,9,-0.9886775902323404,-0.15005539834465262,270.0,270.0,270.0,270.0,270.0,True,False,True
2022-09-23,270.0,266,4,9,-0.9911140639934546,-0.13301470653419636,270.0,270.0,270.0,270.0,270.0,True,False,True
2022-09-23,280.0,266,4,9,-0.9911140639934546,-0.13301470653419636,280.0,280.0,265.0,265.0,270.8333333333333,True,True,False
2022-09-24,270.0,267,5,9,-0.9932568492674143,-0.11593459959550066,270.0,270.0,270.0,270.0,270.0,True,False,True
2022-09-24,280.0,267,5,9,-0.9932568492674143,-0.11593459959550066,280.0,280.0,265.0,265.0,271.3333333333333,True,True,False
2022-09-25,270.0,268,6,9,-0.9951053111006974,-0.09882013873287211,270.0,270.0,270.0,270.0,270.0,True,False,True
2022-09-25,280.0,268,6,9,-0.9951053111006974,-0.09882013873287211,280.0,280.0,265.0,265.0,271.8333333333333,True,True,False
2022-09-26,270.0,269,0,9,-0.99665890175417,-0.08167639533042288,270.0,270.0,270.0,270.0,270.0,True,False,True
2022-09-26,280.0,269,0,9,-0.99665890175417,-0.08167639533042288,280.0,280.0,265.0,265.0,272.3333333333333,True,True,False
2022-09-27,280.0,270,1,9,-0.9979171608653922,-0.06450844944931625,280.0,280.0,265.0,265.0,272.8333333333333,True,True,False
2022-09-27,270.0,270,1,9,-0.9979171608653922,-0.06450844944931625,270.0,270.0,270.0,270.0,270.0,True,False,True
2022-09-28,280.0,271,2,9,-0.9988797155850335,-0.04732138832243232,280.0,280.0,265.0,265.0,273.3333333333333,True,True,False
2022-09-28,270.0,271,2,9,-0.9988797155850335,-0.04732138832243232,270.0,270.0,270.0,270.0,270.0,True,False,True
2022-09-29,280.0,272,3,9,-0.9995462806873573,-0.03012030484690836,280.0,280.0,265.0,265.0,273.8333333333333,True,True,False
2022-09-29,270.0,272,3,9,-0.9995462806873573,-0.03012030484690836,270.0,270.0,270.0,270.0,270.0,True,False,True
2022-09-30,270.0,273,4,9,-0.9999166586547379,-0.012910296075008843,270.0,270.0,270.0,270.0,270.0,True,False,True
2022-09-30,280.0,273,4,9,-0.9999166586547379,-0.012910296075008843,280.0,280.0,265.0,265.0,274.3333333333333,True,True,False
2022-10-01,270.0,274,5,10,-0.9999907397361901,0.004303538296243821,270.0,270.0,270.0,270.0,270.0,True,False,True
2022-10-01,280.0,274,5,10,-0.9999907397361901,0.004303538296243821,280.0,280.0,265.0,265.0,274.8333333333333,True,True,False
2022-10-02,270.0,275,6,10,-0.9997685019798909,0.021516097436222233,270.0,270.0,270.0,270.0,270.0,True,False,True
2022-10-02,280.0,275,6,10,-0.9997685019798909,0.021516097436222233,280.0,280.0,265.0,265.0,275.3333333333333,True,True,False
2022-10-03,280.0,276,0,10,-0.9992500112396835,0.03872228089217399,280.0,280.0,265.0,265.0,275.8333333333333,True,True,False
2022-10-03,270.0,276,0,10,-0.9992500112396835,0.03872228089217399,270.0,270.0,270.0,270.0,270.0,True,False,True
2022-10-04,270.0,277,1,10,-0.9984354211555643,0.05591699010060302,270.0,270.0,270.0,270.0,270.0,True,False,True
2022-10-04,280.0,277,1,10,-0.9984354211555643,0.05591699010060302,280.0,280.0,265.0,265.0,276.3333333333333,True,True,False
2022-10-05,270.0,278,2,10,-0.9973249731081555,0.07309512989807776,270.0,270.0,270.0,270.0,270.0,True,False,True
2022-10-05,280.0,278,2,10,-0.9973249731081555,0.07309512989807776,280.0,280.0,265.0,265.0,276.8333333333333,True,True,False
2022-10-06,280.0,279,3,10,-0.9959189961471792,0.0902516100310407,280.0,280.0,265.0,265.0,277.3333333333333,True,True,False
2022-10-06,270.0,279,3,10,-0.9959189961471792,0.0902516100310407,270.0,270.0,270.0,270.0,270.0,True,False,True
2022-10-07,270.0,280,4,10,-0.994217906893952,0.10738134666416306,270.0,270.0,270.0,270.0,270.0,True,False,True
2022-10-07,280.0,280,4,10,-0.994217906893952,0.10738134666416306,280.0,280.0,270.0,265.0,277.6666666666667,True,True,False
2022-10-08,280.0,281,5,10,-0.9922222094179324,0.12447926388678869,280.0,280.0,270.0,265.0,278.0,True,True,False
2022-10-08,270.0,281,5,10,-0.9922222094179324,0.12447926388678869,270.0,270.0,270.0,270.0,270.0,True,False,True
2022-10-09,280.0,282,6,10,-0.989932495087353,0.141540295217043,280.0,280.0,270.0,265.0,278.3333333333333,True,True,False
2022-10-09,270.0,282,6,10,-0.989932495087353,0.141540295217043,270.0,270.0,270.0,270.0,270.0,True,False,True
2022-10-10,280.0,283,0,10,-0.9873494423939864,0.15855938510313475,280.0,280.0,270.0,265.0,278.6666666666667,True,True,False
2022-10-10,270.0,283,0,10,-0.9873494423939864,0.15855938510313475,270.0,270.0,270.0,270.0,270.0,True,False,True
2022-10-11,270.0,284,1,10,-0.9844738167520923,0.17553149042142777,270.0,270.0,270.0,270.0,270.0,True,False,True
2022-10-11,280.0,284,1,10,-0.9844738167520923,0.17553149042142777,280.0,280.0,270.0,265.0,279.0,True,True,False
2022-10-12,280.0,285,2,10,-0.9813064702716093,0.19245158197082995,280.0,280.0,270.0,265.0,279.3333333333333,True,True,False
2022-10-12,270.0,285,2,10,-0.9813064702716093,0.19245158197082995,270.0,270.0,270.0,270.0,270.0,True,False,True
2022-10-13,270.0,286,3,10,-0.9778483415056567,0.20931464596304888,270.0,270.0,270.0,270.0,270.0,True,False,True
2022-10-13,280.0,286,3,10,-0.9778483415056567,0.20931464596304888,280.0,280.0,270.0,265.0,279.6666666666667,True,True,False
2022-10-14,270.0,287,4,10,-0.9741004551724206,0.22611568550828803,270.0,270.0,270.0,270.0,270.0,True,False,True
2022-10-14,280.0,287,4,10,-0.9741004551724206,0.22611568550828803,280.0,280.0,270.0,265.0,280.0,True,True,False
2022-10-15,270.0,288,5,10,-0.970063921851507,0.2428497220959358,270.0,270.0,270.0,270.0,270.0,True,False,True
2022-10-15,295.0,288,5,10,-0.970063921851507,0.2428497220959358,280.0,280.0,280.0,265.0,280.5,True,True,False
2022-10-16,295.0,289,6,10,-0.965739937654855,0.25951179706979943,295.0,280.0,280.0,265.0,281.0,True,True,False
2022-10-16,270.0,289,6,10,-0.965739937654855,0.25951179706979943,270.0,270.0,270.0,270.0,270.0,True,False,True
2022-10-17,295.0,290,0,10,-0.9611297838723007,0.27609697309746883,295.0,280.0,280.0,265.0,281.5,True,True,False
2022-10-17,270.0,290,0,10,-0.9611297838723007,0.27609697309746883,270.0,270.0,270.0,270.0,270.0,True,False,True
2022-10-18,295.0,291,1,10,-0.9562348265919058,0.2926003356333479,295.0,280.0,280.0,265.0,282.0,True,True,False
2022-10-18,270.0,291,1,10,-0.9562348265919058,0.2926003356333479,270.0,270.0,270.0,270.0,270.0,True,False,True
2022-10-19,270.0,292,2,10,-0.9510565162951536,0.30901699437494723,270.0,270.0,270.0,270.0,270.0,True,False,True
2022-10-19,295.0,292,2,10,-0.9510565162951536,0.30901699437494723,295.0,280.0,280.0,265.0,282.5,True,True,False
2022-10-20,295.0,293,3,10,-0.9455963874271428,0.3253420847119795,295.0,280.0,280.0,265.0,283.0,True,True,False
2022-10-20,270.0,293,3,10,-0.9455963874271428,0.3253420847119795,270.0,270.0,270.0,270.0,270.0,True,False,True
2022-10-21,270.0,294,4,10,-0.9398560579418953,0.341570769167856,270.0,270.0,270.0,270.0,270.0,True,False,True
2022-10-21,295.0,294,4,10,-0.9398560579418953,0.341570769167856,295.0,280.0,280.0,265.0,283.5,True,True,False
2022-10-22,295.0,295,5,10,-0.9338372288229252,0.35769823883312546,295.0,295.0,280.0,265.0,284.0,True,True,False
2022-10-22,270.0,295,5,10,-0.9338372288229252,0.35769823883312546,270.0,270.0,270.0,270.0,270.0,True,False,True
2022-10-23,270.0,296,6,10,-0.9275416835791965,0.3737197147904692,270.0,270.0,270.0,270.0,270.0,True,False,True
2022-10-23,295.0,296,6,10,-0.9275416835791965,0.3737197147904692,295.0,295.0,280.0,265.0,284.5,True,True,False
2022-10-24,295.0,297,0,10,-0.9209712877166347,0.38963044953078774,295.0,295.0,280.0,265.0,285.0,True,True,False
2022-10-24,270.0,297,0,10,-0.9209712877166347,0.38963044953078774,270.0,270.0,270.0,270.0,270.0,True,False,True
2022-10-25,270.0,298,1,10,-0.9141279881853337,0.4054257283599973,270.0,270.0,270.0,270.0,270.0,True,False,True
2022-10-25,295.0,298,1,10,-0.9141279881853337,0.4054257283599973,295.0,295.0,280.0,265.0,285.5,True,True,False
2022-10-26,270.0,299,2,10,-0.9070138128026362,0.42110087079608916,270.0,270.0,270.0,270.0,270.0,True,False,True
2022-10-26,295.0,299,2,10,-0.9070138128026362,0.42110087079608916,295.0,295.0,280.0,265.0,286.0,True,True,False
2022-10-27,270.0,300,3,10,-0.8996308696522434,0.4366512319560638,270.0,270.0,270.0,270.0,270.0,True,False,True
2022-10-27,295.0,300,3,10,-0.8996308696522434,0.4366512319560638,295.0,295.0,280.0,265.0,286.5,True,True,False
2022-10-28,295.0,301,4,10,-0.8919813464595487,0.45207220393230374,295.0,295.0,280.0,265.0,287.0,True,True,False
2022-10-28,270.0,301,4,10,-0.8919813464595487,0.45207220393230374,270.0,270.0,270.0,270.0,270.0,True,False,True
2022-10-29,270.0,302,5,10,-0.8840675099433637,0.46735921715800205,270.0,270.0,270.0,270.0,270.0,True,False,True
2022-10-29,295.0,302,5,10,-0.8840675099433637,0.46735921715800205,295.0,295.0,280.0,265.0,287.5,True,True,False
2022-10-30,270.0,303,6,10,-0.8758917051442433,0.48250774176121763,270.0,270.0,270.0,270.0,270.0,True,False,True
2022-10-30,295.0,303,6,10,-0.8758917051442433,0.48250774176121763,295.0,295.0,280.0,265.0,288.0,True,True,False
2022-10-31,270.0,304,0,10,-0.8674563547295971,0.4975132889071803,270.0,270.0,270.0,270.0,270.0,True,False,True
2022-10-31,295.0,304,0,10,-0.8674563547295971,0.4975132889071803,295.0,295.0,280.0,265.0,288.5,True,True,False
2022-11-01,295.0,305,1,11,-0.858763958275803,0.5123714121284235,295.0,295.0,280.0,265.0,289.0,True,True,False
2022-11-01,270.0,305,1,11,-0.858763958275803,0.5123714121284235,270.0,270.0,270.0,270.0,270.0,True,False,True
2022-11-02,270.0,306,2,11,-0.8498170915275277,0.5270777086423724,270.0,270.0,270.0,270.0,270.0,True,False,True
2022-11-02,295.0,306,2,11,-0.8498170915275277,0.5270777086423724,295.0,295.0,280.0,265.0,289.5,True,True,False
2022-11-03,270.0,307,3,11,-0.8406184056344783,0.5416278206559811,270.0,270.0,270.0,270.0,270.0,True,False,True
2022-11-03,295.0,307,3,11,-0.8406184056344783,0.5416278206559811,295.0,295.0,280.0,265.0,290.0,True,True,False
2022-11-04,270.0,308,4,11,-0.8311706263658079,0.5560174366570446,270.0,270.0,270.0,270.0,270.0,True,False,True
2022-11-04,295.0,308,4,11,-0.8311706263658079,0.5560174366570446,295.0,295.0,280.0,265.0,290.5,True,True,False
2022-11-05,270.0,309,5,11,-0.8214765533024145,0.5702422926917867,270.0,270.0,270.0,270.0,270.0,True,False,True
2022-11-05,295.0,309,5,11,-0.8214765533024145,0.5702422926917867,295.0,295.0,280.0,265.0,291.0,True,True,False
2022-11-06,270.0,310,6,11,-0.8115390590073611,0.5842981736283683,270.0,270.0,270.0,270.0,270.0,True,False,True
2022-11-06,295.0,310,6,11,-0.8115390590073611,0.5842981736283683,295.0,295.0,280.0,265.0,291.5,True,True,False
2022-11-07,270.0,311,0,11,-0.801361088174677,0.5981809144059158,270.0,270.0,270.0,270.0,270.0,True,False,True
2022-11-07,295.0,311,0,11,-0.801361088174677,0.5981809144059158,295.0,295.0,280.0,265.0,292.0,True,True,False
2022-11-08,270.0,312,1,11,-0.7909456567567774,0.6118864012687242,270.0,270.0,270.0,270.0,270.0,True,False,True
2022-11-08,295.0,312,1,11,-0.7909456567567774,0.6118864012687242,295.0,295.0,280.0,265.0,292.5,True,True,False
2022-11-09,295.0,313,2,11,-0.780295851070776,0.6254105729852457,295.0,295.0,280.0,265.0,293.0,True,True,False
2022-11-09,270.0,313,2,11,-0.780295851070776,0.6254105729852457,270.0,270.0,270.0,270.0,270.0,True,False,True
2022-11-10,270.0,314,3,11,-0.7694148268839381,0.6387494220515268,270.0,270.0,270.0,270.0,270.0,True,False,True
2022-11-10,295.0,314,3,11,-0.7694148268839381,0.6387494220515268,295.0,295.0,280.0,265.0,293.5,True,True,False
2022-11-11,270.0,315,4,11,-0.7583058084785625,0.6518989958787125,270.0,270.0,270.0,270.0,270.0,True,False,True
2022-11-11,295.0,315,4,11,-0.7583058084785625,0.6518989958787125,295.0,295.0,280.0,265.0,294.0,True,True,False
2022-11-12,270.0,316,5,11,-0.7469720876965551,0.6648553979642866,270.0,270.0,270.0,270.0,270.0,True,False,True
2022-11-12,295.0,316,5,11,-0.7469720876965551,0.6648553979642866,295.0,295.0,280.0,265.0,294.5,True,True,False
2022-11-13,270.0,317,6,11,-0.7354170229639858,0.6776147890466887,270.0,270.0,270.0,270.0,270.0,True,False,True
2022-11-13,295.0,317,6,11,-0.7354170229639858,0.6776147890466887,295.0,295.0,280.0,265.0,295.0,True,True,False
2022-11-14,295.0,318,0,11,-0.7236440382959124,0.690173388242972,295.0,295.0,295.0,265.0,295.0,True,True,False
2022-11-14,270.0,318,0,11,-0.7236440382959124,0.690173388242972,270.0,270.0,270.0,270.0,270.0,True,False,True
