pubDate,avgPrice,day_of_year,day_of_week,month,doy_sin,doy_cos,avgPrice_lag_1,avgPrice_lag_7,avgPrice_lag_30,avgPrice_lag_365,avgPrice_MA_30,specInfo_>2000g,specInfo_<2000g,prodPcat_淡水鱼
2022-07-17,12.0,198,6,7,-0.2636654927280072,-0.9646141756912435,11.75,12.0,12.5,11.5,12.183333333333334,True,False,True
2022-07-17,11.25,198,6,7,-0.2636654927280072,-0.9646141756912435,11.25,11.5,12.25,11.5,11.775,False,True,True
2022-07-18,12.0,199,0,7,-0.2802306751992161,-0.9599326896597445,12.0,12.0,12.5,11.5,12.166666666666666,True,False,True
2022-07-18,11.25,199,0,7,-0.2802306751992161,-0.9599326896597445,11.25,11.5,12.25,11.5,11.741666666666667,False,True,True
2022-07-19,12.0,200,1,7,-0.2967128192734901,-0.9549667548552553,12.0,12.0,12.5,11.5,12.15,True,False,True
2022-07-19,11.25,200,1,7,-0.2967128192734901,-0.9549667548552553,11.25,11.5,12.25,11.5,11.708333333333334,False,True,True
2022-07-20,12.0,201,2,7,-0.3131070409358267,-0.9497178427914317,12.0,12.0,12.5,11.5,12.133333333333333,True,False,True
2022-07-20,11.25,201,2,7,-0.3131070409358267,-0.9497178427914317,11.25,11.5,12.25,11.5,11.675,False,True,True
2022-07-21,12.0,202,3,7,-0.3294084822245302,-0.9441875088341994,12.0,12.0,12.5,11.5,12.116666666666667,True,False,True
2022-07-21,11.25,202,3,7,-0.3294084822245302,-0.9441875088341994,11.25,11.5,12.25,11.5,11.641666666666667,False,True,True
2022-07-22,12.0,203,4,7,-0.3456123126707333,-0.9383773917408642,12.0,11.75,12.5,11.5,12.1,True,False,True
2022-07-22,11.25,203,4,7,-0.3456123126707333,-0.9383773917408642,11.25,11.25,12.25,11.5,11.608333333333333,False,True,True
2022-07-23,12.0,204,5,7,-0.3617137307297674,-0.9322892131745134,12.0,11.75,12.5,11.5,12.083333333333334,True,False,True
2022-07-23,11.25,204,5,7,-0.3617137307297674,-0.9322892131745134,11.25,11.25,12.25,11.5,11.575,False,True,True
2022-07-24,11.25,205,6,7,-0.37770796520396466,-0.9259247771938499,11.25,11.25,12.25,11.166666666666666,11.541666666666666,False,True,True
2022-07-24,12.0,205,6,7,-0.37770796520396466,-0.9259247771938499,12.0,12.0,12.5,11.0,12.066666666666666,True,False,True
2022-07-25,11.25,206,0,7,-0.39359027665646645,-0.9192859697186105,11.25,11.25,12.25,10.833333333333334,11.508333333333333,False,True,True
2022-07-25,12.0,206,0,7,-0.39359027665646645,-0.9192859697186105,12.0,12.0,12.5,10.5,12.05,True,False,True
2022-07-26,11.25,207,1,7,-0.4093559588156211,-0.9123747579707274,11.25,11.25,12.25,10.5,11.475,False,True,True
2022-07-26,12.0,207,1,7,-0.4093559588156211,-0.9123747579707274,12.0,12.0,12.5,10.5,12.033333333333333,True,False,True
2022-07-27,11.25,208,2,7,-0.42500033996955394,-0.9051931898913975,11.25,11.25,12.25,10.5,11.441666666666666,False,True,True
2022-07-27,12.0,208,2,7,-0.42500033996955394,-0.9051931898913975,12.0,12.0,12.5,10.5,12.016666666666667,True,False,True
2022-07-28,12.0,209,3,7,-0.4405187843504952,-0.8977433935342336,12.0,12.0,12.5,10.5,12.0,True,False,True
2022-07-28,11.25,209,3,7,-0.4405187843504952,-0.8977433935342336,11.25,11.25,12.25,10.5,11.408333333333333,False,True,True
2022-07-29,12.0,210,4,7,-0.455906693508459,-0.8900275764346766,12.0,12.0,12.5,10.5,11.983333333333333,True,False,True
2022-07-29,11.25,210,4,7,-0.455906693508459,-0.8900275764346766,11.25,11.25,12.25,10.5,11.375,False,True,True
2022-07-30,12.0,211,5,7,-0.47115950767386394,-0.8820480249558535,12.0,12.0,12.0,10.5,11.983333333333333,True,False,True
2022-07-30,11.25,211,5,7,-0.47115950767386394,-0.8820480249558535,11.25,11.25,11.5,10.5,11.366666666666667,False,True,True
2022-07-31,11.25,212,6,7,-0.4862727071086902,-0.8738071036110807,11.25,11.25,11.5,10.5,11.358333333333333,False,True,True
2022-07-31,12.0,212,6,7,-0.4862727071086902,-0.8738071036110807,12.0,12.0,12.0,10.5,11.983333333333333,True,False,True
2022-08-01,11.25,213,0,8,-0.5012418134457756,-0.8653072543632061,11.25,11.25,11.5,10.5,11.35,False,True,True
2022-08-01,12.0,213,0,8,-0.5012418134457756,-0.8653072543632061,12.0,12.0,12.0,10.5,11.983333333333333,True,False,True
2022-08-02,11.25,214,1,8,-0.5160623910158526,-0.8565509959010037,11.25,11.25,11.5,10.5,11.341666666666667,False,True,True
2022-08-02,12.0,214,1,8,-0.5160623910158526,-0.8565509959010037,12.0,12.0,12.0,10.5,11.983333333333333,True,False,True
2022-08-03,10.25,215,2,8,-0.5307300481619331,-0.8475409228928312,11.25,11.25,11.5,10.5,11.3,False,True,True
2022-08-03,11.0,215,2,8,-0.5307300481619331,-0.8475409228928312,12.0,12.0,12.0,10.5,11.95,True,False,True
2022-08-04,11.0,216,3,8,-0.5452404385406507,-0.8382797052177745,11.0,12.0,12.0,10.5,11.916666666666666,True,False,True
2022-08-04,10.25,216,3,8,-0.5452404385406507,-0.8382797052177745,10.25,11.25,11.5,10.5,11.258333333333333,False,True,True
2022-08-05,10.5,217,4,8,-0.5595892624101763,-0.828770087174504,11.0,12.0,12.0,10.5,11.866666666666667,True,False,True
2022-08-05,9.5,217,4,8,-0.5595892624101763,-0.828770087174504,10.25,11.25,11.5,10.5,11.191666666666666,False,True,True
2022-08-06,9.5,218,5,8,-0.5737722679043243,-0.8190148866680802,9.5,11.25,11.5,10.5,11.125,False,True,True
2022-08-06,10.5,218,5,8,-0.5737722679043243,-0.8190148866680802,10.5,12.0,12.0,10.5,11.816666666666666,True,False,True
2022-08-07,9.5,219,6,8,-0.5877852522924734,-0.8090169943749472,9.5,11.25,11.5,10.5,11.058333333333334,False,True,True
2022-08-07,10.5,219,6,8,-0.5877852522924734,-0.8090169943749472,10.5,12.0,12.0,10.5,11.766666666666667,True,False,True
2022-08-08,10.5,220,0,8,-0.6016240632249227,-0.7987793728863648,10.5,12.0,12.0,10.5,11.716666666666667,True,False,True
2022-08-08,9.5,220,0,8,-0.6016240632249227,-0.7987793728863648,9.5,11.25,11.5,10.5,10.991666666666667,False,True,True
2022-08-09,9.5,221,1,8,-0.6152845999633277,-0.7883050558305253,9.5,11.25,11.5,10.5,10.925,False,True,True
2022-08-09,10.5,221,1,8,-0.6152845999633277,-0.7883050558305253,10.5,12.0,12.0,10.5,11.666666666666666,True,False,True
2022-08-10,9.5,222,2,8,-0.6287628145958345,-0.7775971469736268,9.5,10.25,11.5,10.5,10.858333333333333,False,True,True
2022-08-10,10.5,222,2,8,-0.6287628145958345,-0.7775971469736268,10.5,11.0,12.0,10.5,11.616666666666667,True,False,True
2022-08-11,10.5,223,3,8,-0.6420547132365636,-0.7666588193001592,10.5,11.0,12.0,10.5,11.566666666666666,True,False,True
2022-08-11,9.5,223,3,8,-0.6420547132365636,-0.7666588193001592,9.5,10.25,11.5,10.5,10.791666666666666,False,True,True
2022-08-12,10.5,224,4,8,-0.655156357209085,-0.7554933140726804,10.5,10.5,12.0,10.5,11.516666666666667,True,False,True
2022-08-12,9.5,224,4,8,-0.655156357209085,-0.7554933140726804,9.5,9.5,11.5,10.5,10.725,False,True,True
2022-08-13,9.5,225,5,8,-0.6680638642135333,-0.7441039398713608,9.5,9.5,11.5,10.0,10.658333333333333,False,True,True
2022-08-13,10.5,225,5,8,-0.6680638642135333,-0.7441039398713608,10.5,10.5,12.0,10.0,11.466666666666667,True,False,True
2022-08-14,9.5,226,6,8,-0.6807734094770159,-0.7324940716135792,9.5,9.5,11.25,10.0,10.6,False,True,True
2022-08-14,10.5,226,6,8,-0.6807734094770159,-0.7324940716135792,10.5,10.5,11.75,10.0,11.425,True,False,True
2022-08-15,9.5,227,0,8,-0.6932812268869771,-0.7206671495538615,9.5,9.5,11.25,10.0,10.541666666666666,False,True,True
2022-08-15,10.5,227,0,8,-0.6932812268869771,-0.7206671495538615,10.5,10.5,11.75,10.0,11.383333333333333,True,False,True
2022-08-16,9.5,228,1,8,-0.7055836101071774,-0.70862667826446,9.5,9.5,11.25,10.0,10.483333333333333,False,True,True
2022-08-16,10.5,228,1,8,-0.7055836101071774,-0.70862667826446,10.5,10.5,12.0,10.0,11.333333333333334,True,False,True
2022-08-17,9.5,229,2,8,-0.7176769136759615,-0.6963762255968726,9.5,9.5,11.25,10.0,10.425,False,True,True
2022-08-17,10.5,229,2,8,-0.7176769136759615,-0.6963762255968726,10.5,10.5,12.0,10.0,11.283333333333333,True,False,True
2022-08-18,9.5,230,3,8,-0.7295575540864876,-0.6839194216246105,9.5,9.5,11.25,10.0,10.366666666666667,False,True,True
2022-08-18,10.5,230,3,8,-0.7295575540864876,-0.6839194216246105,10.5,10.5,12.0,10.0,11.233333333333333,True,False,True
2022-08-19,10.5,231,4,8,-0.7412220108485957,-0.6712599575675315,10.5,10.5,12.0,10.0,11.183333333333334,True,False,True
2022-08-19,9.5,231,4,8,-0.7412220108485957,-0.6712599575675315,9.5,9.5,11.25,10.0,10.308333333333334,False,True,True
2022-08-20,9.5,232,5,8,-0.7526668275320083,-0.6584015846980489,9.5,9.5,11.25,10.0,10.25,False,True,True
2022-08-20,10.5,232,5,8,-0.7526668275320083,-0.6584015846980489,10.5,10.5,12.0,10.0,11.133333333333333,True,False,True
2022-08-21,10.5,233,6,8,-0.7638886127905429,-0.64534811322955,10.5,10.5,12.0,10.0,11.083333333333334,True,False,True
2022-08-21,9.5,233,6,8,-0.7638886127905429,-0.64534811322955,9.5,9.5,11.25,10.0,10.191666666666666,False,True,True
2022-08-22,10.5,234,0,8,-0.7748840413670406,-0.6321034111873488,10.5,10.5,12.0,10.0,11.033333333333333,True,False,True
2022-08-22,9.5,234,0,8,-0.7748840413670406,-0.6321034111873488,9.5,9.5,11.25,10.0,10.133333333333333,False,True,True
2022-08-23,10.5,235,1,8,-0.7856498550787144,-0.6186714032625032,10.5,10.5,12.0,10.0,10.983333333333333,True,False,True
2022-08-23,9.5,235,1,8,-0.7856498550787144,-0.6186714032625032,9.5,9.5,11.25,10.0,10.075,False,True,True
2022-08-24,10.5,236,2,8,-0.7961828637826154,-0.6050560696488494,10.5,10.5,12.0,10.0,10.933333333333334,True,False,True
2022-08-24,9.5,236,2,8,-0.7961828637826154,-0.6050560696488494,9.5,9.5,11.25,10.0,10.016666666666667,False,True,True
2022-08-25,9.5,237,3,8,-0.8064799463209447,-0.5912614448635782,9.5,9.5,11.25,10.0,9.958333333333334,False,True,True
2022-08-25,10.5,237,3,8,-0.8064799463209447,-0.5912614448635782,10.5,10.5,12.0,10.0,10.883333333333333,True,False,True
2022-08-26,9.5,238,4,8,-0.8165380514459157,-0.5772916165517278,9.5,9.5,11.25,10.0,9.9,False,True,True
2022-08-26,10.5,238,4,8,-0.8165380514459157,-0.5772916165517278,10.5,10.5,12.0,10.0,10.833333333333334,True,False,True
2022-08-27,9.5,239,5,8,-0.8263541987239094,-0.5631507242749187,9.5,9.5,11.25,10.0,9.841666666666667,False,True,True
2022-08-27,10.5,239,5,8,-0.8263541987239094,-0.5631507242749187,10.5,10.5,12.0,10.0,10.783333333333333,True,False,True
2022-08-28,10.5,240,6,8,-0.8359254794186365,-0.5488429582847199,10.5,10.5,12.0,9.75,10.733333333333333,True,False,True
2022-08-28,9.5,240,6,8,-0.8359254794186365,-0.5488429582847199,9.5,9.5,11.25,9.75,9.783333333333333,False,True,True
2022-08-29,9.5,241,0,8,-0.8452490573530634,-0.5343725582809785,9.5,9.5,11.25,9.5,9.725,False,True,True
2022-08-29,10.5,241,0,8,-0.8452490573530634,-0.5343725582809785,10.5,10.5,12.0,9.5,10.683333333333334,True,False,True
2022-08-30,10.5,242,1,8,-0.8543221697498269,-0.5197438121555157,10.5,10.5,12.0,9.5,10.633333333333333,True,False,True
2022-08-30,9.5,242,1,8,-0.8543221697498269,-0.5197438121555157,9.5,9.5,11.25,9.5,9.666666666666666,False,True,True
2022-08-31,9.5,243,2,8,-0.8631421280499115,-0.5049610547215202,9.5,9.5,11.25,9.5,9.608333333333333,False,True,True
2022-08-31,10.5,243,2,8,-0.8631421280499115,-0.5049610547215202,10.5,10.5,12.0,9.5,10.583333333333334,True,False,True
2022-09-01,9.5,244,3,9,-0.8717063187093217,-0.4900286664290594,9.5,9.5,11.25,9.5,9.55,False,True,True
2022-09-01,10.5,244,3,9,-0.8717063187093217,-0.4900286664290594,10.5,10.5,12.0,9.5,10.533333333333333,True,False,True
2022-09-02,10.5,245,4,9,-0.8800122039735356,-0.4749510720670502,10.5,10.5,11.0,9.5,10.516666666666667,True,False,True
2022-09-02,9.5,245,4,9,-0.8800122039735356,-0.4749510720670502,9.5,9.5,10.25,9.5,9.525,False,True,True
2022-09-03,10.5,246,5,9,-0.888057322629493,-0.4597327394521046,10.5,10.5,11.0,9.5,10.5,True,False,True
2022-09-03,9.5,246,5,9,-0.888057322629493,-0.4597327394521046,9.5,9.5,10.25,9.5,9.5,False,True,True
2022-09-04,9.5,247,6,9,-0.8958392907349089,-0.4443781781046134,9.5,9.5,9.5,9.5,9.5,False,True,True
2022-09-04,10.5,247,6,9,-0.8958392907349089,-0.4443781781046134,10.5,10.5,10.5,9.5,10.5,True,False,True
2022-09-05,9.5,248,0,9,-0.9033558023246842,-0.4288919379124841,9.5,9.5,9.5,9.5,9.5,False,True,True
2022-09-05,10.5,248,0,9,-0.9033558023246842,-0.4288919379124841,10.5,10.5,10.5,9.5,10.5,True,False,True
2022-09-06,9.5,249,1,9,-0.9106046300942162,-0.41327860778290443,9.5,9.5,9.5,9.5,9.5,False,True,True
2022-09-06,10.5,249,1,9,-0.9106046300942162,-0.41327860778290443,10.5,10.5,10.5,9.5,10.5,True,False,True
2022-09-07,10.5,250,2,9,-0.9175836260593934,-0.3975428142825566,10.5,10.5,10.5,9.5,10.5,True,False,True
2022-09-07,9.5,250,2,9,-0.9175836260593934,-0.3975428142825566,9.5,9.5,9.5,9.5,9.5,False,True,True
2022-09-08,9.5,251,3,9,-0.9242907221930934,-0.3816892202666586,9.5,9.5,9.5,9.5,9.5,False,True,True
2022-09-08,10.5,251,3,9,-0.9242907221930934,-0.3816892202666586,10.5,10.5,10.5,9.5,10.5,True,False,True
2022-09-09,10.5,252,4,9,-0.9307239310379793,-0.3657225234972692,10.5,10.5,10.5,9.5,10.5,True,False,True
2022-09-09,9.5,252,4,9,-0.9307239310379793,-0.3657225234972692,9.5,9.5,9.5,9.5,9.5,False,True,True
2022-09-10,10.5,253,5,9,-0.9368813462954315,-0.34964745525122826,10.5,10.5,10.5,9.5,10.5,True,False,True
2022-09-10,9.5,253,5,9,-0.9368813462954315,-0.34964745525122826,9.5,9.5,9.5,9.5,9.5,False,True,True
2022-09-11,10.5,254,6,9,-0.9427611433904206,-0.33346877891818705,10.5,10.5,10.5,9.5,10.5,True,False,True
2022-09-11,9.5,254,6,9,-0.9427611433904206,-0.33346877891818705,9.5,9.5,9.5,9.5,9.5,False,True,True
2022-09-12,9.5,255,0,9,-0.9483615800121716,-0.31719128858910595,9.5,9.5,9.5,9.5,9.5,False,True,True
2022-09-12,10.5,255,0,9,-0.9483615800121716,-0.31719128858910595,10.5,10.5,10.5,9.5,10.5,True,False,True
2022-09-13,10.5,256,1,9,-0.9536809966304455,-0.300819807635668,10.5,10.5,10.5,9.5,10.5,True,False,True
2022-09-13,9.5,256,1,9,-0.9536809966304455,-0.300819807635668,9.5,9.5,9.5,9.5,9.5,False,True,True
2022-09-14,10.5,257,2,9,-0.9587178169872964,-0.2843591872810036,10.5,10.5,10.5,9.5,10.5,True,False,True
2022-09-14,9.5,257,2,9,-0.9587178169872964,-0.2843591872810036,9.5,9.5,9.5,9.5,9.5,False,True,True
2022-09-15,10.5,258,3,9,-0.9634705485641486,-0.26781430516217486,10.5,10.5,10.5,9.5,10.5,True,False,True
2022-09-15,9.5,258,3,9,-0.9634705485641486,-0.26781430516217486,9.5,9.5,9.5,9.5,9.5,False,True,True
2022-09-16,9.5,259,4,9,-0.9679377830240642,-0.25119006388481957,9.5,9.5,9.5,9.5,9.5,False,True,True
2022-09-16,10.5,259,4,9,-0.9679377830240642,-0.25119006388481957,10.5,10.5,10.5,9.5,10.5,True,False,True
2022-09-17,10.5,260,5,9,-0.9721181966290612,-0.23449138957041052,10.5,10.5,10.5,9.5,10.5,True,False,True
2022-09-17,9.5,260,5,9,-0.9721181966290612,-0.23449138957041052,9.5,9.5,9.5,9.5,9.5,False,True,True
2022-09-18,10.5,261,6,9,-0.9760105506323682,-0.21772323039653224,10.5,10.5,10.5,9.5,10.5,True,False,True
2022-09-18,9.5,261,6,9,-0.9760105506323682,-0.21772323039653224,9.5,9.5,9.5,9.5,9.5,False,True,True
2022-09-19,9.5,262,0,9,-0.9796136916454901,-0.20089055513063528,9.5,9.5,9.5,9.5,9.5,False,True,True
2022-09-19,10.5,262,0,9,-0.9796136916454901,-0.20089055513063528,10.5,10.5,10.5,9.5,10.5,True,False,True
2022-09-20,10.5,263,1,9,-0.9829265519799822,-0.18399835165767986,10.5,10.5,10.5,9.5,10.5,True,False,True
2022-09-20,9.5,263,1,9,-0.9829265519799822,-0.18399835165767986,9.5,9.5,9.5,9.5,9.5,False,True,True
2022-09-21,9.5,264,2,9,-0.9859481499638303,-0.1670516255021195,9.5,9.5,9.5,9.5,9.5,False,True,True
2022-09-21,10.5,264,2,9,-0.9859481499638303,-0.1670516255021195,10.5,10.5,10.5,9.5,10.5,True,False,True
2022-09-22,10.5,265,3,9,-0.9886775902323404,-0.15005539834465262,10.5,10.5,10.5,8.25,10.5,True,False,True
2022-09-22,9.5,265,3,9,-0.9886775902323404,-0.15005539834465262,9.5,9.5,9.5,9.0,9.5,False,True,True
2022-09-23,9.5,266,4,9,-0.9911140639934546,-0.13301470653419636,9.5,9.5,9.5,9.0,9.5,False,True,True
2022-09-23,10.5,266,4,9,-0.9911140639934546,-0.13301470653419636,10.5,10.5,10.5,8.25,10.5,True,False,True
2022-09-24,9.5,267,5,9,-0.9932568492674143,-0.11593459959550066,9.5,9.5,9.5,9.0,9.5,False,True,True
2022-09-24,10.5,267,5,9,-0.9932568492674143,-0.11593459959550066,10.5,10.5,10.5,8.25,10.5,True,False,True
2022-09-25,10.5,268,6,9,-0.9951053111006974,-0.09882013873287211,10.5,10.5,10.5,8.25,10.5,True,False,True
2022-09-25,9.5,268,6,9,-0.9951053111006974,-0.09882013873287211,9.5,9.5,9.5,9.0,9.5,False,True,True
2022-09-26,10.5,269,0,9,-0.99665890175417,-0.08167639533042288,10.5,10.5,10.5,8.25,10.5,True,False,True
2022-09-26,9.5,269,0,9,-0.99665890175417,-0.08167639533042288,9.5,9.5,9.5,9.0,9.5,False,True,True
2022-09-27,9.5,270,1,9,-0.9979171608653922,-0.06450844944931625,9.5,9.5,9.5,9.0,9.5,False,True,True
2022-09-27,10.5,270,1,9,-0.9979171608653922,-0.06450844944931625,10.5,10.5,10.5,8.25,10.5,True,False,True
2022-09-28,9.5,271,2,9,-0.9988797155850335,-0.04732138832243232,9.5,9.5,9.5,9.0,9.5,False,True,True
2022-09-28,10.5,271,2,9,-0.9988797155850335,-0.04732138832243232,10.5,10.5,10.5,8.25,10.5,True,False,True
2022-09-29,10.5,272,3,9,-0.9995462806873573,-0.03012030484690836,10.5,10.5,10.5,8.25,10.5,True,False,True
2022-09-29,9.5,272,3,9,-0.9995462806873573,-0.03012030484690836,9.5,9.5,9.5,9.0,9.5,False,True,True
2022-09-30,10.5,273,4,9,-0.9999166586547379,-0.012910296075008843,10.5,10.5,10.5,8.25,10.5,True,False,True
2022-09-30,9.5,273,4,9,-0.9999166586547379,-0.012910296075008843,9.5,9.5,9.5,9.0,9.5,False,True,True
2022-10-01,9.5,274,5,10,-0.9999907397361901,0.004303538296243821,9.5,9.5,9.5,9.0,9.5,False,True,True
2022-10-01,10.5,274,5,10,-0.9999907397361901,0.004303538296243821,10.5,10.5,10.5,8.25,10.5,True,False,True
2022-10-02,10.5,275,6,10,-0.9997685019798909,0.021516097436222233,10.5,10.5,10.5,8.25,10.5,True,False,True
2022-10-02,9.5,275,6,10,-0.9997685019798909,0.021516097436222233,9.5,9.5,9.5,9.0,9.5,False,True,True
2022-10-03,10.5,276,0,10,-0.9992500112396835,0.03872228089217399,10.5,10.5,10.5,8.25,10.5,True,False,True
2022-10-03,9.5,276,0,10,-0.9992500112396835,0.03872228089217399,9.5,9.5,9.5,9.0,9.5,False,True,True
2022-10-04,10.5,277,1,10,-0.9984354211555643,0.05591699010060302,10.5,10.5,10.5,8.25,10.5,True,False,True
2022-10-04,9.5,277,1,10,-0.9984354211555643,0.05591699010060302,9.5,9.5,9.5,9.0,9.5,False,True,True
2022-10-05,9.5,278,2,10,-0.9973249731081555,0.07309512989807776,9.5,9.5,9.5,9.0,9.5,False,True,True
2022-10-05,10.5,278,2,10,-0.9973249731081555,0.07309512989807776,10.5,10.5,10.5,8.25,10.5,True,False,True
2022-10-06,10.5,279,3,10,-0.9959189961471792,0.0902516100310407,10.5,10.5,10.5,8.25,10.5,True,False,True
2022-10-06,9.5,279,3,10,-0.9959189961471792,0.0902516100310407,9.5,9.5,9.5,9.0,9.5,False,True,True
2022-10-07,9.5,280,4,10,-0.994217906893952,0.10738134666416306,9.5,9.5,9.5,9.0,9.5,False,True,True
2022-10-07,10.5,280,4,10,-0.994217906893952,0.10738134666416306,10.5,10.5,10.5,8.25,10.5,True,False,True
2022-10-08,10.5,281,5,10,-0.9922222094179324,0.12447926388678869,10.5,10.5,10.5,8.5,10.5,True,False,True
2022-10-08,9.5,281,5,10,-0.9922222094179324,0.12447926388678869,9.5,9.5,9.5,8.5,9.5,False,True,True
2022-10-09,9.5,282,6,10,-0.989932495087353,0.141540295217043,9.5,9.5,9.5,8.5,9.5,False,True,True
2022-10-09,10.5,282,6,10,-0.989932495087353,0.141540295217043,10.5,10.5,10.5,8.5,10.5,True,False,True
2022-10-10,10.5,283,0,10,-0.9873494423939864,0.15855938510313475,10.5,10.5,10.5,8.5,10.5,True,False,True
2022-10-10,9.5,283,0,10,-0.9873494423939864,0.15855938510313475,9.5,9.5,9.5,8.5,9.5,False,True,True
2022-10-11,9.5,284,1,10,-0.9844738167520923,0.17553149042142777,9.5,9.5,9.5,8.5,9.5,False,True,True
2022-10-11,10.5,284,1,10,-0.9844738167520923,0.17553149042142777,10.5,10.5,10.5,8.5,10.5,True,False,True
2022-10-12,10.5,285,2,10,-0.9813064702716093,0.19245158197082995,10.5,10.5,10.5,8.5,10.5,True,False,True
2022-10-12,9.5,285,2,10,-0.9813064702716093,0.19245158197082995,9.5,9.5,9.5,8.5,9.5,False,True,True
2022-10-13,9.5,286,3,10,-0.9778483415056567,0.20931464596304888,9.5,9.5,9.5,8.5,9.5,False,True,True
2022-10-13,10.5,286,3,10,-0.9778483415056567,0.20931464596304888,10.5,10.5,10.5,8.5,10.5,True,False,True
2022-10-14,10.5,287,4,10,-0.9741004551724206,0.22611568550828803,10.5,10.5,10.5,8.5,10.5,True,False,True
2022-10-14,9.5,287,4,10,-0.9741004551724206,0.22611568550828803,9.5,9.5,9.5,8.5,9.5,False,True,True
2022-10-15,10.5,288,5,10,-0.970063921851507,0.2428497220959358,10.5,10.5,10.5,8.5,10.5,True,False,True
2022-10-15,9.5,288,5,10,-0.970063921851507,0.2428497220959358,9.5,9.5,9.5,8.5,9.5,False,True,True
2022-10-16,10.5,289,6,10,-0.965739937654855,0.25951179706979943,10.5,10.5,10.5,8.5,10.5,True,False,True
2022-10-16,9.5,289,6,10,-0.965739937654855,0.25951179706979943,9.5,9.5,9.5,8.5,9.5,False,True,True
2022-10-17,9.5,290,0,10,-0.9611297838723007,0.27609697309746883,9.5,9.5,9.5,8.5,9.5,False,True,True
2022-10-17,10.5,290,0,10,-0.9611297838723007,0.27609697309746883,10.5,10.5,10.5,8.5,10.5,True,False,True
2022-10-18,9.5,291,1,10,-0.9562348265919058,0.2926003356333479,9.5,9.5,9.5,8.5,9.5,False,True,True
2022-10-18,10.5,291,1,10,-0.9562348265919058,0.2926003356333479,10.5,10.5,10.5,8.5,10.5,True,False,True
2022-10-19,9.5,292,2,10,-0.9510565162951536,0.30901699437494723,9.5,9.5,9.5,8.5,9.5,False,True,True
2022-10-19,10.5,292,2,10,-0.9510565162951536,0.30901699437494723,10.5,10.5,10.5,8.5,10.5,True,False,True
2022-10-20,9.5,293,3,10,-0.9455963874271428,0.3253420847119795,9.5,9.5,9.5,8.5,9.5,False,True,True
2022-10-20,10.5,293,3,10,-0.9455963874271428,0.3253420847119795,10.5,10.5,10.5,8.5,10.5,True,False,True
2022-10-21,10.5,294,4,10,-0.9398560579418953,0.341570769167856,10.5,10.5,10.5,8.5,10.5,True,False,True
2022-10-21,9.5,294,4,10,-0.9398560579418953,0.341570769167856,9.5,9.5,9.5,8.5,9.5,False,True,True
2022-10-22,10.5,295,5,10,-0.9338372288229252,0.35769823883312546,10.5,10.5,10.5,8.5,10.5,True,False,True
2022-10-22,9.5,295,5,10,-0.9338372288229252,0.35769823883312546,9.5,9.5,9.5,8.5,9.5,False,True,True
2022-10-23,10.5,296,6,10,-0.9275416835791965,0.3737197147904692,10.5,10.5,10.5,8.5,10.5,True,False,True
2022-10-23,9.5,296,6,10,-0.9275416835791965,0.3737197147904692,9.5,9.5,9.5,8.5,9.5,False,True,True
2022-10-24,9.5,297,0,10,-0.9209712877166347,0.38963044953078774,9.5,9.5,9.5,8.5,9.5,False,True,True
2022-10-24,10.5,297,0,10,-0.9209712877166347,0.38963044953078774,10.5,10.5,10.5,8.5,10.5,True,False,True
2022-10-25,9.5,298,1,10,-0.9141279881853337,0.4054257283599973,9.5,9.5,9.5,8.5,9.5,False,True,True
2022-10-25,10.5,298,1,10,-0.9141279881853337,0.4054257283599973,10.5,10.5,10.5,8.5,10.5,True,False,True
2022-10-26,9.5,299,2,10,-0.9070138128026362,0.42110087079608916,9.5,9.5,9.5,8.5,9.5,False,True,True
2022-10-26,10.5,299,2,10,-0.9070138128026362,0.42110087079608916,10.5,10.5,10.5,8.5,10.5,True,False,True
2022-10-27,9.5,300,3,10,-0.8996308696522434,0.4366512319560638,9.5,9.5,9.5,8.5,9.5,False,True,True
2022-10-27,10.5,300,3,10,-0.8996308696522434,0.4366512319560638,10.5,10.5,10.5,8.5,10.5,True,False,True
2022-10-28,9.5,301,4,10,-0.8919813464595487,0.45207220393230374,9.5,9.5,9.5,8.5,9.5,False,True,True
2022-10-28,10.5,301,4,10,-0.8919813464595487,0.45207220393230374,10.5,10.5,10.5,8.5,10.5,True,False,True
2022-10-29,9.5,302,5,10,-0.8840675099433637,0.46735921715800205,9.5,9.5,9.5,8.5,9.5,False,True,True
2022-10-29,10.5,302,5,10,-0.8840675099433637,0.46735921715800205,10.5,10.5,10.5,8.5,10.5,True,False,True
2022-10-30,9.5,303,6,10,-0.8758917051442433,0.48250774176121763,9.5,9.5,9.5,8.5,9.5,False,True,True
2022-10-30,10.5,303,6,10,-0.8758917051442433,0.48250774176121763,10.5,10.5,10.5,8.5,10.5,True,False,True
2022-10-31,9.5,304,0,10,-0.8674563547295971,0.4975132889071803,9.5,9.5,9.5,9.0,9.5,False,True,True
2022-10-31,10.5,304,0,10,-0.8674563547295971,0.4975132889071803,10.5,10.5,10.5,8.5,10.5,True,False,True
2022-11-01,9.5,305,1,11,-0.858763958275803,0.5123714121284235,9.5,9.5,9.5,9.0,9.5,False,True,True
2022-11-01,10.5,305,1,11,-0.858763958275803,0.5123714121284235,10.5,10.5,10.5,8.5,10.5,True,False,True
2022-11-02,10.5,306,2,11,-0.8498170915275277,0.5270777086423724,10.5,10.5,10.5,8.5,10.5,True,False,True
2022-11-02,9.5,306,2,11,-0.8498170915275277,0.5270777086423724,9.5,9.5,9.5,9.0,9.5,False,True,True
2022-11-03,10.5,307,3,11,-0.8406184056344783,0.5416278206559811,10.5,10.5,10.5,8.5,10.5,True,False,True
2022-11-03,9.5,307,3,11,-0.8406184056344783,0.5416278206559811,9.5,9.5,9.5,9.0,9.5,False,True,True
2022-11-04,9.5,308,4,11,-0.8311706263658079,0.5560174366570446,9.5,9.5,9.5,9.0,9.5,False,True,True
2022-11-04,10.5,308,4,11,-0.8311706263658079,0.5560174366570446,10.5,10.5,10.5,8.5,10.5,True,False,True
2022-11-05,10.5,309,5,11,-0.8214765533024145,0.5702422926917867,10.5,10.5,10.5,8.5,10.5,True,False,True
2022-11-05,9.5,309,5,11,-0.8214765533024145,0.5702422926917867,9.5,9.5,9.5,9.0,9.5,False,True,True
2022-11-06,10.5,310,6,11,-0.8115390590073611,0.5842981736283683,10.5,10.5,10.5,8.5,10.5,True,False,True
2022-11-06,9.5,310,6,11,-0.8115390590073611,0.5842981736283683,9.5,9.5,9.5,8.75,9.5,False,True,True
2022-11-07,10.5,311,0,11,-0.801361088174677,0.5981809144059158,10.5,10.5,10.5,8.5,10.5,True,False,True
2022-11-07,9.5,311,0,11,-0.801361088174677,0.5981809144059158,9.5,9.5,9.5,8.75,9.5,False,True,True
2022-11-08,9.5,312,1,11,-0.7909456567567774,0.6118864012687242,9.5,9.5,9.5,8.75,9.5,False,True,True
2022-11-08,10.5,312,1,11,-0.7909456567567774,0.6118864012687242,10.5,10.5,10.5,8.5,10.5,True,False,True
2022-11-09,9.5,313,2,11,-0.780295851070776,0.6254105729852457,9.5,9.5,9.5,8.75,9.5,False,True,True
2022-11-09,10.5,313,2,11,-0.780295851070776,0.6254105729852457,10.5,10.5,10.5,8.5,10.5,True,False,True
2022-11-10,9.5,314,3,11,-0.7694148268839381,0.6387494220515268,9.5,9.5,9.5,8.75,9.5,False,True,True
2022-11-10,10.5,314,3,11,-0.7694148268839381,0.6387494220515268,10.5,10.5,10.5,8.5,10.5,True,False,True
2022-11-11,10.5,315,4,11,-0.7583058084785625,0.6518989958787125,10.5,10.5,10.5,8.5,10.5,True,False,True
2022-11-11,9.5,315,4,11,-0.7583058084785625,0.6518989958787125,9.5,9.5,9.5,8.75,9.5,False,True,True
2022-11-12,10.5,316,5,11,-0.7469720876965551,0.6648553979642866,10.5,10.5,10.5,8.5,10.5,True,False,True
2022-11-12,9.5,316,5,11,-0.7469720876965551,0.6648553979642866,9.5,9.5,9.5,8.75,9.5,False,True,True
2022-11-13,9.5,317,6,11,-0.7354170229639858,0.6776147890466887,9.5,9.5,9.5,8.75,9.5,False,True,True
2022-11-13,10.5,317,6,11,-0.7354170229639858,0.6776147890466887,10.5,10.5,10.5,8.5,10.5,True,False,True
2022-11-14,10.5,318,0,11,-0.7236440382959124,0.690173388242972,10.5,10.5,10.5,8.5,10.5,True,False,True
2022-11-14,9.5,318,0,11,-0.7236440382959124,0.690173388242972,9.5,9.5,9.5,8.75,9.5,False,True,True
2022-11-15,9.5,319,1,11,-0.711656622281775,0.7025274741691566,9.5,9.5,9.5,8.75,9.5,False,True,True
2022-11-15,10.5,319,1,11,-0.711656622281775,0.7025274741691566,10.5,10.5,10.5,8.25,10.5,True,False,True
2022-11-16,10.5,320,2,11,-0.6994583270516471,0.7146733860429608,10.5,10.5,10.5,8.25,10.5,True,False,True
2022-11-16,9.5,320,2,11,-0.6994583270516471,0.7146733860429608,9.5,9.5,9.5,8.75,9.5,False,True,True
2022-11-17,9.5,321,3,11,-0.6870527672236675,0.7266075247685652,9.5,9.5,9.5,8.75,9.5,False,True,True
2022-11-17,10.5,321,3,11,-0.6870527672236675,0.7266075247685652,10.5,10.5,10.5,8.25,10.5,True,False,True
2022-11-18,10.5,322,4,11,-0.6744436188329457,0.7383263540031063,10.5,10.5,10.5,8.25,10.5,True,False,True
2022-11-18,9.5,322,4,11,-0.6744436188329457,0.7383263540031063,9.5,9.5,9.5,8.75,9.5,False,True,True
2022-11-19,10.5,323,5,11,-0.661634618242279,0.749826401204568,10.5,10.5,10.5,8.25,10.5,True,False,True
2022-11-19,9.5,323,5,11,-0.661634618242279,0.749826401204568,9.5,9.5,9.5,8.75,9.5,False,True,True
2022-11-20,10.5,324,6,11,-0.6486295610349818,0.7611042586607742,10.5,10.5,10.5,8.25,10.5,True,False,True
2022-11-20,9.5,324,6,11,-0.6486295610349818,0.7611042586607742,9.5,9.5,9.5,8.75,9.5,False,True,True
2022-11-21,9.5,325,0,11,-0.6354323008901775,0.7721565844991641,9.5,9.5,9.5,8.75,9.5,False,True,True
2022-11-21,10.5,325,0,11,-0.6354323008901775,0.7721565844991641,10.5,10.5,10.5,8.25,10.5,True,False,True
2022-11-22,9.5,326,1,11,-0.622046748440868,0.7829801036770624,9.5,9.5,9.5,8.75,9.5,False,True,True
2022-11-22,10.5,326,1,11,-0.622046748440868,0.7829801036770624,10.5,10.5,10.5,8.25,10.5,True,False,True
2022-11-23,10.5,327,2,11,-0.6084768701151264,0.7935716089521472,10.5,10.5,10.5,8.25,10.5,True,False,True
2022-11-23,9.5,327,2,11,-0.6084768701151264,0.7935716089521472,9.5,9.5,9.5,8.75,9.5,False,True,True
2022-11-24,9.5,328,3,11,-0.594726686960764,0.8039279618328208,9.5,9.5,9.5,8.75,9.5,False,True,True
2022-11-24,10.5,328,3,11,-0.594726686960764,0.8039279618328208,10.5,10.5,10.5,8.25,10.5,True,False,True
2022-11-25,10.5,329,4,11,-0.5808002734538013,0.8140460935082175,10.5,10.5,10.5,8.25,10.5,True,False,True
2022-11-25,9.5,329,4,11,-0.5808002734538013,0.8140460935082175,9.5,9.5,9.5,8.75,9.5,False,True,True
2022-11-26,9.5,330,5,11,-0.5667017562911184,0.8239230057575536,9.5,9.5,9.5,8.75,9.5,False,True,True
2022-11-26,10.5,330,5,11,-0.5667017562911184,0.8239230057575536,10.5,10.5,10.5,8.25,10.5,True,False,True
2022-11-27,10.5,331,6,11,-0.5524353131676203,0.8335557718385695,10.5,10.5,10.5,8.25,10.5,True,False,True
2022-11-27,9.5,331,6,11,-0.5524353131676203,0.8335557718385695,9.5,9.5,9.5,8.75,9.5,False,True,True
2022-11-28,9.5,332,0,11,-0.5380051715382992,0.8429415373547832,9.5,9.5,9.5,8.75,9.5,False,True,True
2022-11-28,10.5,332,0,11,-0.5380051715382992,0.8429415373547832,10.5,10.5,10.5,8.25,10.5,True,False,True
2022-11-29,9.5,333,1,11,-0.5234156073655503,0.8520775211013093,9.5,9.5,9.5,8.75,9.5,False,True,True
2022-11-29,10.5,333,1,11,-0.5234156073655503,0.8520775211013093,10.5,10.5,10.5,8.25,10.5,True,False,True
2022-11-30,9.5,334,2,11,-0.5086709438521042,0.8609610158889945,9.5,9.5,9.5,8.75,9.5,False,True,True
2022-11-30,10.5,334,2,11,-0.5086709438521042,0.8609610158889945,10.5,10.5,10.5,8.25,10.5,True,False,True
2022-12-01,9.5,335,3,12,-0.49377555015997737,0.8695893893466109,9.5,9.5,9.5,8.75,9.5,False,True,True
2022-12-01,10.5,335,3,12,-0.49377555015997737,0.8695893893466109,10.5,10.5,10.5,8.25,10.5,True,False,True
2022-12-02,10.5,336,4,12,-0.4787338401157883,0.8779600847008883,10.5,10.5,10.5,8.25,10.5,True,False,True
2022-12-02,9.5,336,4,12,-0.4787338401157883,0.8779600847008883,9.5,9.5,9.5,8.75,9.5,False,True,True
2022-12-03,9.25,337,5,12,-0.4635502709028512,0.8860706215341378,9.5,9.5,9.5,8.75,9.491666666666667,False,True,True
2022-12-03,10.25,337,5,12,-0.4635502709028512,0.8860706215341378,10.5,10.5,10.5,8.25,10.491666666666667,True,False,True
2022-12-04,9.0,338,6,12,-0.4482293417404106,0.893918596519257,9.25,9.5,9.5,8.75,9.475,False,True,True
2022-12-04,10.0,338,6,12,-0.4482293417404106,0.893918596519257,10.25,10.5,10.5,8.25,10.475,True,False,True
2022-12-05,9.0,339,0,12,-0.4327755925504317,0.9015016841318838,9.0,9.5,9.5,8.75,9.458333333333334,False,True,True
2022-12-05,10.0,339,0,12,-0.4327755925504317,0.9015016841318838,10.0,10.5,10.5,8.25,10.458333333333334,True,False,True
2022-12-06,9.0,340,1,12,-0.41719360261231697,0.9088176373395028,9.0,9.5,9.5,8.75,9.441666666666666,False,True,True
2022-12-06,10.0,340,1,12,-0.41719360261231697,0.9088176373395028,10.0,10.5,10.5,8.25,10.441666666666666,True,False,True
2022-12-07,10.0,341,2,12,-0.4014879892059737,0.9158642882672868,10.0,10.5,10.5,8.25,10.425,True,False,True
2022-12-07,9.0,341,2,12,-0.4014879892059737,0.9158642882672868,9.0,9.5,9.5,8.75,9.425,False,True,True
2022-12-08,10.0,342,3,12,-0.38566340624360745,0.9226395488404875,10.0,10.5,10.5,8.25,10.408333333333333,True,False,True
2022-12-08,9.0,342,3,12,-0.38566340624360745,0.9226395488404875,9.0,9.5,9.5,8.75,9.408333333333333,False,True,True
2022-12-09,10.0,343,4,12,-0.3697245428906732,0.9291414114031743,10.0,10.5,10.5,8.25,10.391666666666667,True,False,True
2022-12-09,9.0,343,4,12,-0.3697245428906732,0.9291414114031743,9.0,9.5,9.5,8.75,9.391666666666667,False,True,True
2022-12-10,9.0,344,5,12,-0.3536761221763721,0.935367949313148,9.0,9.25,9.5,8.75,9.375,False,True,True
2022-12-10,10.0,344,5,12,-0.3536761221763721,0.935367949313148,10.0,10.25,10.5,8.25,10.375,True,False,True
2022-12-11,9.0,345,6,12,-0.33752289959411347,0.941317317512847,9.0,9.0,9.5,8.75,9.358333333333333,False,True,True
2022-12-11,10.0,345,6,12,-0.33752289959411347,0.941317317512847,10.0,10.0,10.5,8.25,10.358333333333333,True,False,True
2022-12-12,9.0,346,0,12,-0.32126966169236515,0.9469877530760751,9.0,9.0,9.5,8.75,9.341666666666667,False,True,True
2022-12-12,10.0,346,0,12,-0.32126966169236515,0.9469877530760751,10.0,10.0,10.5,8.25,10.341666666666667,True,False,True
2022-12-13,9.0,347,1,12,-0.3049212246562894,0.9523775757303973,9.0,9.0,9.5,8.75,9.325,False,True,True
2022-12-13,10.0,347,1,12,-0.3049212246562894,0.9523775757303973,10.0,10.0,10.5,8.25,10.325,True,False,True
2022-12-14,9.0,348,2,12,-0.2884824328806098,0.9574851883550389,9.0,9.0,9.5,8.75,9.308333333333334,False,True,True
2022-12-14,10.0,348,2,12,-0.2884824328806098,0.9574851883550389,10.0,10.0,10.5,8.25,10.308333333333334,True,False,True
2022-12-15,9.0,349,3,12,-0.27195815753410524,0.9623090774541487,9.0,9.0,9.5,8.75,9.291666666666666,False,True,True
2022-12-15,10.0,349,3,12,-0.27195815753410524,0.9623090774541487,10.0,10.0,10.5,8.25,10.291666666666666,True,False,True
2022-12-16,9.0,350,4,12,-0.2553532951161881,0.9668478136052773,9.0,9.0,9.5,8.75,9.275,False,True,True
2022-12-16,10.0,350,4,12,-0.2553532951161881,0.9668478136052773,10.0,10.0,10.5,8.25,10.275,True,False,True
2022-12-17,9.0,351,5,12,-0.23867276600594997,0.9711000518829505,9.0,9.0,9.5,8.75,9.258333333333333,False,True,True
2022-12-17,10.0,351,5,12,-0.23867276600594997,0.9711000518829505,10.0,10.0,10.5,8.25,10.258333333333333,True,False,True
2022-12-18,9.0,352,6,12,-0.22192151300416674,0.9750645322571945,9.0,9.0,9.5,8.75,9.241666666666667,False,True,True
2022-12-18,10.0,352,6,12,-0.22192151300416674,0.9750645322571945,10.0,10.0,10.5,8.25,10.241666666666667,True,False,True
2022-12-19,10.0,353,0,12,-0.20510449986861926,0.9787400799669153,10.0,10.0,10.5,8.25,10.225,True,False,True
2022-12-19,9.0,353,0,12,-0.20510449986861926,0.9787400799669153,9.0,9.0,9.5,8.75,9.225,False,True,True
2022-12-20,9.0,354,1,12,-0.1882267098432439,0.9821256058680006,9.0,9.0,9.5,8.75,9.208333333333334,False,True,True
2022-12-20,10.0,354,1,12,-0.1882267098432439,0.9821256058680006,10.0,10.0,10.5,8.25,10.208333333333334,True,False,True
2022-12-21,9.0,355,2,12,-0.1712931441814778,0.9852201067560606,9.0,9.0,9.5,8.75,9.191666666666666,False,True,True
2022-12-21,10.0,355,2,12,-0.1712931441814778,0.9852201067560606,10.0,10.0,10.5,8.25,10.191666666666666,True,False,True
2022-12-22,9.0,356,3,12,-0.154308820664281,0.9880226656636976,9.0,9.0,9.5,8.75,9.175,False,True,True
2022-12-22,10.0,356,3,12,-0.154308820664281,0.9880226656636976,10.0,10.0,10.5,8.25,10.175,True,False,True
2022-12-23,10.0,357,4,12,-0.13727877211326517,0.9905324521322227,10.0,10.0,10.5,8.25,10.158333333333333,True,False,True
2022-12-23,9.0,357,4,12,-0.13727877211326517,0.9905324521322227,9.0,9.0,9.5,8.75,9.158333333333333,False,True,True
2022-12-24,10.0,358,5,12,-0.12020804489935275,0.9927487224577402,10.0,10.0,10.5,8.25,10.141666666666667,True,False,True
2022-12-24,9.0,358,5,12,-0.12020804489935275,0.9927487224577402,9.0,9.0,9.5,8.75,9.141666666666667,False,True,True
2022-12-25,10.0,359,6,12,-0.10310169744743544,0.9946708199115211,10.0,10.0,10.5,8.25,10.125,True,False,True
2022-12-25,9.0,359,6,12,-0.10310169744743544,0.9946708199115211,9.0,9.0,9.5,8.75,9.125,False,True,True
2022-12-26,10.0,360,0,12,-0.0859647987374467,0.9962981749346077,10.0,10.0,10.5,8.25,10.108333333333333,True,False,True
2022-12-26,9.0,360,0,12,-0.0859647987374467,0.9962981749346077,9.0,9.0,9.5,8.75,9.108333333333333,False,True,True
2022-12-27,9.0,361,1,12,-0.06880242680232064,0.9976303053065857,9.0,9.0,9.5,8.75,9.091666666666667,False,True,True
2022-12-27,10.0,361,1,12,-0.06880242680232064,0.9976303053065857,10.0,10.0,10.5,8.25,10.091666666666667,True,False,True
2022-12-28,9.0,362,2,12,-0.05161966722325418,0.9986668162884759,9.0,9.0,9.5,8.75,9.075,False,True,True
2022-12-28,10.0,362,2,12,-0.05161966722325418,0.9986668162884759,10.0,10.0,10.5,8.25,10.075,True,False,True
2022-12-29,10.0,363,3,12,-0.034421611622745804,0.9994074007397048,10.0,10.0,10.5,8.25,10.058333333333334,True,False,True
2022-12-29,9.0,363,3,12,-0.034421611622745804,0.9994074007397048,9.0,9.0,9.5,8.75,9.058333333333334,False,True,True
2022-12-30,9.0,364,4,12,-0.01721335615583528,0.9998518392091162,9.0,9.0,9.5,8.75,9.041666666666666,False,True,True
2022-12-30,10.0,364,4,12,-0.01721335615583528,0.9998518392091162,10.0,10.0,10.5,8.25,10.041666666666666,True,False,True
2022-12-31,9.0,365,5,12,6.432490598706546e-16,1.0,9.0,9.0,9.5,8.75,9.025,False,True,True
2022-12-31,10.0,365,5,12,6.432490598706546e-16,1.0,10.0,10.0,10.5,8.25,10.025,True,False,True
2023-01-01,10.0,1,6,1,0.017213356155834685,0.9998518392091162,10.0,10.0,10.5,8.25,10.008333333333333,True,False,True
2023-01-01,9.0,1,6,1,0.017213356155834685,0.9998518392091162,9.0,9.0,9.5,8.75,9.008333333333333,False,True,True
2023-01-02,10.0,2,0,1,0.03442161162274574,0.9994074007397048,10.0,10.0,10.25,8.25,10.0,True,False,True
2023-01-02,9.0,2,0,1,0.03442161162274574,0.9994074007397048,9.0,9.0,9.25,8.75,9.0,False,True,True
2023-01-03,10.0,3,1,1,0.051619667223253764,0.998666816288476,10.0,10.0,10.0,8.25,10.0,True,False,True
2023-01-03,9.0,3,1,1,0.051619667223253764,0.998666816288476,9.0,9.0,9.0,8.75,9.0,False,True,True
2023-01-04,10.0,4,2,1,0.06880242680231986,0.9976303053065857,10.0,10.0,10.0,8.25,10.0,True,False,True
2023-01-04,9.0,4,2,1,0.06880242680231986,0.9976303053065857,9.0,9.0,9.0,8.75,9.0,False,True,True
2023-01-05,10.0,5,3,1,0.08596479873744647,0.9962981749346078,10.0,10.0,10.0,8.25,10.0,True,False,True
2023-01-05,9.0,5,3,1,0.08596479873744647,0.9962981749346078,9.0,9.0,9.0,8.75,9.0,False,True,True
2023-01-06,10.0,6,4,1,0.10310169744743485,0.9946708199115211,10.0,10.0,10.0,8.25,10.0,True,False,True
2023-01-06,9.0,6,4,1,0.10310169744743485,0.9946708199115211,9.0,9.0,9.0,8.75,9.0,False,True,True
2023-01-07,9.0,7,5,1,0.1202080448993527,0.9927487224577402,9.0,9.0,9.0,8.75,9.0,False,True,True
2023-01-07,10.0,7,5,1,0.1202080448993527,0.9927487224577402,10.0,10.0,10.0,8.25,10.0,True,False,True
2023-01-08,10.0,8,6,1,0.13727877211326478,0.9905324521322229,10.0,10.0,10.0,8.25,10.0,True,False,True
2023-01-08,9.0,8,6,1,0.13727877211326478,0.9905324521322229,9.0,9.0,9.0,8.75,9.0,False,True,True
2023-01-09,9.0,9,0,1,0.15430882066428117,0.9880226656636976,9.0,9.0,9.0,8.75,9.0,False,True,True
2023-01-09,10.0,9,0,1,0.15430882066428117,0.9880226656636976,10.0,10.0,10.0,8.25,10.0,True,False,True
2023-01-10,9.0,10,1,1,0.1712931441814776,0.9852201067560606,9.0,9.0,9.0,8.75,9.0,False,True,True
2023-01-10,10.0,10,1,1,0.1712931441814776,0.9852201067560606,10.0,10.0,10.0,8.25,10.0,True,False,True
2023-01-11,10.0,11,2,1,0.1882267098432442,0.9821256058680006,10.0,10.0,10.0,8.25,10.0,True,False,True
2023-01-11,9.0,11,2,1,0.1882267098432442,0.9821256058680006,9.0,9.0,9.0,8.75,9.0,False,True,True
2023-01-12,10.0,12,3,1,0.2051044998686192,0.9787400799669153,10.0,10.0,10.0,8.25,10.0,True,False,True
2023-01-12,9.0,12,3,1,0.2051044998686192,0.9787400799669153,9.0,9.0,9.0,8.75,9.0,False,True,True
2023-01-13,10.0,13,4,1,0.2219215130041655,0.9750645322571948,10.0,10.0,10.0,8.25,10.0,True,False,True
2023-01-13,9.0,13,4,1,0.2219215130041655,0.9750645322571948,9.0,9.0,9.0,8.75,9.0,False,True,True
2023-01-14,10.0,14,5,1,0.2386727660059501,0.9711000518829505,10.0,10.0,10.0,8.25,10.0,True,False,True
2023-01-14,9.0,14,5,1,0.2386727660059501,0.9711000518829505,9.0,9.0,9.0,8.75,9.0,False,True,True
2023-01-15,10.0,15,6,1,0.255353295116187,0.9668478136052775,10.0,10.0,10.0,8.25,10.0,True,False,True
2023-01-15,9.0,15,6,1,0.255353295116187,0.9668478136052775,9.0,9.0,9.0,8.75,9.0,False,True,True
2023-01-16,10.0,16,0,1,0.2719581575341055,0.9623090774541486,10.0,10.0,10.0,8.25,10.0,True,False,True
2023-01-16,9.0,16,0,1,0.2719581575341055,0.9623090774541486,9.0,9.0,9.0,8.75,9.0,False,True,True
2023-01-17,9.0,17,1,1,0.288482432880609,0.9574851883550393,9.0,9.0,9.0,8.75,9.0,False,True,True
2023-01-17,10.0,17,1,1,0.288482432880609,0.9574851883550393,10.0,10.0,10.0,8.25,10.0,True,False,True
2023-01-18,10.0,18,2,1,0.30492122465628907,0.9523775757303974,10.0,10.0,10.0,8.25,10.0,True,False,True
2023-01-18,9.0,18,2,1,0.30492122465628907,0.9523775757303974,9.0,9.0,9.0,8.75,9.0,False,True,True
2023-01-19,9.0,19,3,1,0.3212696616923644,0.9469877530760753,9.0,9.0,9.0,8.75,9.0,False,True,True
2023-01-19,10.0,19,3,1,0.3212696616923644,0.9469877530760753,10.0,10.0,10.0,8.25,10.0,True,False,True
2023-01-20,9.0,20,4,1,0.3375228995941133,0.9413173175128471,9.0,9.0,9.0,8.75,9.0,False,True,True
2023-01-20,10.0,20,4,1,0.3375228995941133,0.9413173175128471,10.0,10.0,10.0,8.25,10.0,True,False,True
2023-01-21,10.0,21,5,1,0.3536761221763716,0.9353679493131483,10.0,10.0,10.0,8.25,10.0,True,False,True
2023-01-21,9.0,21,5,1,0.3536761221763716,0.9353679493131483,9.0,9.0,9.0,8.75,9.0,False,True,True
2023-01-22,9.0,22,6,1,0.3697245428906731,0.9291414114031743,9.0,9.0,9.0,9.125,9.0,False,True,True
2023-01-22,10.0,22,6,1,0.3697245428906731,0.9291414114031743,10.0,10.0,10.0,8.75,10.0,True,False,True
2023-01-23,10.0,23,0,1,0.38566340624360707,0.9226395488404876,10.0,10.0,10.0,9.25,10.0,True,False,True
2023-01-23,9.0,23,0,1,0.38566340624360707,0.9226395488404876,9.0,9.0,9.0,9.5,9.0,False,True,True
2023-01-24,9.0,24,1,1,0.401487989205973,0.9158642882672872,9.0,9.0,9.0,9.5,9.0,False,True,True
2023-01-24,10.0,24,1,1,0.401487989205973,0.9158642882672872,10.0,10.0,10.0,9.25,10.0,True,False,True
2023-01-25,10.0,25,2,1,0.4171936026123168,0.9088176373395029,10.0,10.0,10.0,9.0,10.0,True,False,True
2023-01-25,9.0,25,2,1,0.4171936026123168,0.9088176373395029,9.0,9.0,9.0,9.25,9.0,False,True,True
2023-01-26,10.0,26,3,1,0.4327755925504312,0.901501684131884,10.0,10.0,10.0,8.75,10.0,True,False,True
2023-01-26,9.0,26,3,1,0.4327755925504312,0.901501684131884,9.0,9.0,9.0,9.25,9.0,False,True,True
2023-01-27,9.0,27,4,1,0.4482293417404106,0.893918596519257,9.0,9.0,9.0,9.25,9.0,False,True,True
2023-01-27,10.0,27,4,1,0.4482293417404106,0.893918596519257,10.0,10.0,10.0,8.75,10.0,True,False,True
2023-01-28,10.0,28,5,1,0.4635502709028509,0.886070621534138,10.0,10.0,10.0,8.75,10.0,True,False,True
2023-01-28,9.0,28,5,1,0.4635502709028509,0.886070621534138,9.0,9.0,9.0,9.25,9.0,False,True,True
2023-01-29,9.0,29,6,1,0.47873384011578846,0.8779600847008882,9.0,9.0,9.0,9.25,9.0,False,True,True
2023-01-29,10.0,29,6,1,0.47873384011578846,0.8779600847008882,10.0,10.0,10.0,9.0,10.0,True,False,True
2023-01-30,10.0,30,0,1,0.49377555015997715,0.869589389346611,10.0,10.0,10.0,9.0,10.0,True,False,True
2023-01-30,9.0,30,0,1,0.49377555015997715,0.869589389346611,9.0,9.0,9.0,9.25,9.0,False,True,True
2023-01-31,10.0,31,1,1,0.5086709438521044,0.8609610158889943,10.0,10.0,10.0,9.055555555555555,10.0,True,False,True
2023-01-31,9.0,31,1,1,0.5086709438521044,0.8609610158889943,9.0,9.0,9.0,9.28125,9.0,False,True,True
2023-02-01,10.0,32,2,2,0.5234156073655503,0.8520775211013093,10.0,10.0,10.0,9.11111111111111,10.0,True,False,True
2023-02-01,9.0,32,2,2,0.5234156073655503,0.8520775211013093,9.0,9.0,9.0,9.3125,9.0,False,True,True
2023-02-02,10.0,33,3,2,0.5380051715382996,0.8429415373547828,10.0,10.0,10.0,9.166666666666666,10.0,True,False,True
2023-02-02,9.0,33,3,2,0.5380051715382996,0.8429415373547828,9.0,9.0,9.0,9.34375,9.0,False,True,True
2023-02-03,9.0,34,4,2,0.5524353131676196,0.8335557718385699,9.0,9.0,9.0,9.375,9.0,False,True,True
2023-02-03,10.0,34,4,2,0.5524353131676196,0.8335557718385699,10.0,10.0,10.0,9.222222222222221,10.0,True,False,True
2023-02-04,10.0,35,5,2,0.5667017562911176,0.8239230057575542,10.0,10.0,10.0,9.277777777777779,10.0,True,False,True
2023-02-04,9.0,35,5,2,0.5667017562911176,0.8239230057575542,9.0,9.0,9.0,9.40625,9.0,False,True,True
2023-02-05,9.0,36,6,2,0.5808002734538009,0.8140460935082178,9.0,9.0,9.0,9.4375,9.0,False,True,True
2023-02-05,10.0,36,6,2,0.5808002734538009,0.8140460935082178,10.0,10.0,10.0,9.333333333333334,10.0,True,False,True
2023-02-06,10.0,37,0,2,0.5947266869607634,0.8039279618328213,10.0,10.0,10.0,9.38888888888889,10.0,True,False,True
2023-02-06,9.0,37,0,2,0.5947266869607634,0.8039279618328213,9.0,9.0,9.0,9.46875,9.0,False,True,True
2023-02-07,10.0,38,1,2,0.6084768701151261,0.7935716089521474,10.0,10.0,10.0,9.444444444444445,10.0,True,False,True
2023-02-07,9.0,38,1,2,0.6084768701151261,0.7935716089521474,9.0,9.0,9.0,9.5,9.0,False,True,True
2023-02-08,9.0,39,2,2,0.6220467484408675,0.7829801036770629,9.0,9.0,9.0,9.5,9.0,False,True,True
2023-02-08,10.0,39,2,2,0.6220467484408675,0.7829801036770629,10.0,10.0,10.0,9.5,10.0,True,False,True
2023-02-09,10.0,40,3,2,0.6354323008901774,0.7721565844991642,10.0,10.0,10.0,9.0,10.0,True,False,True
2023-02-09,9.0,40,3,2,0.6354323008901774,0.7721565844991642,9.0,9.0,9.0,9.0,9.0,False,True,True
2023-02-10,9.25,41,4,2,0.6486295610349814,0.7611042586607747,9.0,9.0,9.0,9.0,9.008333333333333,False,True,True
2023-02-10,10.0,41,4,2,0.6486295610349814,0.7611042586607747,10.0,10.0,10.0,9.0,10.0,True,False,True
2023-02-11,9.25,42,5,2,0.6616346182422783,0.7498264012045686,9.25,9.0,9.0,9.0,9.016666666666667,False,True,True
2023-02-11,10.0,42,5,2,0.6616346182422783,0.7498264012045686,10.0,10.0,10.0,9.0,10.0,True,False,True
2023-02-12,9.25,43,6,2,0.6744436188329455,0.7383263540031065,9.25,9.0,9.0,9.0,9.025,False,True,True
2023-02-12,10.0,43,6,2,0.6744436188329455,0.7383263540031065,10.0,10.0,10.0,9.0,10.0,True,False,True
2023-02-13,9.25,44,0,2,0.6870527672236669,0.7266075247685656,9.25,9.0,9.0,9.0,9.033333333333333,False,True,True
2023-02-13,10.0,44,0,2,0.6870527672236669,0.7266075247685656,10.0,10.0,10.0,9.0,10.0,True,False,True
2023-02-14,10.0,45,1,2,0.699458327051647,0.7146733860429609,10.0,10.0,10.0,9.0,10.0,True,False,True
2023-02-14,9.25,45,1,2,0.699458327051647,0.7146733860429609,9.25,9.0,9.0,9.0,9.041666666666666,False,True,True
2023-02-15,9.25,46,2,2,0.7116566222817746,0.7025274741691571,9.25,9.0,9.0,10.0,9.05,False,True,True
2023-02-15,10.0,46,2,2,0.7116566222817746,0.7025274741691571,10.0,10.0,10.0,9.0,10.0,True,False,True
2023-02-16,10.0,47,3,2,0.7236440382959124,0.6901733882429719,10.0,10.0,10.0,11.0,10.0,True,False,True
2023-02-16,9.25,47,3,2,0.7236440382959124,0.6901733882429719,9.25,9.0,9.0,11.0,9.058333333333334,False,True,True
2023-02-17,10.0,48,4,2,0.7354170229639855,0.6776147890466889,10.0,10.0,10.0,11.0,10.0,True,False,True
2023-02-17,9.25,48,4,2,0.7354170229639855,0.6776147890466889,9.25,9.25,9.0,11.0,9.066666666666666,False,True,True
2023-02-18,9.25,49,5,2,0.7469720876965552,0.6648553979642865,9.25,9.25,9.0,11.0,9.075,False,True,True
2023-02-18,10.0,49,5,2,0.7469720876965552,0.6648553979642865,10.0,10.0,10.0,11.0,10.0,True,False,True
2023-02-19,10.0,50,6,2,0.7583058084785624,0.6518989958787126,10.0,10.0,10.0,11.0,10.0,True,False,True
2023-02-19,9.25,50,6,2,0.7583058084785624,0.6518989958787126,9.25,9.25,9.0,11.0,9.083333333333334,False,True,True
2023-02-20,9.25,51,0,2,0.7694148268839378,0.6387494220515272,9.25,9.25,9.0,11.0,9.091666666666667,False,True,True
2023-02-20,10.0,51,0,2,0.7694148268839378,0.6387494220515272,10.0,10.0,10.0,11.0,10.0,True,False,True
2023-02-21,9.25,52,1,2,0.7802958510707755,0.6254105729852463,9.25,9.25,9.0,11.0,9.1,False,True,True
2023-02-21,10.0,52,1,2,0.7802958510707755,0.6254105729852463,10.0,10.0,10.0,11.0,10.0,True,False,True
2023-02-22,10.0,53,2,2,0.7909456567567772,0.6118864012687243,10.0,10.0,10.0,11.0,10.0,True,False,True
2023-02-22,9.25,53,2,2,0.7909456567567772,0.6118864012687243,9.25,9.25,9.0,11.0,9.108333333333333,False,True,True
2023-02-23,10.0,54,3,2,0.8013610881746766,0.5981809144059165,10.0,10.0,10.0,11.0,10.0,True,False,True
2023-02-23,9.25,54,3,2,0.8013610881746766,0.5981809144059165,9.25,9.25,9.0,11.0,9.116666666666667,False,True,True
2023-02-24,10.0,55,4,2,0.8115390590073611,0.5842981736283684,10.0,10.0,10.0,11.0,10.0,True,False,True
2023-02-24,9.25,55,4,2,0.8115390590073611,0.5842981736283684,9.25,9.25,9.0,11.0,9.125,False,True,True
2023-02-25,9.25,56,5,2,0.8214765533024142,0.5702422926917871,9.25,9.25,9.0,11.0,9.133333333333333,False,True,True
2023-02-25,10.0,56,5,2,0.8214765533024142,0.5702422926917871,10.0,10.0,10.0,11.0,10.0,True,False,True
2023-02-26,10.0,57,6,2,0.8311706263658079,0.5560174366570446,10.0,10.0,10.0,11.0,10.0,True,False,True
2023-02-26,9.25,57,6,2,0.8311706263658079,0.5560174366570446,9.25,9.25,9.0,11.0,9.141666666666667,False,True,True
2023-02-27,10.0,58,0,2,0.8406184056344782,0.5416278206559814,10.0,10.0,10.0,11.0,10.0,True,False,True
2023-02-27,9.25,58,0,2,0.8406184056344782,0.5416278206559814,9.25,9.25,9.0,11.0,9.15,False,True,True
2023-02-28,10.0,59,1,2,0.8498170915275278,0.5270777086423722,10.0,10.0,10.0,11.0,10.0,True,False,True
2023-02-28,9.25,59,1,2,0.8498170915275278,0.5270777086423722,9.25,9.25,9.0,11.0,9.158333333333333,False,True,True
2023-03-01,10.0,60,2,3,0.8587639582758029,0.5123714121284237,10.0,10.0,10.0,11.0,10.0,True,False,True
2023-03-01,9.375,60,2,3,0.8587639582758029,0.5123714121284237,9.25,9.25,9.0,11.0,9.170833333333333,False,True,True
2023-03-02,9.5,61,3,3,0.8674563547295969,0.49751328890718066,9.375,9.25,9.0,11.0,9.1875,False,True,True
2023-03-02,10.0,61,3,3,0.8674563547295969,0.49751328890718066,10.0,10.0,10.0,11.5,10.0,True,False,True
2023-03-03,10.0,62,4,3,0.8758917051442429,0.48250774176121847,10.0,10.0,10.0,11.5,10.0,True,False,True
2023-03-03,9.5,62,4,3,0.8758917051442429,0.48250774176121847,9.5,9.25,9.0,11.0,9.204166666666667,False,True,True
2023-03-04,10.0,63,5,3,0.8840675099433636,0.4673592171580022,10.0,10.0,10.0,11.5,10.0,True,False,True
2023-03-04,9.5,63,5,3,0.8840675099433636,0.4673592171580022,9.5,9.25,9.0,11.0,9.220833333333333,False,True,True
2023-03-05,10.0,64,6,3,0.8919813464595485,0.45207220393230435,10.0,10.0,10.0,11.5,10.0,True,False,True
2023-03-05,9.5,64,6,3,0.8919813464595485,0.45207220393230435,9.5,9.25,9.0,11.0,9.2375,False,True,True
2023-03-06,10.0,65,0,3,0.8996308696522433,0.43665123195606403,10.0,10.0,10.0,11.5,10.0,True,False,True
2023-03-06,9.5,65,0,3,0.8996308696522433,0.43665123195606403,9.5,9.25,9.0,11.0,9.254166666666666,False,True,True
2023-03-07,9.5,66,1,3,0.9070138128026359,0.4211008707960896,9.5,9.25,9.0,11.0,9.270833333333334,False,True,True
2023-03-07,10.0,66,1,3,0.9070138128026359,0.4211008707960896,10.0,10.0,10.0,11.5,10.0,True,False,True
2023-03-08,9.5,67,2,3,0.9141279881853337,0.40542572835999735,9.5,9.375,9.0,11.0,9.2875,False,True,True
2023-03-08,10.0,67,2,3,0.9141279881853337,0.40542572835999735,10.0,10.0,10.0,11.5,10.0,True,False,True
2023-03-09,9.5,68,3,3,0.9209712877166346,0.38963044953078796,9.5,9.5,9.0,11.0,9.304166666666667,False,True,True
2023-03-09,10.0,68,3,3,0.9209712877166346,0.38963044953078796,10.0,10.0,10.0,11.5,10.0,True,False,True
2023-03-10,10.0,69,4,3,0.9275416835791966,0.37371971479046906,10.0,10.0,10.0,11.5,10.0,True,False,True
2023-03-10,9.5,69,4,3,0.9275416835791966,0.37371971479046906,9.5,9.5,9.0,11.0,9.320833333333333,False,True,True
2023-03-11,10.0,70,5,3,0.9338372288229252,0.35769823883312546,10.0,10.0,10.0,11.5,10.0,True,False,True
2023-03-11,9.5,70,5,3,0.9338372288229252,0.35769823883312546,9.5,9.5,9.0,11.0,9.3375,False,True,True
2023-03-12,10.0,71,6,3,0.9398560579418954,0.3415707691678556,10.0,10.0,10.0,11.5,10.0,True,False,True
2023-03-12,9.5,71,6,3,0.9398560579418954,0.3415707691678556,9.5,9.5,9.25,11.0,9.345833333333333,False,True,True
2023-03-13,10.0,72,0,3,0.9455963874271426,0.3253420847119801,10.0,10.0,10.0,11.5,10.0,True,False,True
2023-03-13,9.5,72,0,3,0.9455963874271426,0.3253420847119801,9.5,9.5,9.25,11.0,9.354166666666666,False,True,True
2023-03-14,10.0,73,1,3,0.9510565162951535,0.30901699437494745,10.0,10.0,10.0,11.5,10.0,True,False,True
2023-03-14,9.5,73,1,3,0.9510565162951535,0.30901699437494745,9.5,9.5,9.25,11.0,9.3625,False,True,True
2023-03-15,10.0,74,2,3,0.9562348265919056,0.29260033563334836,10.0,10.0,10.0,11.5,10.0,True,False,True
2023-03-15,9.5,74,2,3,0.9562348265919056,0.29260033563334836,9.5,9.5,9.25,11.0,9.370833333333334,False,True,True
2023-03-16,9.5,75,3,3,0.9611297838723007,0.27609697309746883,9.5,9.5,9.25,11.0,9.379166666666666,False,True,True
2023-03-16,10.0,75,3,3,0.9611297838723007,0.27609697309746883,10.0,10.0,10.0,11.5,10.0,True,False,True
2023-03-17,9.5,76,4,3,0.9657399376548549,0.2595117970697999,9.5,9.5,9.25,11.0,9.3875,False,True,True
2023-03-17,10.0,76,4,3,0.9657399376548549,0.2595117970697999,10.0,10.0,10.0,11.5,10.0,True,False,True
2023-03-18,9.5,77,5,3,0.9700639218515071,0.2428497220959356,9.5,9.5,9.25,11.0,9.395833333333334,False,True,True
2023-03-18,10.0,77,5,3,0.9700639218515071,0.2428497220959356,10.0,10.0,10.0,11.5,10.0,True,False,True
2023-03-19,10.0,78,6,3,0.9741004551724205,0.22611568550828828,10.0,10.0,10.0,11.5,10.0,True,False,True
2023-03-19,9.5,78,6,3,0.9741004551724205,0.22611568550828828,9.5,9.5,9.25,11.0,9.404166666666667,False,True,True
2023-03-20,10.0,79,0,3,0.9778483415056568,0.20931464596304847,10.0,10.0,10.0,11.5,10.0,True,False,True
2023-03-20,9.5,79,0,3,0.9778483415056568,0.20931464596304847,9.5,9.5,9.25,11.0,9.4125,False,True,True
2023-03-21,10.0,80,1,3,0.9813064702716093,0.19245158197082998,10.0,10.0,10.0,11.5,10.0,True,False,True
2023-03-21,9.5,80,1,3,0.9813064702716093,0.19245158197082998,9.5,9.5,9.25,11.0,9.420833333333333,False,True,True
2023-03-22,10.0,81,2,3,0.9844738167520922,0.1755314904214282,10.0,10.0,10.0,12.5,10.0,True,False,True
2023-03-22,9.5,81,2,3,0.9844738167520922,0.1755314904214282,9.5,9.5,9.25,12.0,9.429166666666667,False,True,True
2023-03-23,10.0,82,3,3,0.9873494423939864,0.15855938510313475,10.0,10.0,10.0,12.5,10.0,True,False,True
2023-03-23,9.5,82,3,3,0.9873494423939864,0.15855938510313475,9.5,9.5,9.25,12.0,9.4375,False,True,True
2023-03-24,10.0,83,4,3,0.989932495087353,0.141540295217043,10.0,10.0,10.0,12.5,10.0,True,False,True
2023-03-24,9.5,83,4,3,0.989932495087353,0.141540295217043,9.5,9.5,9.25,12.0,9.445833333333333,False,True,True
2023-03-25,10.0,84,5,3,0.9922222094179323,0.12447926388678915,10.0,10.0,10.0,12.5,10.0,True,False,True
2023-03-25,9.5,84,5,3,0.9922222094179323,0.12447926388678915,9.5,9.5,9.25,12.0,9.454166666666667,False,True,True
2023-03-26,9.5,85,6,3,0.994217906893952,0.10738134666416309,9.5,9.5,9.25,12.0,9.4625,False,True,True
2023-03-26,10.0,85,6,3,0.994217906893952,0.10738134666416309,10.0,10.0,10.0,12.5,10.0,True,False,True
2023-03-27,9.5,86,0,3,0.995918996147179,0.09025161003104117,9.5,9.5,9.25,12.0,9.470833333333333,False,True,True
2023-03-27,10.0,86,0,3,0.995918996147179,0.09025161003104117,10.0,10.0,10.0,12.5,10.0,True,False,True
2023-03-28,10.0,87,1,3,0.9973249731081555,0.07309512989807777,10.0,10.0,10.0,12.5,10.0,True,False,True
2023-03-28,9.5,87,1,3,0.9973249731081555,0.07309512989807777,9.5,9.5,9.25,12.0,9.479166666666666,False,True,True
2023-03-29,10.0,88,2,3,0.9984354211555643,0.055916990100603484,10.0,10.0,10.0,12.5,10.0,True,False,True
2023-03-29,9.5,88,2,3,0.9984354211555643,0.055916990100603484,9.5,9.5,9.25,12.0,9.4875,False,True,True
2023-03-30,10.0,89,3,3,0.9992500112396835,0.03872228089217446,10.0,10.0,10.0,12.5,10.0,True,False,True
2023-03-30,9.5,89,3,3,0.9992500112396835,0.03872228089217446,9.5,9.5,9.25,12.0,9.495833333333334,False,True,True
2023-03-31,10.0,90,4,3,0.9997685019798909,0.021516097436222254,10.0,10.0,10.0,12.5,10.0,True,False,True
2023-03-31,9.5,90,4,3,0.9997685019798909,0.021516097436222254,9.5,9.5,9.375,12.0,9.5,False,True,True
2023-04-01,9.5,91,5,4,0.9999907397361901,0.004303538296244289,9.5,9.5,9.5,12.0,9.5,False,True,True
2023-04-01,10.0,91,5,4,0.9999907397361901,0.004303538296244289,10.0,10.0,10.0,12.5,10.0,True,False,True
2023-04-02,9.5,92,6,4,0.9999166586547379,-0.01291029607500882,9.5,9.5,9.5,12.0,9.5,False,True,True
2023-04-02,10.0,92,6,4,0.9999166586547379,-0.01291029607500882,10.0,10.0,10.0,12.5,10.0,True,False,True
2023-04-03,9.5,93,0,4,0.9995462806873573,-0.030120304846908114,9.5,9.5,9.5,12.0,9.5,False,True,True
2023-04-03,10.0,93,0,4,0.9995462806873573,-0.030120304846908114,10.0,10.0,10.0,12.5,10.0,True,False,True
2023-04-04,9.5,94,1,4,0.9988797155850336,-0.04732138832243185,9.5,9.5,9.5,12.0,9.5,False,True,True
2023-04-04,10.0,94,1,4,0.9988797155850336,-0.04732138832243185,10.0,10.0,10.0,12.5,10.0,True,False,True
2023-04-05,9.5,95,2,4,0.9979171608653922,-0.06450844944931623,9.5,9.5,9.5,12.0,9.5,False,True,True
2023-04-05,10.0,95,2,4,0.9979171608653922,-0.06450844944931623,10.0,10.0,10.0,12.5,10.0,True,False,True
2023-04-06,10.0,96,3,4,0.9966589017541702,-0.08167639533042241,10.0,10.0,10.0,12.5,10.0,True,False,True
2023-04-06,9.5,96,3,4,0.9966589017541702,-0.08167639533042241,9.5,9.5,9.5,12.0,9.5,False,True,True
2023-04-07,10.0,97,4,4,0.9951053111006976,-0.09882013873287143,10.0,10.0,10.0,12.5,10.0,True,False,True
2023-04-07,9.5,97,4,4,0.9951053111006976,-0.09882013873287143,9.5,9.5,9.5,12.0,9.5,False,True,True
2023-04-08,10.0,98,5,4,0.9932568492674143,-0.11593459959550041,10.0,10.0,10.0,12.5,10.0,True,False,True
2023-04-08,9.5,98,5,4,0.9932568492674143,-0.11593459959550041,9.5,9.5,9.5,12.0,9.5,False,True,True
2023-04-09,9.5,99,6,4,0.9911140639934547,-0.1330147065341959,9.5,9.5,9.5,12.0,9.5,False,True,True
2023-04-09,10.0,99,6,4,0.9911140639934547,-0.1330147065341959,10.0,10.0,10.0,12.5,10.0,True,False,True
2023-04-10,10.0,100,0,4,0.9886775902323405,-0.1500553983446526,10.0,10.0,10.0,12.5,10.0,True,False,True
2023-04-10,9.5,100,0,4,0.9886775902323405,-0.1500553983446526,9.5,9.5,9.5,12.0,9.5,False,True,True
2023-04-11,9.5,101,1,4,0.9859481499638304,-0.16705162550211924,9.5,9.5,9.5,12.0,9.5,False,True,True
2023-04-11,10.0,101,1,4,0.9859481499638304,-0.16705162550211924,10.0,10.0,10.0,12.5,10.0,True,False,True
2023-04-12,9.5,102,2,4,0.9829265519799822,-0.18399835165768005,9.5,9.5,9.5,12.0,9.5,False,True,True
2023-04-12,10.0,102,2,4,0.9829265519799822,-0.18399835165768005,10.0,10.0,10.0,12.5,10.0,True,False,True
2023-04-13,9.5,103,3,4,0.9796136916454901,-0.20089055513063506,9.5,9.5,9.5,12.0,9.5,False,True,True
2023-04-13,10.0,103,3,4,0.9796136916454901,-0.20089055513063506,10.0,10.0,10.0,12.5,10.0,True,False,True
2023-04-14,10.0,104,4,4,0.9760105506323683,-0.21772323039653177,10.0,10.0,10.0,12.5,10.0,True,False,True
2023-04-14,9.5,104,4,4,0.9760105506323683,-0.21772323039653177,9.5,9.5,9.5,12.0,9.5,False,True,True
2023-04-15,10.0,105,5,4,0.9721181966290613,-0.23449138957040985,10.0,10.0,10.0,12.5,10.0,True,False,True
2023-04-15,9.5,105,5,4,0.9721181966290613,-0.23449138957040985,9.5,9.5,9.5,12.0,9.5,False,True,True
2023-04-16,10.0,106,6,4,0.9679377830240642,-0.25119006388481935,10.0,10.0,10.0,12.5,10.0,True,False,True
2023-04-16,9.5,106,6,4,0.9679377830240642,-0.25119006388481935,9.5,9.5,9.5,12.0,9.5,False,True,True
2023-04-17,9.5,107,0,4,0.9634705485641488,-0.2678143051621742,9.5,9.5,9.5,12.0,9.5,False,True,True
2023-04-17,10.0,107,0,4,0.9634705485641488,-0.2678143051621742,10.0,10.0,10.0,12.5,10.0,True,False,True
2023-04-18,10.0,108,1,4,0.9587178169872964,-0.2843591872810034,10.0,10.0,10.0,12.5,10.0,True,False,True
2023-04-18,9.5,108,1,4,0.9587178169872964,-0.2843591872810034,9.5,9.5,9.5,12.0,9.5,False,True,True
2023-04-19,10.5,109,2,4,0.9536809966304457,-0.30081980763566735,10.0,10.0,10.0,12.5,10.016666666666667,True,False,True
2023-04-19,9.5,109,2,4,0.9536809966304457,-0.30081980763566735,9.5,9.5,9.5,12.0,9.5,False,True,True
2023-04-20,9.5,110,3,4,0.9483615800121715,-0.3171912885891061,9.5,9.5,9.5,12.0,9.5,False,True,True
2023-04-20,10.5,110,3,4,0.9483615800121715,-0.3171912885891061,10.5,10.0,10.0,12.5,10.033333333333333,True,False,True
2023-04-21,10.5,111,4,4,0.9427611433904207,-0.3334687789181868,10.5,10.0,10.0,12.5,10.05,True,False,True
2023-04-21,9.5,111,4,4,0.9427611433904207,-0.3334687789181868,9.5,9.5,9.5,12.0,9.5,False,True,True
2023-04-22,10.5,112,5,4,0.9368813462954315,-0.3496474552512284,10.5,10.0,10.0,12.5,10.066666666666666,True,False,True
2023-04-22,9.5,112,5,4,0.9368813462954315,-0.3496474552512284,9.5,9.5,9.5,12.0,9.5,False,True,True
2023-04-23,10.5,113,6,4,0.9307239310379795,-0.36572252349726897,10.5,10.0,10.0,12.25,10.083333333333334,True,False,True
2023-04-23,9.5,113,6,4,0.9307239310379795,-0.36572252349726897,9.5,9.5,9.5,11.75,9.5,False,True,True
2023-04-24,10.5,114,0,4,0.9242907221930933,-0.3816892202666588,10.5,10.0,10.0,12.0,10.1,True,False,True
2023-04-24,9.5,114,0,4,0.9242907221930933,-0.3816892202666588,9.5,9.5,9.5,11.5,9.5,False,True,True
2023-04-25,9.5,115,1,4,0.9175836260593937,-0.39754281428255595,9.5,9.5,9.5,11.5,9.5,False,True,True
2023-04-25,10.5,115,1,4,0.9175836260593937,-0.39754281428255595,10.5,10.0,10.0,12.0,10.116666666666667,True,False,True
2023-04-26,9.5,116,2,4,0.9106046300942162,-0.4132786077829042,9.5,9.5,9.5,11.5,9.5,False,True,True
2023-04-26,10.5,116,2,4,0.9106046300942162,-0.4132786077829042,10.5,10.5,10.0,12.0,10.133333333333333,True,False,True
2023-04-27,9.5,117,3,4,0.9033558023246845,-0.4288919379124835,9.5,9.5,9.5,11.5,9.5,False,True,True
2023-04-27,10.5,117,3,4,0.9033558023246845,-0.4288919379124835,10.5,10.5,10.0,12.0,10.15,True,False,True
2023-04-28,10.5,118,4,4,0.895839290734909,-0.4443781781046132,10.5,10.5,10.0,12.0,10.166666666666666,True,False,True
2023-04-28,9.5,118,4,4,0.895839290734909,-0.4443781781046132,9.5,9.5,9.5,11.5,9.5,False,True,True
2023-04-29,10.5,119,5,4,0.8880573226294932,-0.45973273945210397,10.5,10.5,10.0,12.0,10.183333333333334,True,False,True
2023-04-29,9.5,119,5,4,0.8880573226294932,-0.45973273945210397,9.5,9.5,9.5,11.5,9.5,False,True,True
2023-04-30,10.5,120,6,4,0.8800122039735357,-0.47495107206704995,10.5,10.5,10.0,12.0,10.2,True,False,True
2023-04-30,9.5,120,6,4,0.8800122039735357,-0.47495107206704995,9.5,9.5,9.5,11.5,9.5,False,True,True
2023-05-01,10.5,121,0,5,0.8717063187093218,-0.4900286664290592,10.5,10.5,10.0,12.0,10.216666666666667,True,False,True
2023-05-01,9.5,121,0,5,0.8717063187093218,-0.4900286664290592,9.5,9.5,9.5,11.5,9.5,False,True,True
2023-05-02,9.5,122,1,5,0.8631421280499114,-0.5049610547215204,9.5,9.5,9.5,11.5,9.5,False,True,True
2023-05-02,10.5,122,1,5,0.8631421280499114,-0.5049610547215204,10.5,10.5,10.0,12.0,10.233333333333333,True,False,True
2023-05-03,9.5,123,2,5,0.854322169749827,-0.5197438121555155,9.5,9.5,9.5,11.5,9.5,False,True,True
2023-05-03,10.5,123,2,5,0.854322169749827,-0.5197438121555155,10.5,10.5,10.0,12.0,10.25,True,False,True
2023-05-04,9.5,124,3,5,0.8452490573530633,-0.5343725582809786,9.5,9.5,9.5,11.5,9.5,False,True,True
2023-05-04,10.5,124,3,5,0.8452490573530633,-0.5343725582809786,10.5,10.5,10.0,12.0,10.266666666666667,True,False,True
2023-05-05,10.5,125,4,5,0.8359254794186372,-0.548842958284719,10.5,10.5,10.0,12.0,10.283333333333333,True,False,True
2023-05-05,9.5,125,4,5,0.8359254794186372,-0.548842958284719,9.5,9.5,9.5,11.5,9.5,False,True,True
2023-05-06,10.5,126,5,5,0.8263541987239096,-0.5631507242749186,10.5,10.5,10.0,12.0,10.3,True,False,True
2023-05-06,9.5,126,5,5,0.8263541987239096,-0.5631507242749186,9.5,9.5,9.5,11.5,9.5,False,True,True
2023-05-07,10.5,127,6,5,0.8165380514459161,-0.5772916165517272,10.5,10.5,10.0,12.0,10.316666666666666,True,False,True
2023-05-07,9.5,127,6,5,0.8165380514459161,-0.5772916165517272,9.5,9.5,9.5,11.5,9.5,False,True,True
2023-05-08,9.5,128,0,5,0.8064799463209448,-0.5912614448635781,9.5,9.5,9.5,11.5,9.5,False,True,True
2023-05-08,10.5,128,0,5,0.8064799463209448,-0.5912614448635781,10.5,10.5,10.0,12.0,10.333333333333334,True,False,True
2023-05-09,10.25,129,1,5,0.7961828637826158,-0.6050560696488488,9.5,9.5,9.5,11.0,9.525,False,True,True
2023-05-09,11.5,129,1,5,0.7961828637826158,-0.6050560696488488,10.5,10.5,10.0,12.0,10.383333333333333,True,False,True
2023-05-10,11.5,130,2,5,0.7856498550787147,-0.6186714032625031,10.25,9.5,9.5,11.0,9.591666666666667,False,True,True
2023-05-10,12.5,130,2,5,0.7856498550787147,-0.6186714032625031,11.5,10.5,10.0,12.0,10.466666666666667,True,False,True
2023-05-11,11.5,131,3,5,0.7748840413670407,-0.6321034111873487,11.5,9.5,9.5,11.0,9.658333333333333,False,True,True
2023-05-11,12.5,131,3,5,0.7748840413670407,-0.6321034111873487,12.5,10.5,10.0,12.0,10.55,True,False,True
2023-05-12,11.5,132,4,5,0.7638886127905428,-0.6453481132295501,11.5,9.5,9.5,11.0,9.725,False,True,True
2023-05-12,12.5,132,4,5,0.7638886127905428,-0.6453481132295501,12.5,10.5,10.0,12.0,10.633333333333333,True,False,True
2023-05-13,12.625,133,5,5,0.7526668275320085,-0.6584015846980488,12.5,10.5,10.0,12.0,10.720833333333333,True,False,True
2023-05-13,11.666666666666666,133,5,5,0.7526668275320085,-0.6584015846980488,11.5,9.5,9.5,11.0,9.797222222222222,False,True,True
2023-05-14,12.75,134,6,5,0.7412220108485958,-0.6712599575675313,12.625,10.5,10.0,12.0,10.8125,True,False,True
2023-05-14,11.833333333333334,134,6,5,0.7412220108485958,-0.6712599575675313,11.666666666666666,9.5,9.5,11.0,9.875,False,True,True
2023-05-15,12.0,135,0,5,0.7295575540864875,-0.6839194216246106,11.833333333333334,9.5,9.5,11.0,9.958333333333334,False,True,True
2023-05-15,12.75,135,0,5,0.7295575540864875,-0.6839194216246106,12.75,10.5,10.0,12.0,10.904166666666667,True,False,True
2023-05-16,12.75,136,1,5,0.717676913675962,-0.6963762255968722,12.75,11.5,10.0,12.0,10.995833333333334,True,False,True
2023-05-16,12.0,136,1,5,0.717676913675962,-0.6963762255968722,12.0,10.25,9.5,11.0,10.041666666666666,False,True,True
2023-05-17,12.0,137,2,5,0.705583610107178,-0.7086266782644596,12.0,11.5,9.5,11.0,10.125,False,True,True
2023-05-17,12.75,137,2,5,0.705583610107178,-0.7086266782644596,12.75,12.5,10.0,12.0,11.0875,True,False,True
2023-05-18,12.0,138,3,5,0.6932812268869777,-0.7206671495538609,12.0,11.5,9.5,11.0,10.208333333333334,False,True,True
2023-05-18,12.75,138,3,5,0.6932812268869777,-0.7206671495538609,12.75,12.5,10.0,12.0,11.179166666666667,True,False,True
2023-05-19,12.0,139,4,5,0.6807734094770161,-0.7324940716135789,12.0,11.5,9.5,11.0,10.291666666666666,False,True,True
2023-05-19,12.75,139,4,5,0.6807734094770161,-0.7324940716135789,12.75,12.5,10.5,12.0,11.254166666666666,True,False,True
2023-05-20,12.75,140,5,5,0.6680638642135335,-0.7441039398713607,12.75,12.625,10.5,12.5,11.329166666666667,True,False,True
2023-05-20,12.0,140,5,5,0.6680638642135335,-0.7441039398713607,12.0,11.666666666666666,9.5,11.5,10.375,False,True,True
2023-05-21,12.0,141,6,5,0.6551563572090853,-0.7554933140726803,12.0,11.833333333333334,9.5,11.5,10.458333333333334,False,True,True
2023-05-21,12.75,141,6,5,0.6551563572090853,-0.7554933140726803,12.75,12.75,10.5,12.5,11.404166666666667,True,False,True
2023-05-22,12.75,142,0,5,0.6420547132365637,-0.766658819300159,12.75,12.75,10.5,12.5,11.479166666666666,True,False,True
2023-05-22,12.0,142,0,5,0.6420547132365637,-0.766658819300159,12.0,12.0,9.5,11.5,10.541666666666666,False,True,True
2023-05-23,12.5,143,1,5,0.6287628145958344,-0.7775971469736269,12.75,12.75,10.5,12.75,11.545833333333333,True,False,True
2023-05-23,11.5,143,1,5,0.6287628145958344,-0.7775971469736269,12.0,12.0,9.5,12.25,10.608333333333333,False,True,True
2023-05-24,11.5,144,2,5,0.6152845999633276,-0.7883050558305255,11.5,12.0,9.5,12.25,10.675,False,True,True
2023-05-24,12.5,144,2,5,0.6152845999633276,-0.7883050558305255,12.5,12.75,10.5,12.75,11.6125,True,False,True
2023-05-25,11.5,145,3,5,0.6016240632249226,-0.7987793728863649,11.5,12.0,9.5,12.25,10.741666666666667,False,True,True
2023-05-25,12.5,145,3,5,0.6016240632249226,-0.7987793728863649,12.5,12.75,10.5,12.75,11.679166666666667,True,False,True
2023-05-26,12.5,146,4,5,0.5877852522924732,-0.8090169943749473,12.5,12.75,10.5,12.75,11.745833333333334,True,False,True
2023-05-26,11.5,146,4,5,0.5877852522924732,-0.8090169943749473,11.5,12.0,9.5,12.25,10.808333333333334,False,True,True
2023-05-27,11.5,147,5,5,0.5737722679043246,-0.8190148866680801,11.5,12.0,9.5,12.25,10.875,False,True,True
2023-05-27,12.5,147,5,5,0.5737722679043246,-0.8190148866680801,12.5,12.75,10.5,12.75,11.8125,True,False,True
2023-05-28,12.5,148,6,5,0.5595892624101765,-0.8287700871745038,12.5,12.75,10.5,12.75,11.879166666666666,True,False,True
2023-05-28,11.5,148,6,5,0.5595892624101765,-0.8287700871745038,11.5,12.0,9.5,12.25,10.941666666666666,False,True,True
2023-05-29,12.5,149,0,5,0.545240438540651,-0.8382797052177744,12.5,12.75,10.5,12.75,11.945833333333333,True,False,True
2023-05-29,11.5,149,0,5,0.545240438540651,-0.8382797052177744,11.5,12.0,9.5,12.25,11.008333333333333,False,True,True
2023-05-30,12.5,150,1,5,0.5307300481619334,-0.8475409228928311,12.5,12.5,10.5,12.75,12.0125,True,False,True
2023-05-30,11.5,150,1,5,0.5307300481619334,-0.8475409228928311,11.5,11.5,9.5,12.25,11.075,False,True,True
2023-05-31,12.5,151,2,5,0.5160623910158528,-0.8565509959010036,12.5,12.5,10.5,12.75,12.079166666666667,True,False,True
2023-05-31,11.5,151,2,5,0.5160623910158528,-0.8565509959010036,11.5,11.5,9.5,12.25,11.141666666666667,False,True,True
2023-06-01,12.5,152,3,6,0.5012418134457758,-0.865307254363206,12.5,12.5,10.5,12.75,12.145833333333334,True,False,True
2023-06-01,11.5,152,3,6,0.5012418134457758,-0.865307254363206,11.5,11.5,9.5,12.25,11.208333333333334,False,True,True
2023-06-02,12.5,153,4,6,0.48627270710868997,-0.8738071036110808,12.5,12.5,10.5,12.75,12.2125,True,False,True
2023-06-02,11.5,153,4,6,0.48627270710868997,-0.8738071036110808,11.5,11.5,9.5,12.25,11.275,False,True,True
2023-06-03,11.5,154,5,6,0.4711595076738638,-0.8820480249558537,11.5,11.5,9.5,12.25,11.341666666666667,False,True,True
2023-06-03,12.5,154,5,6,0.4711595076738638,-0.8820480249558537,12.5,12.5,10.5,12.75,12.279166666666667,True,False,True
2023-06-04,11.5,155,6,6,0.4559066935084588,-0.8900275764346767,11.5,11.5,9.5,12.25,11.408333333333333,False,True,True
2023-06-04,12.5,155,6,6,0.4559066935084588,-0.8900275764346767,12.5,12.5,10.5,12.75,12.345833333333333,True,False,True
2023-06-05,12.5,156,0,6,0.440518784350495,-0.8977433935342337,12.5,12.5,10.5,12.75,12.4125,True,False,True
2023-06-05,11.5,156,0,6,0.440518784350495,-0.8977433935342337,11.5,11.5,9.5,12.25,11.475,False,True,True
2023-06-06,11.5,157,1,6,0.42500033996955416,-0.9051931898913974,11.5,11.5,9.5,12.25,11.541666666666666,False,True,True
2023-06-06,12.5,157,1,6,0.42500033996955416,-0.9051931898913974,12.5,12.5,10.5,12.75,12.479166666666666,True,False,True
2023-06-07,12.5,158,2,6,0.4093559588156213,-0.9123747579707273,12.5,12.5,10.5,12.75,12.545833333333333,True,False,True
2023-06-07,11.5,158,2,6,0.4093559588156213,-0.9123747579707273,11.5,11.5,9.5,12.25,11.608333333333333,False,True,True
2023-06-08,12.5,159,3,6,0.39359027665646673,-0.9192859697186104,12.5,12.5,11.5,12.5,12.579166666666667,True,False,True
2023-06-08,11.5,159,3,6,0.39359027665646673,-0.9192859697186104,11.5,11.5,10.25,12.25,11.65,False,True,True
2023-06-09,12.5,160,4,6,0.3777079652039649,-0.9259247771938498,12.5,12.5,12.5,12.5,12.579166666666667,True,False,True
2023-06-09,11.5,160,4,6,0.3777079652039649,-0.9259247771938498,11.5,11.5,11.5,12.25,11.65,False,True,True
2023-06-10,12.5,161,5,6,0.36171373072976765,-0.9322892131745133,12.5,12.5,12.5,12.5,12.579166666666667,True,False,True
2023-06-10,11.5,161,5,6,0.36171373072976765,-0.9322892131745133,11.5,11.5,11.5,12.25,11.65,False,True,True
2023-06-11,12.5,162,6,6,0.3456123126707335,-0.9383773917408641,12.5,12.5,12.5,12.5,12.579166666666667,True,False,True
2023-06-11,11.5,162,6,6,0.3456123126707335,-0.9383773917408641,11.5,11.5,11.5,12.25,11.65,False,True,True
2023-06-12,11.5,163,0,6,0.3294084822245304,-0.9441875088341993,11.5,11.5,11.666666666666666,12.25,11.644444444444444,False,True,True
2023-06-12,12.5,163,0,6,0.3294084822245304,-0.9441875088341993,12.5,12.5,12.625,12.5,12.575,True,False,True
2023-06-13,12.5,164,1,6,0.3131070409358269,-0.9497178427914316,12.5,12.5,12.75,12.5,12.566666666666666,True,False,True
2023-06-13,11.5,164,1,6,0.3131070409358269,-0.9497178427914316,11.5,11.5,11.833333333333334,12.25,11.633333333333333,False,True,True
2023-06-14,11.5,165,2,6,0.29671281927349075,-0.9549667548552551,11.5,11.5,12.0,12.25,11.616666666666667,False,True,True
2023-06-14,12.5,165,2,6,0.29671281927349075,-0.9549667548552551,12.5,12.5,12.75,12.5,12.558333333333334,True,False,True
2023-06-15,11.5,166,3,6,0.28023067519921585,-0.9599326896597447,11.5,11.5,12.0,12.25,11.6,False,True,True
2023-06-15,12.5,166,3,6,0.28023067519921585,-0.9599326896597447,12.5,12.5,12.75,12.5,12.55,True,False,True
2023-06-16,11.5,167,4,6,0.26366549272800704,-0.9646141756912435,11.5,11.5,12.0,12.25,11.583333333333334,False,True,True
2023-06-16,12.5,167,4,6,0.26366549272800704,-0.9646141756912435,12.5,12.5,12.75,12.5,12.541666666666666,True,False,True
2023-06-17,12.5,168,5,6,0.24702218048093552,-0.9690098257244062,12.5,12.5,12.75,12.5,12.533333333333333,True,False,True
2023-06-17,11.5,168,5,6,0.24702218048093552,-0.9690098257244062,11.5,11.5,12.0,12.25,11.566666666666666,False,True,True
2023-06-18,12.5,169,6,6,0.23030567023061221,-0.9731183372332619,12.5,12.5,12.75,12.5,12.525,True,False,True
2023-06-18,11.5,169,6,6,0.23030567023061221,-0.9731183372332619,11.5,11.5,12.0,12.25,11.55,False,True,True
2023-06-19,12.5,170,0,6,0.21352091543979612,-0.9769384927771817,12.5,12.5,12.75,12.5,12.516666666666667,True,False,True
2023-06-19,11.5,170,0,6,0.21352091543979612,-0.9769384927771817,11.5,11.5,12.0,12.25,11.533333333333333,False,True,True
2023-06-20,11.5,171,1,6,0.19667288979357647,-0.980469160361632,11.5,11.5,12.0,12.25,11.516666666666667,False,True,True
2023-06-20,12.5,171,1,6,0.19667288979357647,-0.980469160361632,12.5,12.5,12.75,12.5,12.508333333333333,True,False,True
2023-06-21,11.5,172,2,6,0.1797665857255624,-0.9837092937736097,11.5,11.5,12.0,12.25,11.5,False,True,True
2023-06-21,12.5,172,2,6,0.1797665857255624,-0.9837092937736097,12.5,12.5,12.75,12.5,12.5,True,False,True
2023-06-22,12.5,173,3,6,0.16280701293851715,-0.986657932891657,12.5,12.5,12.5,12.5,12.5,True,False,True
2023-06-22,11.5,173,3,6,0.16280701293851715,-0.986657932891657,11.5,11.5,11.5,12.25,11.5,False,True,True
2023-06-23,11.5,174,4,6,0.1457991969198751,-0.9893142039703663,11.5,11.5,11.5,12.25,11.5,False,True,True
2023-06-23,12.5,174,4,6,0.1457991969198751,-0.9893142039703663,12.5,12.5,12.5,12.5,12.5,True,False,True
2023-06-24,12.5,175,5,6,0.12874817745258132,-0.99167731989929,12.5,12.5,12.5,12.5,12.5,True,False,True
2023-06-24,11.5,175,5,6,0.12874817745258132,-0.99167731989929,11.5,11.5,11.5,12.25,11.5,False,True,True
2023-06-25,12.5,176,6,6,0.11165900712169512,-0.993746580436178,12.5,12.5,12.5,12.5,12.5,True,False,True
2023-06-25,11.5,176,6,6,0.11165900712169512,-0.993746580436178,11.5,11.5,11.5,12.25,11.5,False,True,True
2023-06-26,12.5,177,0,6,0.09453674981719912,-0.9955213724144752,12.5,12.5,12.5,12.5,12.5,True,False,True
2023-06-26,11.5,177,0,6,0.09453674981719912,-0.9955213724144752,11.5,11.5,11.5,12.25,11.5,False,True,True
2023-06-27,12.5,178,1,6,0.07738647923346301,-0.9970011699250151,12.5,12.5,12.5,12.5,12.5,True,False,True
2023-06-27,11.5,178,1,6,0.07738647923346301,-0.9970011699250151,11.5,11.5,11.5,12.25,11.5,False,True,True
2023-06-28,11.5,179,2,6,0.06021327736579302,-0.9981855344718586,11.5,11.5,11.5,12.25,11.5,False,True,True
2023-06-28,12.25,179,2,6,0.06021327736579302,-0.9981855344718586,12.5,12.5,12.5,12.5,12.491666666666667,True,False,True
2023-06-29,11.5,180,3,6,0.04302223300453059,-0.99907411510223,11.5,11.5,11.5,12.25,11.5,False,True,True
2023-06-29,12.0,180,3,6,0.04302223300453059,-0.99907411510223,12.25,12.5,12.5,12.5,12.475,True,False,True
2023-06-30,12.5,181,4,6,0.02581844022713308,-0.9996666485105112,12.0,12.5,12.5,12.0,12.475,True,False,True
2023-06-30,11.5,181,4,6,0.02581844022713308,-0.9996666485105112,11.5,11.5,11.5,11.5,11.5,False,True,True
2023-07-01,11.5,182,5,7,0.008606996888688698,-0.9999629591162655,11.5,11.5,11.5,11.5,11.5,False,True,True
2023-07-01,12.25,182,5,7,0.008606996888688698,-0.9999629591162655,12.5,12.5,12.5,12.0,12.466666666666667,True,False,True
2023-07-02,12.0,183,6,7,-0.008606996888688009,-0.9999629591162655,12.25,12.5,12.5,12.0,12.45,True,False,True
2023-07-02,11.5,183,6,7,-0.008606996888688009,-0.9999629591162655,11.5,11.5,11.5,11.5,11.5,False,True,True
2023-07-03,12.0,184,0,7,-0.02581844022713239,-0.9996666485105112,12.0,12.5,12.5,12.0,12.433333333333334,True,False,True
2023-07-03,11.5,184,0,7,-0.02581844022713239,-0.9996666485105112,11.5,11.5,11.5,11.5,11.5,False,True,True
2023-07-04,12.0,185,1,7,-0.04302223300453034,-0.99907411510223,12.0,12.5,12.5,12.0,12.416666666666666,True,False,True
2023-07-04,11.5,185,1,7,-0.04302223300453034,-0.99907411510223,11.5,11.5,11.5,11.5,11.5,False,True,True
2023-07-05,11.5,186,2,7,-0.060213277365792774,-0.9981855344718586,11.5,11.5,11.5,11.5,11.5,False,True,True
2023-07-05,12.0,186,2,7,-0.060213277365792774,-0.9981855344718586,12.0,12.25,12.5,12.0,12.4,True,False,True
2023-07-06,11.5,187,3,7,-0.07738647923346322,-0.9970011699250151,11.5,11.5,11.5,11.5,11.5,False,True,True
2023-07-06,12.0,187,3,7,-0.07738647923346322,-0.9970011699250151,12.0,12.0,12.5,12.0,12.383333333333333,True,False,True
2023-07-07,11.5,188,4,7,-0.09453674981719933,-0.9955213724144752,11.5,11.5,11.5,11.5,11.5,False,True,True
2023-07-07,12.0,188,4,7,-0.09453674981719933,-0.9955213724144752,12.0,12.5,12.5,12.0,12.366666666666667,True,False,True
2023-07-08,12.0,189,5,7,-0.11165900712169444,-0.9937465804361781,12.0,12.25,12.5,12.0,12.35,True,False,True
2023-07-08,11.5,189,5,7,-0.11165900712169444,-0.9937465804361781,11.5,11.5,11.5,11.5,11.5,False,True,True
2023-07-09,12.0,190,6,7,-0.12874817745258066,-0.99167731989929,12.0,12.0,12.5,12.0,12.333333333333334,True,False,True
2023-07-09,11.5,190,6,7,-0.12874817745258066,-0.99167731989929,11.5,11.5,11.5,11.5,11.5,False,True,True
2023-07-10,11.5,191,0,7,-0.14579919691987442,-0.9893142039703664,11.5,11.5,11.5,11.5,11.5,False,True,True
2023-07-10,12.0,191,0,7,-0.14579919691987442,-0.9893142039703664,12.0,12.0,12.5,12.0,12.316666666666666,True,False,True
2023-07-11,12.0,192,1,7,-0.16280701293851646,-0.9866579328916572,12.0,12.0,12.5,12.0,12.3,True,False,True
2023-07-11,11.5,192,1,7,-0.16280701293851646,-0.9866579328916572,11.5,11.5,11.5,11.5,11.5,False,True,True
2023-07-12,12.0,193,2,7,-0.17976658572556214,-0.9837092937736098,12.0,12.0,12.5,12.0,12.283333333333333,True,False,True
2023-07-12,11.5,193,2,7,-0.17976658572556214,-0.9837092937736098,11.5,11.5,11.5,11.5,11.5,False,True,True
2023-07-13,12.0,194,3,7,-0.19667288979357622,-0.9804691603616321,12.0,12.0,12.5,12.0,12.266666666666667,True,False,True
2023-07-13,11.5,194,3,7,-0.19667288979357622,-0.9804691603616321,11.5,11.5,11.5,11.5,11.5,False,True,True
2023-07-14,11.5,195,4,7,-0.2135209154397959,-0.9769384927771817,11.5,11.5,11.5,11.5,11.5,False,True,True
2023-07-14,12.0,195,4,7,-0.2135209154397959,-0.9769384927771817,12.0,12.0,12.5,12.0,12.25,True,False,True
2023-07-15,12.0,196,5,7,-0.23030567023061196,-0.973118337233262,12.0,12.0,12.5,11.75,12.233333333333333,True,False,True
2023-07-15,11.5,196,5,7,-0.23030567023061196,-0.973118337233262,11.5,11.5,11.5,11.25,11.5,False,True,True
2023-07-16,11.5,197,6,7,-0.24702218048093527,-0.9690098257244063,11.5,11.5,11.5,11.25,11.5,False,True,True
2023-07-16,12.0,197,6,7,-0.24702218048093527,-0.9690098257244063,12.0,12.0,12.5,11.75,12.216666666666667,True,False,True
2023-07-17,11.5,198,0,7,-0.2636654927280072,-0.9646141756912435,11.5,11.5,11.5,11.25,11.5,False,True,True
2023-07-17,12.0,198,0,7,-0.2636654927280072,-0.9646141756912435,12.0,12.0,12.5,12.0,12.2,True,False,True
2023-07-18,11.5,199,1,7,-0.2802306751992161,-0.9599326896597445,11.5,11.5,11.5,11.25,11.5,False,True,True
2023-07-18,12.0,199,1,7,-0.2802306751992161,-0.9599326896597445,12.0,12.0,12.5,12.0,12.183333333333334,True,False,True
2023-07-19,12.0,200,2,7,-0.2967128192734901,-0.9549667548552553,12.0,12.0,12.5,12.0,12.166666666666666,True,False,True
2023-07-19,11.5,200,2,7,-0.2967128192734901,-0.9549667548552553,11.5,11.5,11.5,11.25,11.5,False,True,True
2023-07-20,12.0,201,3,7,-0.3131070409358267,-0.9497178427914317,12.0,12.0,12.5,12.0,12.15,True,False,True
2023-07-20,11.5,201,3,7,-0.3131070409358267,-0.9497178427914317,11.5,11.5,11.5,11.25,11.5,False,True,True
2023-07-21,12.0,202,4,7,-0.3294084822245302,-0.9441875088341994,12.0,12.0,12.5,12.0,12.133333333333333,True,False,True
2023-07-21,11.5,202,4,7,-0.3294084822245302,-0.9441875088341994,11.5,11.5,11.5,11.25,11.5,False,True,True
2023-07-22,11.5,203,5,7,-0.3456123126707333,-0.9383773917408642,11.5,11.5,11.5,11.25,11.5,False,True,True
2023-07-22,12.0,203,5,7,-0.3456123126707333,-0.9383773917408642,12.0,12.0,12.5,12.0,12.116666666666667,True,False,True
2023-07-23,12.0,204,6,7,-0.3617137307297674,-0.9322892131745134,12.0,12.0,12.5,12.0,12.1,True,False,True
2023-07-23,11.5,204,6,7,-0.3617137307297674,-0.9322892131745134,11.5,11.5,11.5,11.25,11.5,False,True,True
2023-07-24,11.5,205,0,7,-0.37770796520396466,-0.9259247771938499,11.5,11.5,11.5,11.25,11.5,False,True,True
2023-07-24,12.0,205,0,7,-0.37770796520396466,-0.9259247771938499,12.0,12.0,12.5,12.0,12.083333333333334,True,False,True
2023-07-25,12.0,206,1,7,-0.39359027665646645,-0.9192859697186105,12.0,12.0,12.5,12.0,12.066666666666666,True,False,True
2023-07-25,11.5,206,1,7,-0.39359027665646645,-0.9192859697186105,11.5,11.5,11.5,11.25,11.5,False,True,True
2023-07-26,11.5,207,2,7,-0.4093559588156211,-0.9123747579707274,11.5,11.5,11.5,11.25,11.5,False,True,True
2023-07-26,12.0,207,2,7,-0.4093559588156211,-0.9123747579707274,12.0,12.0,12.5,12.0,12.05,True,False,True
2023-07-27,12.0,208,3,7,-0.42500033996955394,-0.9051931898913975,12.0,12.0,12.5,12.0,12.033333333333333,True,False,True
2023-07-27,11.5,208,3,7,-0.42500033996955394,-0.9051931898913975,11.5,11.5,11.5,11.25,11.5,False,True,True
2023-07-28,11.5,209,4,7,-0.4405187843504952,-0.8977433935342336,11.5,11.5,11.5,11.25,11.5,False,True,True
2023-07-28,12.0,209,4,7,-0.4405187843504952,-0.8977433935342336,12.0,12.0,12.25,12.0,12.025,True,False,True
2023-07-29,11.5,210,5,7,-0.455906693508459,-0.8900275764346766,11.5,11.5,11.5,11.25,11.5,False,True,True
2023-07-29,12.0,210,5,7,-0.455906693508459,-0.8900275764346766,12.0,12.0,12.0,12.0,12.025,True,False,True
2023-07-30,11.5,211,6,7,-0.47115950767386394,-0.8820480249558535,11.5,11.5,11.5,11.25,11.5,False,True,True
2023-07-30,12.0,211,6,7,-0.47115950767386394,-0.8820480249558535,12.0,12.0,12.5,12.0,12.008333333333333,True,False,True
2023-07-31,12.0,212,0,7,-0.4862727071086902,-0.8738071036110807,12.0,12.0,12.25,12.0,12.0,True,False,True
2023-07-31,11.5,212,0,7,-0.4862727071086902,-0.8738071036110807,11.5,11.5,11.5,11.25,11.5,False,True,True
2023-08-01,11.5,213,1,8,-0.5012418134457756,-0.8653072543632061,11.5,11.5,11.5,11.25,11.5,False,True,True
2023-08-01,12.0,213,1,8,-0.5012418134457756,-0.8653072543632061,12.0,12.0,12.0,12.0,12.0,True,False,True
2023-08-02,11.5,214,2,8,-0.5160623910158526,-0.8565509959010037,11.5,11.5,11.5,11.25,11.5,False,True,True
2023-08-02,12.0,214,2,8,-0.5160623910158526,-0.8565509959010037,12.0,12.0,12.0,12.0,12.0,True,False,True
2023-08-03,11.5,215,3,8,-0.5307300481619331,-0.8475409228928312,11.5,11.5,11.5,10.25,11.5,False,True,True
2023-08-03,12.0,215,3,8,-0.5307300481619331,-0.8475409228928312,12.0,12.0,12.0,11.0,12.0,True,False,True
2023-08-04,12.0,216,4,8,-0.5452404385406507,-0.8382797052177745,12.0,12.0,12.0,11.0,12.0,True,False,True
2023-08-04,11.5,216,4,8,-0.5452404385406507,-0.8382797052177745,11.5,11.5,11.5,10.25,11.5,False,True,True
2023-08-05,11.5,217,5,8,-0.5595892624101763,-0.828770087174504,11.5,11.5,11.5,9.5,11.5,False,True,True
2023-08-05,12.0,217,5,8,-0.5595892624101763,-0.828770087174504,12.0,12.0,12.0,10.5,12.0,True,False,True
2023-08-06,11.5,218,6,8,-0.5737722679043243,-0.8190148866680802,11.5,11.5,11.5,9.5,11.5,False,True,True
2023-08-06,12.0,218,6,8,-0.5737722679043243,-0.8190148866680802,12.0,12.0,12.0,10.5,12.0,True,False,True
2023-08-07,11.5,219,0,8,-0.5877852522924734,-0.8090169943749472,11.5,11.5,11.5,9.5,11.5,False,True,True
2023-08-07,12.0,219,0,8,-0.5877852522924734,-0.8090169943749472,12.0,12.0,12.0,10.5,12.0,True,False,True
2023-08-08,11.5,220,1,8,-0.6016240632249227,-0.7987793728863648,11.5,11.5,11.5,9.5,11.5,False,True,True
2023-08-08,12.0,220,1,8,-0.6016240632249227,-0.7987793728863648,12.0,12.0,12.0,10.5,12.0,True,False,True
2023-08-09,11.5,221,2,8,-0.6152845999633277,-0.7883050558305253,11.5,11.5,11.5,9.5,11.5,False,True,True
2023-08-09,12.0,221,2,8,-0.6152845999633277,-0.7883050558305253,12.0,12.0,12.0,10.5,12.0,True,False,True
2023-08-10,11.5,222,3,8,-0.6287628145958345,-0.7775971469736268,11.5,11.5,11.5,9.5,11.5,False,True,True
2023-08-10,12.0,222,3,8,-0.6287628145958345,-0.7775971469736268,12.0,12.0,12.0,10.5,12.0,True,False,True
2023-08-11,11.5,223,4,8,-0.6420547132365636,-0.7666588193001592,11.5,11.5,11.5,9.5,11.5,False,True,True
2023-08-11,12.0,223,4,8,-0.6420547132365636,-0.7666588193001592,12.0,12.0,12.0,10.5,12.0,True,False,True
2023-08-12,12.0,224,5,8,-0.655156357209085,-0.7554933140726804,12.0,12.0,12.0,10.5,12.0,True,False,True
2023-08-12,11.5,224,5,8,-0.655156357209085,-0.7554933140726804,11.5,11.5,11.5,9.5,11.5,False,True,True
2023-08-13,11.5,225,6,8,-0.6680638642135333,-0.7441039398713608,11.5,11.5,11.5,9.5,11.5,False,True,True
2023-08-13,12.0,225,6,8,-0.6680638642135333,-0.7441039398713608,12.0,12.0,12.0,10.5,12.0,True,False,True
2023-08-14,11.5,226,0,8,-0.6807734094770159,-0.7324940716135792,11.5,11.5,11.5,9.5,11.5,False,True,True
2023-08-14,12.0,226,0,8,-0.6807734094770159,-0.7324940716135792,12.0,12.0,12.0,10.5,12.0,True,False,True
2023-08-15,11.5,227,1,8,-0.6932812268869771,-0.7206671495538615,11.5,11.5,11.5,9.5,11.5,False,True,True
2023-08-15,12.0,227,1,8,-0.6932812268869771,-0.7206671495538615,12.0,12.0,12.0,10.5,12.0,True,False,True
2023-08-16,11.5,228,2,8,-0.7055836101071774,-0.70862667826446,11.5,11.5,11.5,9.5,11.5,False,True,True
2023-08-16,12.0,228,2,8,-0.7055836101071774,-0.70862667826446,12.0,12.0,12.0,10.5,12.0,True,False,True
2023-08-17,12.0,229,3,8,-0.7176769136759615,-0.6963762255968726,12.0,12.0,12.0,10.5,12.0,True,False,True
2023-08-17,11.5,229,3,8,-0.7176769136759615,-0.6963762255968726,11.5,11.5,11.5,9.5,11.5,False,True,True
