pubDate,avgPrice,day_of_year,day_of_week,month,doy_sin,doy_cos,avgPrice_lag_1,avgPrice_lag_7,avgPrice_lag_30,avgPrice_lag_365,avgPrice_MA_30,specInfo_UNKNOWN,prodPcat_干果,prodPcat_杂粮类
2022-07-20,6.5,201,2,7,-0.3131070409358267,-0.9497178427914317,6.5,6.5,6.5,6.5,6.5,True,True,False
2022-07-20,5.0,201,2,7,-0.3131070409358267,-0.9497178427914317,5.0,5.0,5.0,5.0,5.0,True,False,True
2022-07-21,6.5,202,3,7,-0.3294084822245302,-0.9441875088341994,6.5,6.5,6.5,6.5,6.5,True,True,False
2022-07-21,5.0,202,3,7,-0.3294084822245302,-0.9441875088341994,5.0,5.0,5.0,5.0,5.0,True,False,True
2022-07-22,6.5,203,4,7,-0.3456123126707333,-0.9383773917408642,6.5,6.5,6.5,6.5,6.5,True,True,False
2022-07-22,5.0,203,4,7,-0.3456123126707333,-0.9383773917408642,5.0,5.0,5.0,5.0,5.0,True,False,True
2022-07-23,6.5,204,5,7,-0.3617137307297674,-0.9322892131745134,6.5,6.5,6.5,6.5,6.5,True,True,False
2022-07-23,5.0,204,5,7,-0.3617137307297674,-0.9322892131745134,5.0,5.0,5.0,5.0,5.0,True,False,True
2022-07-24,6.5,205,6,7,-0.37770796520396466,-0.9259247771938499,6.5,6.5,6.5,6.5,6.5,True,True,False
2022-07-24,5.0,205,6,7,-0.37770796520396466,-0.9259247771938499,5.0,5.0,5.0,5.0,5.0,True,False,True
2022-07-25,5.0,206,0,7,-0.39359027665646645,-0.9192859697186105,5.0,5.0,5.0,5.0,5.0,True,False,True
2022-07-25,6.5,206,0,7,-0.39359027665646645,-0.9192859697186105,6.5,6.5,6.5,6.5,6.5,True,True,False
2022-07-26,6.5,207,1,7,-0.4093559588156211,-0.9123747579707274,6.5,6.5,6.5,6.5,6.5,True,True,False
2022-07-26,5.0,207,1,7,-0.4093559588156211,-0.9123747579707274,5.0,5.0,5.0,5.0,5.0,True,False,True
2022-07-27,5.0,208,2,7,-0.42500033996955394,-0.9051931898913975,5.0,5.0,5.0,5.0,5.0,True,False,True
2022-07-27,6.5,208,2,7,-0.42500033996955394,-0.9051931898913975,6.5,6.5,6.5,6.5,6.5,True,True,False
2022-07-28,5.0,209,3,7,-0.4405187843504952,-0.8977433935342336,5.0,5.0,5.0,5.0,5.0,True,False,True
2022-07-28,6.5,209,3,7,-0.4405187843504952,-0.8977433935342336,6.5,6.5,6.5,6.5,6.5,True,True,False
2022-07-29,5.0,210,4,7,-0.455906693508459,-0.8900275764346766,5.0,5.0,5.0,5.0,5.0,True,False,True
2022-07-29,6.5,210,4,7,-0.455906693508459,-0.8900275764346766,6.5,6.5,6.5,6.5,6.5,True,True,False
2022-07-30,5.0,211,5,7,-0.47115950767386394,-0.8820480249558535,5.0,5.0,5.0,5.0,5.0,True,False,True
2022-07-30,6.5,211,5,7,-0.47115950767386394,-0.8820480249558535,6.5,6.5,6.5,6.5,6.5,True,True,False
2022-07-31,5.0,212,6,7,-0.4862727071086902,-0.8738071036110807,5.0,5.0,5.0,5.0,5.0,True,False,True
2022-07-31,6.5,212,6,7,-0.4862727071086902,-0.8738071036110807,6.5,6.5,6.5,6.5,6.5,True,True,False
2022-08-01,5.0,213,0,8,-0.5012418134457756,-0.8653072543632061,5.0,5.0,5.0,5.0,5.0,True,False,True
2022-08-01,6.5,213,0,8,-0.5012418134457756,-0.8653072543632061,6.5,6.5,6.5,6.5,6.5,True,True,False
2022-08-02,5.0,214,1,8,-0.5160623910158526,-0.8565509959010037,5.0,5.0,5.0,5.0,5.0,True,False,True
2022-08-02,6.5,214,1,8,-0.5160623910158526,-0.8565509959010037,6.5,6.5,6.5,6.5,6.5,True,True,False
2022-08-03,6.5,215,2,8,-0.5307300481619331,-0.8475409228928312,6.5,6.5,6.5,6.5,6.5,True,True,False
2022-08-03,5.0,215,2,8,-0.5307300481619331,-0.8475409228928312,5.0,5.0,5.0,5.0,5.0,True,False,True
2022-08-04,6.5,216,3,8,-0.5452404385406507,-0.8382797052177745,6.5,6.5,6.5,6.5,6.5,True,True,False
2022-08-04,5.0,216,3,8,-0.5452404385406507,-0.8382797052177745,5.0,5.0,5.0,5.0,5.0,True,False,True
2022-08-05,6.5,217,4,8,-0.5595892624101763,-0.828770087174504,6.5,6.5,6.5,6.5,6.5,True,True,False
2022-08-05,5.0,217,4,8,-0.5595892624101763,-0.828770087174504,5.0,5.0,5.0,5.0,5.0,True,False,True
2022-08-06,6.5,218,5,8,-0.5737722679043243,-0.8190148866680802,6.5,6.5,6.5,6.5,6.5,True,True,False
2022-08-06,5.0,218,5,8,-0.5737722679043243,-0.8190148866680802,5.0,5.0,5.0,5.0,5.0,True,False,True
2022-08-07,6.5,219,6,8,-0.5877852522924734,-0.8090169943749472,6.5,6.5,6.5,6.5,6.5,True,True,False
2022-08-07,5.0,219,6,8,-0.5877852522924734,-0.8090169943749472,5.0,5.0,5.0,5.0,5.0,True,False,True
2022-08-08,5.0,220,0,8,-0.6016240632249227,-0.7987793728863648,5.0,5.0,5.0,5.0,5.0,True,False,True
2022-08-08,6.5,220,0,8,-0.6016240632249227,-0.7987793728863648,6.5,6.5,6.5,6.5,6.5,True,True,False
2022-08-09,6.5,221,1,8,-0.6152845999633277,-0.7883050558305253,6.5,6.5,6.5,6.5,6.5,True,True,False
2022-08-09,5.0,221,1,8,-0.6152845999633277,-0.7883050558305253,5.0,5.0,5.0,5.0,5.0,True,False,True
2022-08-10,6.5,222,2,8,-0.6287628145958345,-0.7775971469736268,6.5,6.5,6.5,6.5,6.5,True,True,False
2022-08-10,5.0,222,2,8,-0.6287628145958345,-0.7775971469736268,5.0,5.0,5.0,5.0,5.0,True,False,True
2022-08-11,5.0,223,3,8,-0.6420547132365636,-0.7666588193001592,5.0,5.0,5.0,5.0,5.0,True,False,True
2022-08-11,6.5,223,3,8,-0.6420547132365636,-0.7666588193001592,6.5,6.5,6.5,6.5,6.5,True,True,False
2022-08-12,6.5,224,4,8,-0.655156357209085,-0.7554933140726804,6.5,6.5,6.5,6.5,6.5,True,True,False
2022-08-12,5.0,224,4,8,-0.655156357209085,-0.7554933140726804,5.0,5.0,5.0,5.0,5.0,True,False,True
2022-08-13,5.0,225,5,8,-0.6680638642135333,-0.7441039398713608,5.0,5.0,5.0,5.0,5.0,True,False,True
2022-08-13,6.5,225,5,8,-0.6680638642135333,-0.7441039398713608,6.5,6.5,6.5,6.5,6.5,True,True,False
2022-08-14,6.5,226,6,8,-0.6807734094770159,-0.7324940716135792,6.5,6.5,6.5,6.5,6.5,True,True,False
2022-08-14,5.0,226,6,8,-0.6807734094770159,-0.7324940716135792,5.0,5.0,5.0,5.0,5.0,True,False,True
2022-08-15,5.0,227,0,8,-0.6932812268869771,-0.7206671495538615,5.0,5.0,5.0,5.0,5.0,True,False,True
2022-08-15,6.5,227,0,8,-0.6932812268869771,-0.7206671495538615,6.5,6.5,6.5,6.5,6.5,True,True,False
2022-08-16,6.5,228,1,8,-0.7055836101071774,-0.70862667826446,6.5,6.5,6.5,6.5,6.5,True,True,False
2022-08-16,5.0,228,1,8,-0.7055836101071774,-0.70862667826446,5.0,5.0,5.0,5.0,5.0,True,False,True
2022-08-17,6.5,229,2,8,-0.7176769136759615,-0.6963762255968726,6.5,6.5,6.5,6.5,6.5,True,True,False
2022-08-17,5.0,229,2,8,-0.7176769136759615,-0.6963762255968726,5.0,5.0,5.0,5.0,5.0,True,False,True
2022-08-18,6.5,230,3,8,-0.7295575540864876,-0.6839194216246105,6.5,6.5,6.5,6.5,6.5,True,True,False
2022-08-18,5.0,230,3,8,-0.7295575540864876,-0.6839194216246105,5.0,5.0,5.0,5.0,5.0,True,False,True
2022-08-19,6.5,231,4,8,-0.7412220108485957,-0.6712599575675315,6.5,6.5,6.5,6.5,6.5,True,True,False
2022-08-19,5.0,231,4,8,-0.7412220108485957,-0.6712599575675315,5.0,5.0,5.0,5.0,5.0,True,False,True
2022-08-20,5.0,232,5,8,-0.7526668275320083,-0.6584015846980489,5.0,5.0,5.0,5.0,5.0,True,False,True
2022-08-20,6.5,232,5,8,-0.7526668275320083,-0.6584015846980489,6.5,6.5,6.5,6.5,6.5,True,True,False
2022-08-21,5.0,233,6,8,-0.7638886127905429,-0.64534811322955,5.0,5.0,5.0,5.0,5.0,True,False,True
2022-08-21,6.5,233,6,8,-0.7638886127905429,-0.64534811322955,6.5,6.5,6.5,6.5,6.5,True,True,False
2022-08-22,5.0,234,0,8,-0.7748840413670406,-0.6321034111873488,5.0,5.0,5.0,5.0,5.0,True,False,True
2022-08-22,6.5,234,0,8,-0.7748840413670406,-0.6321034111873488,6.5,6.5,6.5,6.5,6.5,True,True,False
2022-08-23,6.5,235,1,8,-0.7856498550787144,-0.6186714032625032,6.5,6.5,6.5,6.5,6.5,True,True,False
2022-08-23,5.0,235,1,8,-0.7856498550787144,-0.6186714032625032,5.0,5.0,5.0,5.0,5.0,True,False,True
2022-08-24,5.0,236,2,8,-0.7961828637826154,-0.6050560696488494,5.0,5.0,5.0,5.0,5.0,True,False,True
2022-08-24,6.5,236,2,8,-0.7961828637826154,-0.6050560696488494,6.5,6.5,6.5,6.5,6.5,True,True,False
2022-08-25,6.5,237,3,8,-0.8064799463209447,-0.5912614448635782,6.5,6.5,6.5,6.5,6.5,True,True,False
2022-08-25,5.0,237,3,8,-0.8064799463209447,-0.5912614448635782,5.0,5.0,5.0,5.0,5.0,True,False,True
2022-08-26,5.0,238,4,8,-0.8165380514459157,-0.5772916165517278,5.0,5.0,5.0,5.0,5.0,True,False,True
2022-08-26,6.5,238,4,8,-0.8165380514459157,-0.5772916165517278,6.5,6.5,6.5,6.5,6.5,True,True,False
2022-08-27,5.0,239,5,8,-0.8263541987239094,-0.5631507242749187,5.0,5.0,5.0,5.0,5.0,True,False,True
2022-08-27,6.5,239,5,8,-0.8263541987239094,-0.5631507242749187,6.5,6.5,6.5,6.5,6.5,True,True,False
2022-08-28,5.0,240,6,8,-0.8359254794186365,-0.5488429582847199,5.0,5.0,5.0,5.0,5.0,True,False,True
2022-08-28,6.5,240,6,8,-0.8359254794186365,-0.5488429582847199,6.5,6.5,6.5,6.5,6.5,True,True,False
2022-08-29,6.5,241,0,8,-0.8452490573530634,-0.5343725582809785,6.5,6.5,6.5,6.5,6.5,True,True,False
2022-08-29,5.0,241,0,8,-0.8452490573530634,-0.5343725582809785,5.0,5.0,5.0,5.0,5.0,True,False,True
2022-08-30,6.5,242,1,8,-0.8543221697498269,-0.5197438121555157,6.5,6.5,6.5,6.5,6.5,True,True,False
2022-08-30,5.0,242,1,8,-0.8543221697498269,-0.5197438121555157,5.0,5.0,5.0,5.0,5.0,True,False,True
2022-08-31,6.5,243,2,8,-0.8631421280499115,-0.5049610547215202,6.5,6.5,6.5,6.5,6.5,True,True,False
2022-08-31,5.0,243,2,8,-0.8631421280499115,-0.5049610547215202,5.0,5.0,5.0,5.0,5.0,True,False,True
2022-09-01,6.5,244,3,9,-0.8717063187093217,-0.4900286664290594,6.5,6.5,6.5,6.5,6.5,True,True,False
2022-09-01,5.0,244,3,9,-0.8717063187093217,-0.4900286664290594,5.0,5.0,5.0,5.0,5.0,True,False,True
2022-09-02,6.5,245,4,9,-0.8800122039735356,-0.4749510720670502,6.5,6.5,6.5,6.5,6.5,True,True,False
2022-09-02,5.0,245,4,9,-0.8800122039735356,-0.4749510720670502,5.0,5.0,5.0,5.0,5.0,True,False,True
2022-09-03,5.0,246,5,9,-0.888057322629493,-0.4597327394521046,5.0,5.0,5.0,5.0,5.0,True,False,True
2022-09-03,6.5,246,5,9,-0.888057322629493,-0.4597327394521046,6.5,6.5,6.5,6.5,6.5,True,True,False
2022-09-04,6.5,247,6,9,-0.8958392907349089,-0.4443781781046134,6.5,6.5,6.5,6.5,6.5,True,True,False
2022-09-04,5.0,247,6,9,-0.8958392907349089,-0.4443781781046134,5.0,5.0,5.0,5.0,5.0,True,False,True
2022-09-05,6.5,248,0,9,-0.9033558023246842,-0.4288919379124841,6.5,6.5,6.5,6.5,6.5,True,True,False
2022-09-05,5.0,248,0,9,-0.9033558023246842,-0.4288919379124841,5.0,5.0,5.0,5.0,5.0,True,False,True
2022-09-06,6.5,249,1,9,-0.9106046300942162,-0.41327860778290443,6.5,6.5,6.5,6.5,6.5,True,True,False
2022-09-06,5.0,249,1,9,-0.9106046300942162,-0.41327860778290443,5.0,5.0,5.0,5.0,5.0,True,False,True
2022-09-07,5.0,250,2,9,-0.9175836260593934,-0.3975428142825566,5.0,5.0,5.0,5.0,5.0,True,False,True
2022-09-07,6.5,250,2,9,-0.9175836260593934,-0.3975428142825566,6.5,6.5,6.5,6.5,6.5,True,True,False
2022-09-08,6.5,251,3,9,-0.9242907221930934,-0.3816892202666586,6.5,6.5,6.5,6.5,6.5,True,True,False
2022-09-08,5.0,251,3,9,-0.9242907221930934,-0.3816892202666586,5.0,5.0,5.0,5.0,5.0,True,False,True
2022-09-09,6.5,252,4,9,-0.9307239310379793,-0.3657225234972692,6.5,6.5,6.5,6.5,6.5,True,True,False
2022-09-09,5.0,252,4,9,-0.9307239310379793,-0.3657225234972692,5.0,5.0,5.0,5.0,5.0,True,False,True
2022-09-10,6.5,253,5,9,-0.9368813462954315,-0.34964745525122826,6.5,6.5,6.5,6.5,6.5,True,True,False
2022-09-10,5.0,253,5,9,-0.9368813462954315,-0.34964745525122826,5.0,5.0,5.0,5.0,5.0,True,False,True
2022-09-11,5.0,254,6,9,-0.9427611433904206,-0.33346877891818705,5.0,5.0,5.0,5.0,5.0,True,False,True
2022-09-11,6.5,254,6,9,-0.9427611433904206,-0.33346877891818705,6.5,6.5,6.5,6.5,6.5,True,True,False
2022-09-12,5.0,255,0,9,-0.9483615800121716,-0.31719128858910595,5.0,5.0,5.0,5.0,5.0,True,False,True
2022-09-12,6.5,255,0,9,-0.9483615800121716,-0.31719128858910595,6.5,6.5,6.5,6.5,6.5,True,True,False
2022-09-13,6.5,256,1,9,-0.9536809966304455,-0.300819807635668,6.5,6.5,6.5,6.5,6.5,True,True,False
2022-09-13,5.0,256,1,9,-0.9536809966304455,-0.300819807635668,5.0,5.0,5.0,5.0,5.0,True,False,True
2022-09-14,5.0,257,2,9,-0.9587178169872964,-0.2843591872810036,5.0,5.0,5.0,5.0,5.0,True,False,True
2022-09-14,6.5,257,2,9,-0.9587178169872964,-0.2843591872810036,6.5,6.5,6.5,6.5,6.5,True,True,False
2022-09-15,6.5,258,3,9,-0.9634705485641486,-0.26781430516217486,6.5,6.5,6.5,6.5,6.5,True,True,False
2022-09-15,5.0,258,3,9,-0.9634705485641486,-0.26781430516217486,5.0,5.0,5.0,5.0,5.0,True,False,True
2022-09-16,6.5,259,4,9,-0.9679377830240642,-0.25119006388481957,6.5,6.5,6.5,6.5,6.5,True,True,False
2022-09-16,5.0,259,4,9,-0.9679377830240642,-0.25119006388481957,5.0,5.0,5.0,5.0,5.0,True,False,True
2022-09-17,5.0,260,5,9,-0.9721181966290612,-0.23449138957041052,5.0,5.0,5.0,5.0,5.0,True,False,True
2022-09-17,6.5,260,5,9,-0.9721181966290612,-0.23449138957041052,6.5,6.5,6.5,6.5,6.5,True,True,False
2022-09-18,5.0,261,6,9,-0.9760105506323682,-0.21772323039653224,5.0,5.0,5.0,5.0,5.0,True,False,True
2022-09-18,6.5,261,6,9,-0.9760105506323682,-0.21772323039653224,6.5,6.5,6.5,6.5,6.5,True,True,False
2022-09-19,5.0,262,0,9,-0.9796136916454901,-0.20089055513063528,5.0,5.0,5.0,5.0,5.0,True,False,True
2022-09-19,6.5,262,0,9,-0.9796136916454901,-0.20089055513063528,6.5,6.5,6.5,6.5,6.5,True,True,False
2022-09-20,5.0,263,1,9,-0.9829265519799822,-0.18399835165767986,5.0,5.0,5.0,5.0,5.0,True,False,True
2022-09-20,6.5,263,1,9,-0.9829265519799822,-0.18399835165767986,6.5,6.5,6.5,6.5,6.5,True,True,False
2022-09-21,6.5,264,2,9,-0.9859481499638303,-0.1670516255021195,6.5,6.5,6.5,6.5,6.5,True,True,False
2022-09-21,5.0,264,2,9,-0.9859481499638303,-0.1670516255021195,5.0,5.0,5.0,5.0,5.0,True,False,True
2022-09-22,5.0,265,3,9,-0.9886775902323404,-0.15005539834465262,5.0,5.0,5.0,5.0,5.0,True,False,True
2022-09-22,6.5,265,3,9,-0.9886775902323404,-0.15005539834465262,6.5,6.5,6.5,6.5,6.5,True,True,False
2022-09-23,5.0,266,4,9,-0.9911140639934546,-0.13301470653419636,5.0,5.0,5.0,5.0,5.0,True,False,True
2022-09-23,6.5,266,4,9,-0.9911140639934546,-0.13301470653419636,6.5,6.5,6.5,6.5,6.5,True,True,False
2022-09-24,6.5,267,5,9,-0.9932568492674143,-0.11593459959550066,6.5,6.5,6.5,6.5,6.5,True,True,False
2022-09-24,5.0,267,5,9,-0.9932568492674143,-0.11593459959550066,5.0,5.0,5.0,5.0,5.0,True,False,True
2022-09-25,6.5,268,6,9,-0.9951053111006974,-0.09882013873287211,6.5,6.5,6.5,6.5,6.5,True,True,False
2022-09-25,5.0,268,6,9,-0.9951053111006974,-0.09882013873287211,5.0,5.0,5.0,5.0,5.0,True,False,True
2022-09-26,6.5,269,0,9,-0.99665890175417,-0.08167639533042288,6.5,6.5,6.5,6.5,6.5,True,True,False
2022-09-26,5.0,269,0,9,-0.99665890175417,-0.08167639533042288,5.0,5.0,5.0,5.0,5.0,True,False,True
2022-09-27,5.0,270,1,9,-0.9979171608653922,-0.06450844944931625,5.0,5.0,5.0,5.0,5.0,True,False,True
2022-09-27,6.5,270,1,9,-0.9979171608653922,-0.06450844944931625,6.5,6.5,6.5,6.5,6.5,True,True,False
2022-09-28,6.5,271,2,9,-0.9988797155850335,-0.04732138832243232,6.5,6.5,6.5,6.5,6.5,True,True,False
2022-09-28,5.0,271,2,9,-0.9988797155850335,-0.04732138832243232,5.0,5.0,5.0,5.0,5.0,True,False,True
2022-09-29,6.5,272,3,9,-0.9995462806873573,-0.03012030484690836,6.5,6.5,6.5,6.5,6.5,True,True,False
2022-09-29,5.0,272,3,9,-0.9995462806873573,-0.03012030484690836,5.0,5.0,5.0,5.0,5.0,True,False,True
2022-09-30,6.5,273,4,9,-0.9999166586547379,-0.012910296075008843,6.5,6.5,6.5,6.5,6.5,True,True,False
2022-09-30,5.0,273,4,9,-0.9999166586547379,-0.012910296075008843,5.0,5.0,5.0,5.0,5.0,True,False,True
2022-10-01,6.5,274,5,10,-0.9999907397361901,0.004303538296243821,6.5,6.5,6.5,6.5,6.5,True,True,False
2022-10-01,5.0,274,5,10,-0.9999907397361901,0.004303538296243821,5.0,5.0,5.0,5.0,5.0,True,False,True
2022-10-02,6.5,275,6,10,-0.9997685019798909,0.021516097436222233,6.5,6.5,6.5,6.5,6.5,True,True,False
2022-10-02,5.0,275,6,10,-0.9997685019798909,0.021516097436222233,5.0,5.0,5.0,5.0,5.0,True,False,True
2022-10-03,6.5,276,0,10,-0.9992500112396835,0.03872228089217399,6.5,6.5,6.5,6.5,6.5,True,True,False
2022-10-03,5.0,276,0,10,-0.9992500112396835,0.03872228089217399,5.0,5.0,5.0,5.0,5.0,True,False,True
2022-10-04,6.5,277,1,10,-0.9984354211555643,0.05591699010060302,6.5,6.5,6.5,6.5,6.5,True,True,False
2022-10-04,5.0,277,1,10,-0.9984354211555643,0.05591699010060302,5.0,5.0,5.0,5.0,5.0,True,False,True
2022-10-05,5.0,278,2,10,-0.9973249731081555,0.07309512989807776,5.0,5.0,5.0,5.0,5.0,True,False,True
2022-10-05,6.5,278,2,10,-0.9973249731081555,0.07309512989807776,6.5,6.5,6.5,6.5,6.5,True,True,False
2022-10-06,6.5,279,3,10,-0.9959189961471792,0.0902516100310407,6.5,6.5,6.5,6.5,6.5,True,True,False
2022-10-06,5.0,279,3,10,-0.9959189961471792,0.0902516100310407,5.0,5.0,5.0,5.0,5.0,True,False,True
2022-10-07,5.0,280,4,10,-0.994217906893952,0.10738134666416306,5.0,5.0,5.0,5.0,5.0,True,False,True
2022-10-07,6.5,280,4,10,-0.994217906893952,0.10738134666416306,6.5,6.5,6.5,6.5,6.5,True,True,False
2022-10-08,6.5,281,5,10,-0.9922222094179324,0.12447926388678869,6.5,6.5,6.5,6.5,6.5,True,True,False
2022-10-08,5.0,281,5,10,-0.9922222094179324,0.12447926388678869,5.0,5.0,5.0,5.0,5.0,True,False,True
2022-10-09,5.0,282,6,10,-0.989932495087353,0.141540295217043,5.0,5.0,5.0,5.0,5.0,True,False,True
2022-10-09,6.5,282,6,10,-0.989932495087353,0.141540295217043,6.5,6.5,6.5,6.5,6.5,True,True,False
2022-10-10,6.5,283,0,10,-0.9873494423939864,0.15855938510313475,6.5,6.5,6.5,6.5,6.5,True,True,False
2022-10-10,5.0,283,0,10,-0.9873494423939864,0.15855938510313475,5.0,5.0,5.0,5.0,5.0,True,False,True
2022-10-11,5.0,284,1,10,-0.9844738167520923,0.17553149042142777,5.0,5.0,5.0,5.0,5.0,True,False,True
2022-10-11,6.5,284,1,10,-0.9844738167520923,0.17553149042142777,6.5,6.5,6.5,6.5,6.5,True,True,False
2022-10-12,5.0,285,2,10,-0.9813064702716093,0.19245158197082995,5.0,5.0,5.0,5.0,5.0,True,False,True
2022-10-12,6.5,285,2,10,-0.9813064702716093,0.19245158197082995,6.5,6.5,6.5,6.5,6.5,True,True,False
2022-10-13,6.5,286,3,10,-0.9778483415056567,0.20931464596304888,6.5,6.5,6.5,6.5,6.5,True,True,False
2022-10-13,5.0,286,3,10,-0.9778483415056567,0.20931464596304888,5.0,5.0,5.0,5.0,5.0,True,False,True
2022-10-14,6.5,287,4,10,-0.9741004551724206,0.22611568550828803,6.5,6.5,6.5,6.5,6.5,True,True,False
2022-10-14,5.0,287,4,10,-0.9741004551724206,0.22611568550828803,5.0,5.0,5.0,5.0,5.0,True,False,True
2022-10-15,5.0,288,5,10,-0.970063921851507,0.2428497220959358,5.0,5.0,5.0,5.0,5.0,True,False,True
2022-10-15,6.5,288,5,10,-0.970063921851507,0.2428497220959358,6.5,6.5,6.5,6.5,6.5,True,True,False
2022-10-16,5.0,289,6,10,-0.965739937654855,0.25951179706979943,5.0,5.0,5.0,5.0,5.0,True,False,True
2022-10-16,6.5,289,6,10,-0.965739937654855,0.25951179706979943,6.5,6.5,6.5,6.5,6.5,True,True,False
2022-10-17,5.0,290,0,10,-0.9611297838723007,0.27609697309746883,5.0,5.0,5.0,5.0,5.0,True,False,True
2022-10-17,6.5,290,0,10,-0.9611297838723007,0.27609697309746883,6.5,6.5,6.5,6.5,6.5,True,True,False
2022-10-18,6.5,291,1,10,-0.9562348265919058,0.2926003356333479,6.5,6.5,6.5,6.5,6.5,True,True,False
2022-10-18,5.0,291,1,10,-0.9562348265919058,0.2926003356333479,5.0,5.0,5.0,5.0,5.0,True,False,True
2022-10-19,6.5,292,2,10,-0.9510565162951536,0.30901699437494723,6.5,6.5,6.5,6.5,6.5,True,True,False
2022-10-19,5.0,292,2,10,-0.9510565162951536,0.30901699437494723,5.0,5.0,5.0,5.0,5.0,True,False,True
2022-10-20,6.5,293,3,10,-0.9455963874271428,0.3253420847119795,6.5,6.5,6.5,6.5,6.5,True,True,False
2022-10-20,5.0,293,3,10,-0.9455963874271428,0.3253420847119795,5.0,5.0,5.0,5.0,5.0,True,False,True
2022-10-21,6.5,294,4,10,-0.9398560579418953,0.341570769167856,6.5,6.5,6.5,6.5,6.5,True,True,False
2022-10-21,5.0,294,4,10,-0.9398560579418953,0.341570769167856,5.0,5.0,5.0,5.0,5.0,True,False,True
2022-10-22,6.5,295,5,10,-0.9338372288229252,0.35769823883312546,6.5,6.5,6.5,6.5,6.5,True,True,False
2022-10-22,5.0,295,5,10,-0.9338372288229252,0.35769823883312546,5.0,5.0,5.0,5.0,5.0,True,False,True
2022-10-23,6.5,296,6,10,-0.9275416835791965,0.3737197147904692,6.5,6.5,6.5,6.5,6.5,True,True,False
2022-10-23,5.0,296,6,10,-0.9275416835791965,0.3737197147904692,5.0,5.0,5.0,5.0,5.0,True,False,True
2022-10-24,5.0,297,0,10,-0.9209712877166347,0.38963044953078774,5.0,5.0,5.0,5.0,5.0,True,False,True
2022-10-24,6.5,297,0,10,-0.9209712877166347,0.38963044953078774,6.5,6.5,6.5,6.5,6.5,True,True,False
2022-10-25,5.0,298,1,10,-0.9141279881853337,0.4054257283599973,5.0,5.0,5.0,5.0,5.0,True,False,True
2022-10-25,6.5,298,1,10,-0.9141279881853337,0.4054257283599973,6.5,6.5,6.5,6.5,6.5,True,True,False
2022-10-26,5.0,299,2,10,-0.9070138128026362,0.42110087079608916,5.0,5.0,5.0,5.0,5.0,True,False,True
2022-10-26,6.5,299,2,10,-0.9070138128026362,0.42110087079608916,6.5,6.5,6.5,6.5,6.5,True,True,False
2022-10-27,5.0,300,3,10,-0.8996308696522434,0.4366512319560638,5.0,5.0,5.0,5.0,5.0,True,False,True
2022-10-27,6.5,300,3,10,-0.8996308696522434,0.4366512319560638,6.5,6.5,6.5,6.5,6.5,True,True,False
2022-10-28,5.0,301,4,10,-0.8919813464595487,0.45207220393230374,5.0,5.0,5.0,5.0,5.0,True,False,True
2022-10-28,6.5,301,4,10,-0.8919813464595487,0.45207220393230374,6.5,6.5,6.5,6.5,6.5,True,True,False
2022-10-29,5.0,302,5,10,-0.8840675099433637,0.46735921715800205,5.0,5.0,5.0,5.0,5.0,True,False,True
2022-10-29,6.5,302,5,10,-0.8840675099433637,0.46735921715800205,6.5,6.5,6.5,6.5,6.5,True,True,False
2022-10-30,5.0,303,6,10,-0.8758917051442433,0.48250774176121763,5.0,5.0,5.0,5.0,5.0,True,False,True
2022-10-30,6.5,303,6,10,-0.8758917051442433,0.48250774176121763,6.5,6.5,6.5,6.5,6.5,True,True,False
2022-10-31,5.0,304,0,10,-0.8674563547295971,0.4975132889071803,5.0,5.0,5.0,5.0,5.0,True,False,True
2022-10-31,6.5,304,0,10,-0.8674563547295971,0.4975132889071803,6.5,6.5,6.5,6.5,6.5,True,True,False
2022-11-01,6.5,305,1,11,-0.858763958275803,0.5123714121284235,6.5,6.5,6.5,6.5,6.5,True,True,False
2022-11-01,5.0,305,1,11,-0.858763958275803,0.5123714121284235,5.0,5.0,5.0,5.0,5.0,True,False,True
2022-11-02,6.5,306,2,11,-0.8498170915275277,0.5270777086423724,6.5,6.5,6.5,6.5,6.5,True,True,False
2022-11-02,5.0,306,2,11,-0.8498170915275277,0.5270777086423724,5.0,5.0,5.0,5.0,5.0,True,False,True
2022-11-03,5.0,307,3,11,-0.8406184056344783,0.5416278206559811,5.0,5.0,5.0,5.0,5.0,True,False,True
2022-11-03,6.5,307,3,11,-0.8406184056344783,0.5416278206559811,6.5,6.5,6.5,6.5,6.5,True,True,False
2022-11-04,6.5,308,4,11,-0.8311706263658079,0.5560174366570446,6.5,6.5,6.5,6.5,6.5,True,True,False
2022-11-04,5.0,308,4,11,-0.8311706263658079,0.5560174366570446,5.0,5.0,5.0,5.0,5.0,True,False,True
2022-11-05,6.5,309,5,11,-0.8214765533024145,0.5702422926917867,6.5,6.5,6.5,6.5,6.5,True,True,False
2022-11-05,5.0,309,5,11,-0.8214765533024145,0.5702422926917867,5.0,5.0,5.0,5.0,5.0,True,False,True
2022-11-06,5.0,310,6,11,-0.8115390590073611,0.5842981736283683,5.0,5.0,5.0,5.0,5.0,True,False,True
2022-11-06,6.5,310,6,11,-0.8115390590073611,0.5842981736283683,6.5,6.5,6.5,6.5,6.5,True,True,False
2022-11-07,5.0,311,0,11,-0.801361088174677,0.5981809144059158,5.0,5.0,5.0,5.0,5.0,True,False,True
2022-11-07,6.5,311,0,11,-0.801361088174677,0.5981809144059158,6.5,6.5,6.5,6.5,6.5,True,True,False
2022-11-08,6.5,312,1,11,-0.7909456567567774,0.6118864012687242,6.5,6.5,6.5,6.5,6.5,True,True,False
2022-11-08,5.0,312,1,11,-0.7909456567567774,0.6118864012687242,5.0,5.0,5.0,5.0,5.0,True,False,True
2022-11-09,5.0,313,2,11,-0.780295851070776,0.6254105729852457,5.0,5.0,5.0,5.0,5.0,True,False,True
2022-11-09,6.5,313,2,11,-0.780295851070776,0.6254105729852457,6.5,6.5,6.5,6.5,6.5,True,True,False
2022-11-10,5.0,314,3,11,-0.7694148268839381,0.6387494220515268,5.0,5.0,5.0,5.0,5.0,True,False,True
2022-11-10,6.5,314,3,11,-0.7694148268839381,0.6387494220515268,6.5,6.5,6.5,6.5,6.5,True,True,False
2022-11-11,6.5,315,4,11,-0.7583058084785625,0.6518989958787125,6.5,6.5,6.5,6.5,6.5,True,True,False
2022-11-11,5.0,315,4,11,-0.7583058084785625,0.6518989958787125,5.0,5.0,5.0,5.0,5.0,True,False,True
2022-11-12,5.0,316,5,11,-0.7469720876965551,0.6648553979642866,5.0,5.0,5.0,5.0,5.0,True,False,True
2022-11-12,6.5,316,5,11,-0.7469720876965551,0.6648553979642866,6.5,6.5,6.5,6.5,6.5,True,True,False
2022-11-13,6.5,317,6,11,-0.7354170229639858,0.6776147890466887,6.5,6.5,6.5,6.5,6.5,True,True,False
2022-11-13,5.0,317,6,11,-0.7354170229639858,0.6776147890466887,5.0,5.0,5.0,5.0,5.0,True,False,True
2022-11-14,5.0,318,0,11,-0.7236440382959124,0.690173388242972,5.0,5.0,5.0,5.0,5.0,True,False,True
2022-11-14,6.5,318,0,11,-0.7236440382959124,0.690173388242972,6.5,6.5,6.5,6.5,6.5,True,True,False
2022-11-15,5.0,319,1,11,-0.711656622281775,0.7025274741691566,5.0,5.0,5.0,5.0,5.0,True,False,True
2022-11-15,6.5,319,1,11,-0.711656622281775,0.7025274741691566,6.5,6.5,6.5,6.5,6.5,True,True,False
2022-11-16,6.5,320,2,11,-0.6994583270516471,0.7146733860429608,6.5,6.5,6.5,6.5,6.5,True,True,False
2022-11-16,5.0,320,2,11,-0.6994583270516471,0.7146733860429608,5.0,5.0,5.0,5.0,5.0,True,False,True
2022-11-17,6.5,321,3,11,-0.6870527672236675,0.7266075247685652,6.5,6.5,6.5,6.5,6.5,True,True,False
2022-11-17,5.0,321,3,11,-0.6870527672236675,0.7266075247685652,5.0,5.0,5.0,5.0,5.0,True,False,True
2022-11-18,6.5,322,4,11,-0.6744436188329457,0.7383263540031063,6.5,6.5,6.5,6.5,6.5,True,True,False
2022-11-18,5.0,322,4,11,-0.6744436188329457,0.7383263540031063,5.0,5.0,5.0,5.0,5.0,True,False,True
2022-11-19,5.0,323,5,11,-0.661634618242279,0.749826401204568,5.0,5.0,5.0,5.0,5.0,True,False,True
2022-11-19,6.5,323,5,11,-0.661634618242279,0.749826401204568,6.5,6.5,6.5,6.5,6.5,True,True,False
2022-11-20,6.5,324,6,11,-0.6486295610349818,0.7611042586607742,6.5,6.5,6.5,6.5,6.5,True,True,False
2022-11-20,5.0,324,6,11,-0.6486295610349818,0.7611042586607742,5.0,5.0,5.0,5.0,5.0,True,False,True
2022-11-21,5.0,325,0,11,-0.6354323008901775,0.7721565844991641,5.0,5.0,5.0,5.0,5.0,True,False,True
2022-11-21,6.516666666666667,325,0,11,-0.6354323008901775,0.7721565844991641,6.5,6.5,6.5,6.5,6.500555555555556,True,True,False
2022-11-22,6.533333333333333,326,1,11,-0.622046748440868,0.7829801036770624,6.516666666666667,6.5,6.5,6.5,6.501666666666667,True,True,False
2022-11-22,5.0,326,1,11,-0.622046748440868,0.7829801036770624,5.0,5.0,5.0,5.0,5.0,True,False,True
2022-11-23,5.0,327,2,11,-0.6084768701151264,0.7935716089521472,5.0,5.0,5.0,5.0,5.0,True,False,True
2022-11-23,6.55,327,2,11,-0.6084768701151264,0.7935716089521472,6.533333333333333,6.5,6.5,6.5,6.503333333333333,True,True,False
2022-11-24,5.0,328,3,11,-0.594726686960764,0.8039279618328208,5.0,5.0,5.0,5.0,5.0,True,False,True
2022-11-24,6.566666666666666,328,3,11,-0.594726686960764,0.8039279618328208,6.55,6.5,6.5,6.5,6.5055555555555555,True,True,False
2022-11-25,5.0,329,4,11,-0.5808002734538013,0.8140460935082175,5.0,5.0,5.0,5.0,5.0,True,False,True
2022-11-25,6.583333333333333,329,4,11,-0.5808002734538013,0.8140460935082175,6.566666666666666,6.5,6.5,6.5,6.508333333333334,True,True,False
2022-11-26,6.6,330,5,11,-0.5667017562911184,0.8239230057575536,6.583333333333333,6.5,6.5,6.5,6.511666666666667,True,True,False
2022-11-26,5.0,330,5,11,-0.5667017562911184,0.8239230057575536,5.0,5.0,5.0,5.0,5.0,True,False,True
2022-11-27,5.0,331,6,11,-0.5524353131676203,0.8335557718385695,5.0,5.0,5.0,5.0,5.0,True,False,True
2022-11-27,6.616666666666666,331,6,11,-0.5524353131676203,0.8335557718385695,6.6,6.5,6.5,6.5,6.515555555555555,True,True,False
2022-11-28,5.0,332,0,11,-0.5380051715382992,0.8429415373547832,5.0,5.0,5.0,5.0,5.0,True,False,True
2022-11-28,6.633333333333334,332,0,11,-0.5380051715382992,0.8429415373547832,6.616666666666666,6.516666666666667,6.5,6.5,6.52,True,True,False
2022-11-29,5.0,333,1,11,-0.5234156073655503,0.8520775211013093,5.0,5.0,5.0,5.0,5.0,True,False,True
2022-11-29,6.65,333,1,11,-0.5234156073655503,0.8520775211013093,6.633333333333334,6.533333333333333,6.5,6.5,6.525,True,True,False
2022-11-30,6.666666666666667,334,2,11,-0.5086709438521042,0.8609610158889945,6.65,6.55,6.5,6.5,6.530555555555555,True,True,False
2022-11-30,5.0,334,2,11,-0.5086709438521042,0.8609610158889945,5.0,5.0,5.0,5.0,5.0,True,False,True
2022-12-01,6.683333333333334,335,3,12,-0.49377555015997737,0.8695893893466109,6.666666666666667,6.566666666666666,6.5,6.5,6.536666666666666,True,True,False
2022-12-01,5.0,335,3,12,-0.49377555015997737,0.8695893893466109,5.0,5.0,5.0,5.0,5.0,True,False,True
2022-12-02,6.7,336,4,12,-0.4787338401157883,0.8779600847008883,6.683333333333334,6.583333333333333,6.5,6.5,6.543333333333334,True,True,False
2022-12-02,5.0,336,4,12,-0.4787338401157883,0.8779600847008883,5.0,5.0,5.0,5.0,5.0,True,False,True
2022-12-03,5.0,337,5,12,-0.4635502709028512,0.8860706215341378,5.0,5.0,5.0,5.0,5.0,True,False,True
2022-12-03,6.716666666666667,337,5,12,-0.4635502709028512,0.8860706215341378,6.7,6.6,6.5,6.5,6.550555555555556,True,True,False
2022-12-04,6.733333333333333,338,6,12,-0.4482293417404106,0.893918596519257,6.716666666666667,6.616666666666666,6.5,6.5,6.558333333333334,True,True,False
2022-12-04,5.0,338,6,12,-0.4482293417404106,0.893918596519257,5.0,5.0,5.0,5.0,5.0,True,False,True
2022-12-05,6.75,339,0,12,-0.4327755925504317,0.9015016841318838,6.733333333333333,6.633333333333334,6.5,6.5,6.566666666666666,True,True,False
2022-12-05,5.0,339,0,12,-0.4327755925504317,0.9015016841318838,5.0,5.0,5.0,5.0,5.0,True,False,True
2022-12-06,6.766666666666667,340,1,12,-0.41719360261231697,0.9088176373395028,6.75,6.65,6.5,6.5,6.575555555555556,True,True,False
2022-12-06,5.0,340,1,12,-0.41719360261231697,0.9088176373395028,5.0,5.0,5.0,5.0,5.0,True,False,True
2022-12-07,6.783333333333333,341,2,12,-0.4014879892059737,0.9158642882672868,6.766666666666667,6.666666666666667,6.5,6.5,6.585,True,True,False
2022-12-07,5.0,341,2,12,-0.4014879892059737,0.9158642882672868,5.0,5.0,5.0,5.0,5.0,True,False,True
2022-12-08,6.8,342,3,12,-0.38566340624360745,0.9226395488404875,6.783333333333333,6.683333333333334,6.5,6.5,6.595,True,True,False
2022-12-08,5.0,342,3,12,-0.38566340624360745,0.9226395488404875,5.0,5.0,5.0,5.0,5.0,True,False,True
2022-12-09,6.816666666666666,343,4,12,-0.3697245428906732,0.9291414114031743,6.8,6.7,6.5,6.5,6.605555555555555,True,True,False
2022-12-09,5.0,343,4,12,-0.3697245428906732,0.9291414114031743,5.0,5.0,5.0,5.0,5.0,True,False,True
2022-12-10,6.833333333333333,344,5,12,-0.3536761221763721,0.935367949313148,6.816666666666666,6.716666666666667,6.5,6.5,6.616666666666666,True,True,False
2022-12-10,5.0,344,5,12,-0.3536761221763721,0.935367949313148,5.0,5.0,5.0,5.0,5.0,True,False,True
2022-12-11,5.0,345,6,12,-0.33752289959411347,0.941317317512847,5.0,5.0,5.0,5.0,5.0,True,False,True
2022-12-11,6.85,345,6,12,-0.33752289959411347,0.941317317512847,6.833333333333333,6.733333333333333,6.5,6.5,6.628333333333333,True,True,False
2022-12-12,5.0,346,0,12,-0.32126966169236515,0.9469877530760751,5.0,5.0,5.0,5.0,5.0,True,False,True
2022-12-12,6.866666666666666,346,0,12,-0.32126966169236515,0.9469877530760751,6.85,6.75,6.5,6.5,6.640555555555555,True,True,False
2022-12-13,5.0,347,1,12,-0.3049212246562894,0.9523775757303973,5.0,5.0,5.0,5.0,5.0,True,False,True
2022-12-13,6.883333333333333,347,1,12,-0.3049212246562894,0.9523775757303973,6.866666666666666,6.766666666666667,6.5,6.5,6.653333333333333,True,True,False
2022-12-14,6.9,348,2,12,-0.2884824328806098,0.9574851883550389,6.883333333333333,6.783333333333333,6.5,6.5,6.666666666666667,True,True,False
2022-12-14,5.0,348,2,12,-0.2884824328806098,0.9574851883550389,5.0,5.0,5.0,5.0,5.0,True,False,True
2022-12-15,5.0,349,3,12,-0.27195815753410524,0.9623090774541487,5.0,5.0,5.0,5.0,5.0,True,False,True
2022-12-15,6.916666666666667,349,3,12,-0.27195815753410524,0.9623090774541487,6.9,6.8,6.5,6.5,6.680555555555555,True,True,False
2022-12-16,5.0,350,4,12,-0.2553532951161881,0.9668478136052773,5.0,5.0,5.0,5.0,5.0,True,False,True
2022-12-16,6.933333333333334,350,4,12,-0.2553532951161881,0.9668478136052773,6.916666666666667,6.816666666666666,6.5,6.5,6.694999999999999,True,True,False
2022-12-17,6.95,351,5,12,-0.23867276600594997,0.9711000518829505,6.933333333333334,6.833333333333333,6.5,6.5,6.71,True,True,False
2022-12-17,5.0,351,5,12,-0.23867276600594997,0.9711000518829505,5.0,5.0,5.0,5.0,5.0,True,False,True
2022-12-18,6.966666666666667,352,6,12,-0.22192151300416674,0.9750645322571945,6.95,6.85,6.5,6.5,6.725555555555555,True,True,False
2022-12-18,5.0,352,6,12,-0.22192151300416674,0.9750645322571945,5.0,5.0,5.0,5.0,5.0,True,False,True
2022-12-19,6.983333333333333,353,0,12,-0.20510449986861926,0.9787400799669153,6.966666666666667,6.866666666666666,6.5,6.5,6.741666666666666,True,True,False
2022-12-19,5.0,353,0,12,-0.20510449986861926,0.9787400799669153,5.0,5.0,5.0,5.0,5.0,True,False,True
2022-12-20,5.0,354,1,12,-0.1882267098432439,0.9821256058680006,5.0,5.0,5.0,5.0,5.0,True,False,True
2022-12-20,7.0,354,1,12,-0.1882267098432439,0.9821256058680006,6.983333333333333,6.883333333333333,6.5,6.5,6.758333333333334,True,True,False
2022-12-21,7.0,355,2,12,-0.1712931441814778,0.9852201067560606,7.0,6.9,6.516666666666667,6.5,6.774444444444444,True,True,False
2022-12-21,5.0,355,2,12,-0.1712931441814778,0.9852201067560606,5.0,5.0,5.0,5.0,5.0,True,False,True
2022-12-22,5.0,356,3,12,-0.154308820664281,0.9880226656636976,5.0,5.0,5.0,5.0,5.0,True,False,True
2022-12-22,7.0,356,3,12,-0.154308820664281,0.9880226656636976,7.0,6.916666666666667,6.533333333333333,6.5,6.79,True,True,False
2022-12-23,5.0,357,4,12,-0.13727877211326517,0.9905324521322227,5.0,5.0,5.0,5.0,5.0,True,False,True
2022-12-23,7.0,357,4,12,-0.13727877211326517,0.9905324521322227,7.0,6.933333333333334,6.55,6.5,6.805000000000001,True,True,False
2022-12-24,5.0,358,5,12,-0.12020804489935275,0.9927487224577402,5.0,5.0,5.0,5.0,5.0,True,False,True
2022-12-24,7.0,358,5,12,-0.12020804489935275,0.9927487224577402,7.0,6.95,6.566666666666666,6.5,6.819444444444445,True,True,False
2022-12-25,7.0,359,6,12,-0.10310169744743544,0.9946708199115211,7.0,6.966666666666667,6.583333333333333,6.5,6.833333333333333,True,True,False
2022-12-25,5.0,359,6,12,-0.10310169744743544,0.9946708199115211,5.0,5.0,5.0,5.0,5.0,True,False,True
2022-12-26,7.0,360,0,12,-0.0859647987374467,0.9962981749346077,7.0,6.983333333333333,6.6,6.5,6.846666666666667,True,True,False
2022-12-26,5.0,360,0,12,-0.0859647987374467,0.9962981749346077,5.0,5.0,5.0,5.0,5.0,True,False,True
2022-12-27,7.0,361,1,12,-0.06880242680232064,0.9976303053065857,7.0,7.0,6.616666666666666,6.5,6.859444444444445,True,True,False
2022-12-27,5.0,361,1,12,-0.06880242680232064,0.9976303053065857,5.0,5.0,5.0,5.0,5.0,True,False,True
2022-12-28,7.0,362,2,12,-0.05161966722325418,0.9986668162884759,7.0,7.0,6.633333333333334,6.5,6.871666666666667,True,True,False
2022-12-28,5.0,362,2,12,-0.05161966722325418,0.9986668162884759,5.0,5.0,5.0,5.0,5.0,True,False,True
2022-12-29,5.0,363,3,12,-0.034421611622745804,0.9994074007397048,5.0,5.0,5.0,5.0,5.0,True,False,True
2022-12-29,7.0,363,3,12,-0.034421611622745804,0.9994074007397048,7.0,7.0,6.65,6.5,6.883333333333334,True,True,False
2022-12-30,7.0,364,4,12,-0.01721335615583528,0.9998518392091162,7.0,7.0,6.666666666666667,6.5,6.894444444444445,True,True,False
2022-12-30,5.0,364,4,12,-0.01721335615583528,0.9998518392091162,5.0,5.0,5.0,5.0,5.0,True,False,True
2022-12-31,7.0,365,5,12,6.432490598706546e-16,1.0,7.0,7.0,6.683333333333334,6.5,6.905,True,True,False
2022-12-31,5.0,365,5,12,6.432490598706546e-16,1.0,5.0,5.0,5.0,5.0,5.0,True,False,True
2023-01-01,7.0,1,6,1,0.017213356155834685,0.9998518392091162,7.0,7.0,6.7,6.5,6.915,True,True,False
2023-01-01,5.0,1,6,1,0.017213356155834685,0.9998518392091162,5.0,5.0,5.0,5.0,5.0,True,False,True
2023-01-02,7.0,2,0,1,0.03442161162274574,0.9994074007397048,7.0,7.0,6.716666666666667,6.5,6.924444444444444,True,True,False
2023-01-02,5.0,2,0,1,0.03442161162274574,0.9994074007397048,5.0,5.0,5.0,5.0,5.0,True,False,True
2023-01-03,7.0,3,1,1,0.051619667223253764,0.998666816288476,7.0,7.0,6.733333333333333,6.5,6.933333333333334,True,True,False
2023-01-03,5.0,3,1,1,0.051619667223253764,0.998666816288476,5.0,5.0,5.0,5.0,5.0,True,False,True
2023-01-04,7.0,4,2,1,0.06880242680231986,0.9976303053065857,7.0,7.0,6.75,6.5,6.941666666666666,True,True,False
2023-01-04,5.0,4,2,1,0.06880242680231986,0.9976303053065857,5.0,5.0,5.0,5.0,5.0,True,False,True
2023-01-05,7.0,5,3,1,0.08596479873744647,0.9962981749346078,7.0,7.0,6.766666666666667,6.5,6.949444444444444,True,True,False
2023-01-05,5.0,5,3,1,0.08596479873744647,0.9962981749346078,5.0,5.0,5.0,5.0,5.0,True,False,True
2023-01-06,7.0,6,4,1,0.10310169744743485,0.9946708199115211,7.0,7.0,6.783333333333333,6.5,6.956666666666666,True,True,False
2023-01-06,5.0,6,4,1,0.10310169744743485,0.9946708199115211,5.0,5.0,5.0,5.0,5.0,True,False,True
2023-01-07,7.0,7,5,1,0.1202080448993527,0.9927487224577402,7.0,7.0,6.8,6.5,6.963333333333334,True,True,False
2023-01-07,5.0,7,5,1,0.1202080448993527,0.9927487224577402,5.0,5.0,5.0,5.0,5.0,True,False,True
2023-01-08,7.0,8,6,1,0.13727877211326478,0.9905324521322229,7.0,7.0,6.816666666666666,6.5,6.969444444444445,True,True,False
2023-01-08,5.0,8,6,1,0.13727877211326478,0.9905324521322229,5.0,5.0,5.0,5.0,5.0,True,False,True
2023-01-09,7.0,9,0,1,0.15430882066428117,0.9880226656636976,7.0,7.0,6.833333333333333,6.5,6.975,True,True,False
2023-01-09,5.0,9,0,1,0.15430882066428117,0.9880226656636976,5.0,5.0,5.0,5.0,5.0,True,False,True
2023-01-10,5.0,10,1,1,0.1712931441814776,0.9852201067560606,5.0,5.0,5.0,5.0,5.0,True,False,True
2023-01-10,7.0,10,1,1,0.1712931441814776,0.9852201067560606,7.0,7.0,6.85,6.5,6.98,True,True,False
2023-01-11,7.0,11,2,1,0.1882267098432442,0.9821256058680006,7.0,7.0,6.866666666666666,6.5,6.984444444444445,True,True,False
2023-01-11,5.0,11,2,1,0.1882267098432442,0.9821256058680006,5.0,5.0,5.0,5.0,5.0,True,False,True
2023-01-12,7.0,12,3,1,0.2051044998686192,0.9787400799669153,7.0,7.0,6.883333333333333,6.5,6.988333333333333,True,True,False
2023-01-12,5.0,12,3,1,0.2051044998686192,0.9787400799669153,5.0,5.0,5.0,5.0,5.0,True,False,True
2023-01-13,7.0,13,4,1,0.2219215130041655,0.9750645322571948,7.0,7.0,6.9,6.5,6.991666666666666,True,True,False
2023-01-13,5.0,13,4,1,0.2219215130041655,0.9750645322571948,5.0,5.0,5.0,5.0,5.0,True,False,True
2023-01-14,7.0,14,5,1,0.2386727660059501,0.9711000518829505,7.0,7.0,6.916666666666667,6.5,6.9944444444444445,True,True,False
2023-01-14,5.0,14,5,1,0.2386727660059501,0.9711000518829505,5.0,5.0,5.0,5.0,5.0,True,False,True
2023-01-15,5.0,15,6,1,0.255353295116187,0.9668478136052775,5.0,5.0,5.0,5.0,5.0,True,False,True
2023-01-15,7.0,15,6,1,0.255353295116187,0.9668478136052775,7.0,7.0,6.933333333333334,6.5,6.996666666666667,True,True,False
2023-01-16,5.0,16,0,1,0.2719581575341055,0.9623090774541486,5.0,5.0,5.0,5.0,5.0,True,False,True
2023-01-16,7.0,16,0,1,0.2719581575341055,0.9623090774541486,7.0,7.0,6.95,6.5,6.998333333333333,True,True,False
2023-01-17,5.0,17,1,1,0.288482432880609,0.9574851883550393,5.0,5.0,5.0,5.0,5.0,True,False,True
2023-01-17,7.0,17,1,1,0.288482432880609,0.9574851883550393,7.0,7.0,6.966666666666667,6.5,6.999444444444445,True,True,False
2023-01-18,5.0,18,2,1,0.30492122465628907,0.9523775757303974,5.0,5.0,5.0,5.0,5.0,True,False,True
2023-01-18,7.0,18,2,1,0.30492122465628907,0.9523775757303974,7.0,7.0,6.983333333333333,6.5,7.0,True,True,False
2023-01-19,5.0,19,3,1,0.3212696616923644,0.9469877530760753,5.0,5.0,5.0,5.0,5.0,True,False,True
2023-01-19,7.0,19,3,1,0.3212696616923644,0.9469877530760753,7.0,7.0,7.0,6.5,7.0,True,True,False
2023-01-20,7.0,20,4,1,0.3375228995941133,0.9413173175128471,7.0,7.0,7.0,6.5,7.0,True,True,False
2023-01-20,5.0,20,4,1,0.3375228995941133,0.9413173175128471,5.0,5.0,5.0,5.0,5.0,True,False,True
2023-01-21,7.0,21,5,1,0.3536761221763716,0.9353679493131483,7.0,7.0,7.0,6.5,7.0,True,True,False
2023-01-21,5.0,21,5,1,0.3536761221763716,0.9353679493131483,5.0,5.0,5.0,5.0,5.0,True,False,True
2023-01-22,7.0,22,6,1,0.3697245428906731,0.9291414114031743,7.0,7.0,7.0,6.5,7.0,True,True,False
2023-01-22,5.0,22,6,1,0.3697245428906731,0.9291414114031743,5.0,5.0,5.0,5.0,5.0,True,False,True
2023-01-23,5.0,23,0,1,0.38566340624360707,0.9226395488404876,5.0,5.0,5.0,5.0,5.0,True,False,True
2023-01-23,7.0,23,0,1,0.38566340624360707,0.9226395488404876,7.0,7.0,7.0,6.5,7.0,True,True,False
2023-01-24,5.0,24,1,1,0.401487989205973,0.9158642882672872,5.0,5.0,5.0,5.0,5.0,True,False,True
2023-01-24,7.0,24,1,1,0.401487989205973,0.9158642882672872,7.0,7.0,7.0,6.5,7.0,True,True,False
2023-01-25,7.0,25,2,1,0.4171936026123168,0.9088176373395029,7.0,7.0,7.0,6.5,7.0,True,True,False
2023-01-25,5.0,25,2,1,0.4171936026123168,0.9088176373395029,5.0,5.0,5.0,5.0,5.0,True,False,True
2023-01-26,7.0,26,3,1,0.4327755925504312,0.901501684131884,7.0,7.0,7.0,6.5,7.0,True,True,False
2023-01-26,5.0,26,3,1,0.4327755925504312,0.901501684131884,5.0,5.0,5.0,5.0,5.0,True,False,True
2023-01-27,7.0,27,4,1,0.4482293417404106,0.893918596519257,7.0,7.0,7.0,6.5,7.0,True,True,False
2023-01-27,5.0,27,4,1,0.4482293417404106,0.893918596519257,5.0,5.0,5.0,5.0,5.0,True,False,True
2023-01-28,5.0,28,5,1,0.4635502709028509,0.886070621534138,5.0,5.0,5.0,5.0,5.0,True,False,True
2023-01-28,7.0,28,5,1,0.4635502709028509,0.886070621534138,7.0,7.0,7.0,6.5,7.0,True,True,False
2023-01-29,5.0,29,6,1,0.47873384011578846,0.8779600847008882,5.0,5.0,5.0,5.0,5.0,True,False,True
2023-01-29,7.0,29,6,1,0.47873384011578846,0.8779600847008882,7.0,7.0,7.0,6.5,7.0,True,True,False
2023-01-30,5.0,30,0,1,0.49377555015997715,0.869589389346611,5.0,5.0,5.0,5.0,5.0,True,False,True
2023-01-30,7.0,30,0,1,0.49377555015997715,0.869589389346611,7.0,7.0,7.0,6.5,7.0,True,True,False
2023-01-31,7.0,31,1,1,0.5086709438521044,0.8609610158889943,7.0,7.0,7.0,6.5,7.0,True,True,False
2023-01-31,5.0,31,1,1,0.5086709438521044,0.8609610158889943,5.0,5.0,5.0,5.0,5.0,True,False,True
2023-02-01,7.0,32,2,2,0.5234156073655503,0.8520775211013093,7.0,7.0,7.0,6.5,7.0,True,True,False
2023-02-01,5.0,32,2,2,0.5234156073655503,0.8520775211013093,5.0,5.0,5.0,5.0,5.0,True,False,True
2023-02-02,5.0,33,3,2,0.5380051715382996,0.8429415373547828,5.0,5.0,5.0,5.0,5.0,True,False,True
2023-02-02,7.0,33,3,2,0.5380051715382996,0.8429415373547828,7.0,7.0,7.0,6.5,7.0,True,True,False
2023-02-03,7.0,34,4,2,0.5524353131676196,0.8335557718385699,7.0,7.0,7.0,6.5,7.0,True,True,False
2023-02-03,5.0,34,4,2,0.5524353131676196,0.8335557718385699,5.0,5.0,5.0,5.0,5.0,True,False,True
2023-02-04,5.0,35,5,2,0.5667017562911176,0.8239230057575542,5.0,5.0,5.0,5.0,5.0,True,False,True
2023-02-04,7.0,35,5,2,0.5667017562911176,0.8239230057575542,7.0,7.0,7.0,6.5,7.0,True,True,False
2023-02-05,7.0,36,6,2,0.5808002734538009,0.8140460935082178,7.0,7.0,7.0,6.5,7.0,True,True,False
2023-02-05,5.0,36,6,2,0.5808002734538009,0.8140460935082178,5.0,5.0,5.0,5.0,5.0,True,False,True
2023-02-06,5.0,37,0,2,0.5947266869607634,0.8039279618328213,5.0,5.0,5.0,5.0,5.0,True,False,True
2023-02-06,7.0,37,0,2,0.5947266869607634,0.8039279618328213,7.0,7.0,7.0,6.5,7.0,True,True,False
2023-02-07,7.0,38,1,2,0.6084768701151261,0.7935716089521474,7.0,7.0,7.0,6.5,7.0,True,True,False
2023-02-07,5.0,38,1,2,0.6084768701151261,0.7935716089521474,5.0,5.0,5.0,5.0,5.0,True,False,True
2023-02-08,7.0,39,2,2,0.6220467484408675,0.7829801036770629,7.0,7.0,7.0,6.5,7.0,True,True,False
2023-02-08,5.0,39,2,2,0.6220467484408675,0.7829801036770629,5.0,5.0,5.0,5.0,5.0,True,False,True
2023-02-09,7.0,40,3,2,0.6354323008901774,0.7721565844991642,7.0,7.0,7.0,6.5,7.0,True,True,False
2023-02-09,5.0,40,3,2,0.6354323008901774,0.7721565844991642,5.0,5.0,5.0,5.0,5.0,True,False,True
2023-02-10,5.0,41,4,2,0.6486295610349814,0.7611042586607747,5.0,5.0,5.0,5.0,5.0,True,False,True
2023-02-10,7.0,41,4,2,0.6486295610349814,0.7611042586607747,7.0,7.0,7.0,6.5,7.0,True,True,False
2023-02-11,5.0,42,5,2,0.6616346182422783,0.7498264012045686,5.0,5.0,5.0,5.0,5.0,True,False,True
2023-02-11,7.0,42,5,2,0.6616346182422783,0.7498264012045686,7.0,7.0,7.0,6.5,7.0,True,True,False
2023-02-12,7.0,43,6,2,0.6744436188329455,0.7383263540031065,7.0,7.0,7.0,6.5,7.0,True,True,False
2023-02-12,5.0,43,6,2,0.6744436188329455,0.7383263540031065,5.0,5.0,5.0,5.0,5.0,True,False,True
2023-02-13,5.0,44,0,2,0.6870527672236669,0.7266075247685656,5.0,5.0,5.0,5.0,5.0,True,False,True
2023-02-13,7.0,44,0,2,0.6870527672236669,0.7266075247685656,7.0,7.0,7.0,6.5,7.0,True,True,False
2023-02-14,5.0,45,1,2,0.699458327051647,0.7146733860429609,5.0,5.0,5.0,5.0,5.0,True,False,True
2023-02-14,7.0,45,1,2,0.699458327051647,0.7146733860429609,7.0,7.0,7.0,6.5,7.0,True,True,False
2023-02-15,5.0,46,2,2,0.7116566222817746,0.7025274741691571,5.0,5.0,5.0,5.0,5.0,True,False,True
2023-02-15,7.0,46,2,2,0.7116566222817746,0.7025274741691571,7.0,7.0,7.0,6.5,7.0,True,True,False
2023-02-16,7.0,47,3,2,0.7236440382959124,0.6901733882429719,7.0,7.0,7.0,6.5,7.0,True,True,False
2023-02-16,5.0,47,3,2,0.7236440382959124,0.6901733882429719,5.0,5.0,5.0,5.0,5.0,True,False,True
2023-02-17,5.0,48,4,2,0.7354170229639855,0.6776147890466889,5.0,5.0,5.0,5.0,5.0,True,False,True
2023-02-17,7.0,48,4,2,0.7354170229639855,0.6776147890466889,7.0,7.0,7.0,6.5,7.0,True,True,False
2023-02-18,7.0,49,5,2,0.7469720876965552,0.6648553979642865,7.0,7.0,7.0,6.5,7.0,True,True,False
2023-02-18,5.0,49,5,2,0.7469720876965552,0.6648553979642865,5.0,5.0,5.0,5.0,5.0,True,False,True
2023-02-19,5.0,50,6,2,0.7583058084785624,0.6518989958787126,5.0,5.0,5.0,5.0,5.0,True,False,True
2023-02-19,7.0,50,6,2,0.7583058084785624,0.6518989958787126,7.0,7.0,7.0,6.5,7.0,True,True,False
2023-02-20,5.0,51,0,2,0.7694148268839378,0.6387494220515272,5.0,5.0,5.0,5.0,5.0,True,False,True
2023-02-20,7.0,51,0,2,0.7694148268839378,0.6387494220515272,7.0,7.0,7.0,6.5,7.0,True,True,False
2023-02-21,5.0,52,1,2,0.7802958510707755,0.6254105729852463,5.0,5.0,5.0,5.0,5.0,True,False,True
2023-02-21,7.0625,52,1,2,0.7802958510707755,0.6254105729852463,7.0,7.0,7.0,6.5,7.002083333333333,True,True,False
2023-02-22,5.0,53,2,2,0.7909456567567772,0.6118864012687243,5.0,5.0,5.0,5.0,5.0,True,False,True
2023-02-22,7.125,53,2,2,0.7909456567567772,0.6118864012687243,7.0625,7.0,7.0,6.5,7.00625,True,True,False
2023-02-23,7.1875,54,3,2,0.8013610881746766,0.5981809144059165,7.125,7.0,7.0,6.5,7.0125,True,True,False
2023-02-23,5.0,54,3,2,0.8013610881746766,0.5981809144059165,5.0,5.0,5.0,5.0,5.0,True,False,True
2023-02-24,5.0,55,4,2,0.8115390590073611,0.5842981736283684,5.0,5.0,5.0,5.0,5.0,True,False,True
2023-02-24,7.25,55,4,2,0.8115390590073611,0.5842981736283684,7.1875,7.0,7.0,6.5,7.020833333333333,True,True,False
2023-02-25,7.3125,56,5,2,0.8214765533024142,0.5702422926917871,7.25,7.0,7.0,6.5,7.03125,True,True,False
2023-02-25,5.0,56,5,2,0.8214765533024142,0.5702422926917871,5.0,5.0,5.0,5.0,5.0,True,False,True
2023-02-26,7.375,57,6,2,0.8311706263658079,0.5560174366570446,7.3125,7.0,7.0,6.5,7.04375,True,True,False
2023-02-26,5.0,57,6,2,0.8311706263658079,0.5560174366570446,5.0,5.0,5.0,5.0,5.0,True,False,True
2023-02-27,5.0,58,0,2,0.8406184056344782,0.5416278206559814,5.0,5.0,5.0,5.0,5.0,True,False,True
2023-02-27,7.4375,58,0,2,0.8406184056344782,0.5416278206559814,7.375,7.0,7.0,6.5,7.058333333333334,True,True,False
2023-02-28,7.5,59,1,2,0.8498170915275278,0.5270777086423722,7.4375,7.0625,7.0,6.5,7.075,True,True,False
2023-02-28,5.0,59,1,2,0.8498170915275278,0.5270777086423722,5.0,5.0,5.0,5.0,5.0,True,False,True
2023-03-01,5.0,60,2,3,0.8587639582758029,0.5123714121284237,5.0,5.0,5.0,5.0,5.0,True,False,True
2023-03-01,7.5,60,2,3,0.8587639582758029,0.5123714121284237,7.5,7.125,7.0,6.5,7.091666666666667,True,True,False
2023-03-02,7.5,61,3,3,0.8674563547295969,0.49751328890718066,7.5,7.1875,7.0,6.5,7.108333333333333,True,True,False
2023-03-02,5.0,61,3,3,0.8674563547295969,0.49751328890718066,5.0,5.0,5.0,5.0,5.0,True,False,True
2023-03-03,5.0,62,4,3,0.8758917051442429,0.48250774176121847,5.0,5.0,5.0,5.0,5.0,True,False,True
2023-03-03,7.5,62,4,3,0.8758917051442429,0.48250774176121847,7.5,7.25,7.0,6.5,7.125,True,True,False
2023-03-04,5.0,63,5,3,0.8840675099433636,0.4673592171580022,5.0,5.0,5.0,5.0,5.0,True,False,True
2023-03-04,7.5,63,5,3,0.8840675099433636,0.4673592171580022,7.5,7.3125,7.0,6.5,7.141666666666667,True,True,False
2023-03-05,5.0,64,6,3,0.8919813464595485,0.45207220393230435,5.0,5.0,5.0,5.0,5.0,True,False,True
2023-03-05,7.5,64,6,3,0.8919813464595485,0.45207220393230435,7.5,7.375,7.0,6.5,7.158333333333333,True,True,False
2023-03-06,7.5,65,0,3,0.8996308696522433,0.43665123195606403,7.5,7.4375,7.0,6.5,7.175,True,True,False
2023-03-06,5.0,65,0,3,0.8996308696522433,0.43665123195606403,5.0,5.0,5.0,5.0,5.0,True,False,True
2023-03-07,7.5,66,1,3,0.9070138128026359,0.4211008707960896,7.5,7.5,7.0,6.5,7.191666666666666,True,True,False
2023-03-07,5.0,66,1,3,0.9070138128026359,0.4211008707960896,5.0,5.0,5.0,5.0,5.0,True,False,True
2023-03-08,5.0,67,2,3,0.9141279881853337,0.40542572835999735,5.0,5.0,5.0,5.0,5.0,True,False,True
2023-03-08,7.5,67,2,3,0.9141279881853337,0.40542572835999735,7.5,7.5,7.0,6.5,7.208333333333333,True,True,False
2023-03-09,5.0,68,3,3,0.9209712877166346,0.38963044953078796,5.0,5.0,5.0,5.0,5.0,True,False,True
2023-03-09,7.5,68,3,3,0.9209712877166346,0.38963044953078796,7.5,7.5,7.0,6.5,7.225,True,True,False
2023-03-10,5.0,69,4,3,0.9275416835791966,0.37371971479046906,5.0,5.0,5.0,5.0,5.0,True,False,True
2023-03-10,7.5,69,4,3,0.9275416835791966,0.37371971479046906,7.5,7.5,7.0,6.5,7.241666666666666,True,True,False
2023-03-11,5.0,70,5,3,0.9338372288229252,0.35769823883312546,5.0,5.0,5.0,5.0,5.0,True,False,True
2023-03-11,7.5,70,5,3,0.9338372288229252,0.35769823883312546,7.5,7.5,7.0,6.5,7.258333333333334,True,True,False
2023-03-12,7.5,71,6,3,0.9398560579418954,0.3415707691678556,7.5,7.5,7.0,6.5,7.275,True,True,False
2023-03-12,5.0,71,6,3,0.9398560579418954,0.3415707691678556,5.0,5.0,5.0,5.0,5.0,True,False,True
2023-03-13,7.5,72,0,3,0.9455963874271426,0.3253420847119801,7.5,7.5,7.0,6.5,7.291666666666667,True,True,False
2023-03-13,5.0,72,0,3,0.9455963874271426,0.3253420847119801,5.0,5.0,5.0,5.0,5.0,True,False,True
2023-03-14,5.0,73,1,3,0.9510565162951535,0.30901699437494745,5.0,5.0,5.0,5.0,5.0,True,False,True
2023-03-14,7.5,73,1,3,0.9510565162951535,0.30901699437494745,7.5,7.5,7.0,6.5,7.308333333333334,True,True,False
2023-03-15,7.5,74,2,3,0.9562348265919056,0.29260033563334836,7.5,7.5,7.0,6.5,7.325,True,True,False
2023-03-15,5.0,74,2,3,0.9562348265919056,0.29260033563334836,5.0,5.0,5.0,5.0,5.0,True,False,True
2023-03-16,5.0,75,3,3,0.9611297838723007,0.27609697309746883,5.0,5.0,5.0,5.0,5.0,True,False,True
2023-03-16,7.5,75,3,3,0.9611297838723007,0.27609697309746883,7.5,7.5,7.0,6.5,7.341666666666667,True,True,False
2023-03-17,7.5,76,4,3,0.9657399376548549,0.2595117970697999,7.5,7.5,7.0,6.5,7.358333333333333,True,True,False
2023-03-17,5.0,76,4,3,0.9657399376548549,0.2595117970697999,5.0,5.0,5.0,5.0,5.0,True,False,True
2023-03-18,5.0,77,5,3,0.9700639218515071,0.2428497220959356,5.0,5.0,5.0,5.0,5.0,True,False,True
2023-03-18,7.5,77,5,3,0.9700639218515071,0.2428497220959356,7.5,7.5,7.0,6.5,7.375,True,True,False
2023-03-19,5.0,78,6,3,0.9741004551724205,0.22611568550828828,5.0,5.0,5.0,5.0,5.0,True,False,True
2023-03-19,7.5,78,6,3,0.9741004551724205,0.22611568550828828,7.5,7.5,7.0,6.5,7.391666666666667,True,True,False
2023-03-20,7.5,79,0,3,0.9778483415056568,0.20931464596304847,7.5,7.5,7.0,6.5,7.408333333333333,True,True,False
2023-03-20,5.0,79,0,3,0.9778483415056568,0.20931464596304847,5.0,5.0,5.0,5.0,5.0,True,False,True
2023-03-21,5.0,80,1,3,0.9813064702716093,0.19245158197082998,5.0,5.0,5.0,5.0,5.0,True,False,True
2023-03-21,7.5,80,1,3,0.9813064702716093,0.19245158197082998,7.5,7.5,7.0,6.5,7.425,True,True,False
2023-03-22,7.5,81,2,3,0.9844738167520922,0.1755314904214282,7.5,7.5,7.0,6.5,7.441666666666666,True,True,False
2023-03-22,5.0,81,2,3,0.9844738167520922,0.1755314904214282,5.0,5.0,5.0,5.0,5.0,True,False,True
2023-03-23,7.5,82,3,3,0.9873494423939864,0.15855938510313475,7.5,7.5,7.0625,6.5,7.45625,True,True,False
2023-03-23,5.0,82,3,3,0.9873494423939864,0.15855938510313475,5.0,5.0,5.0,5.0,5.0,True,False,True
2023-03-24,7.5,83,4,3,0.989932495087353,0.141540295217043,7.5,7.5,7.125,6.5,7.46875,True,True,False
2023-03-24,5.0,83,4,3,0.989932495087353,0.141540295217043,5.0,5.0,5.0,5.0,5.0,True,False,True
2023-03-25,7.5,84,5,3,0.9922222094179323,0.12447926388678915,7.5,7.5,7.1875,6.5,7.479166666666667,True,True,False
2023-03-25,5.0,84,5,3,0.9922222094179323,0.12447926388678915,5.0,5.0,5.0,5.0,5.0,True,False,True
2023-03-26,7.5,85,6,3,0.994217906893952,0.10738134666416309,7.5,7.5,7.25,6.5,7.4875,True,True,False
2023-03-26,5.0,85,6,3,0.994217906893952,0.10738134666416309,5.0,5.0,5.0,5.0,5.0,True,False,True
2023-03-27,7.5,86,0,3,0.995918996147179,0.09025161003104117,7.5,7.5,7.3125,6.5,7.49375,True,True,False
2023-03-27,5.0,86,0,3,0.995918996147179,0.09025161003104117,5.0,5.0,5.0,5.0,5.0,True,False,True
2023-03-28,7.5,87,1,3,0.9973249731081555,0.07309512989807777,7.5,7.5,7.375,6.5,7.497916666666667,True,True,False
2023-03-28,5.0,87,1,3,0.9973249731081555,0.07309512989807777,5.0,5.0,5.0,5.0,5.0,True,False,True
2023-03-29,5.0,88,2,3,0.9984354211555643,0.055916990100603484,5.0,5.0,5.0,5.0,5.0,True,False,True
2023-03-29,7.5,88,2,3,0.9984354211555643,0.055916990100603484,7.5,7.5,7.4375,6.5,7.5,True,True,False
2023-03-30,5.0,89,3,3,0.9992500112396835,0.03872228089217446,5.0,5.0,5.0,5.0,5.0,True,False,True
2023-03-30,7.5,89,3,3,0.9992500112396835,0.03872228089217446,7.5,7.5,7.5,6.5,7.5,True,True,False
2023-03-31,7.5,90,4,3,0.9997685019798909,0.021516097436222254,7.5,7.5,7.5,6.5,7.5,True,True,False
2023-03-31,5.0,90,4,3,0.9997685019798909,0.021516097436222254,5.0,5.0,5.0,5.0,5.0,True,False,True
2023-04-01,7.5,91,5,4,0.9999907397361901,0.004303538296244289,7.5,7.5,7.5,6.5,7.5,True,True,False
2023-04-01,5.0,91,5,4,0.9999907397361901,0.004303538296244289,5.0,5.0,5.0,5.0,5.0,True,False,True
2023-04-02,5.0,92,6,4,0.9999166586547379,-0.01291029607500882,5.0,5.0,5.0,5.0,5.0,True,False,True
2023-04-02,7.5,92,6,4,0.9999166586547379,-0.01291029607500882,7.5,7.5,7.5,6.5,7.5,True,True,False
2023-04-03,7.5,93,0,4,0.9995462806873573,-0.030120304846908114,7.5,7.5,7.5,6.5,7.5,True,True,False
2023-04-03,5.0,93,0,4,0.9995462806873573,-0.030120304846908114,5.0,5.0,5.0,5.0,5.0,True,False,True
2023-04-04,5.0,94,1,4,0.9988797155850336,-0.04732138832243185,5.0,5.0,5.0,5.0,5.0,True,False,True
2023-04-04,7.5,94,1,4,0.9988797155850336,-0.04732138832243185,7.5,7.5,7.5,6.5,7.5,True,True,False
2023-04-05,5.0,95,2,4,0.9979171608653922,-0.06450844944931623,5.0,5.0,5.0,5.0,5.0,True,False,True
2023-04-05,7.5,95,2,4,0.9979171608653922,-0.06450844944931623,7.5,7.5,7.5,6.5,7.5,True,True,False
2023-04-06,5.0,96,3,4,0.9966589017541702,-0.08167639533042241,5.0,5.0,5.0,5.0,5.0,True,False,True
2023-04-06,7.5,96,3,4,0.9966589017541702,-0.08167639533042241,7.5,7.5,7.5,6.5,7.5,True,True,False
2023-04-07,7.5,97,4,4,0.9951053111006976,-0.09882013873287143,7.5,7.5,7.5,6.5,7.5,True,True,False
2023-04-07,5.0,97,4,4,0.9951053111006976,-0.09882013873287143,5.0,5.0,5.0,5.0,5.0,True,False,True
2023-04-08,7.5,98,5,4,0.9932568492674143,-0.11593459959550041,7.5,7.5,7.5,6.5,7.5,True,True,False
2023-04-08,5.0,98,5,4,0.9932568492674143,-0.11593459959550041,5.0,5.0,5.0,5.0,5.0,True,False,True
2023-04-09,7.5,99,6,4,0.9911140639934547,-0.1330147065341959,7.5,7.5,7.5,6.5,7.5,True,True,False
2023-04-09,5.0,99,6,4,0.9911140639934547,-0.1330147065341959,5.0,5.0,5.0,5.0,5.0,True,False,True
2023-04-10,5.0,100,0,4,0.9886775902323405,-0.1500553983446526,5.0,5.0,5.0,5.0,5.0,True,False,True
2023-04-10,7.5,100,0,4,0.9886775902323405,-0.1500553983446526,7.5,7.5,7.5,6.5,7.5,True,True,False
2023-04-11,7.5,101,1,4,0.9859481499638304,-0.16705162550211924,7.5,7.5,7.5,6.5,7.5,True,True,False
2023-04-11,5.0,101,1,4,0.9859481499638304,-0.16705162550211924,5.0,5.0,5.0,5.0,5.0,True,False,True
2023-04-12,7.5,102,2,4,0.9829265519799822,-0.18399835165768005,7.5,7.5,7.5,6.5,7.5,True,True,False
2023-04-12,5.0,102,2,4,0.9829265519799822,-0.18399835165768005,5.0,5.0,5.0,5.0,5.0,True,False,True
2023-04-13,5.0,103,3,4,0.9796136916454901,-0.20089055513063506,5.0,5.0,5.0,5.0,5.0,True,False,True
2023-04-13,7.5,103,3,4,0.9796136916454901,-0.20089055513063506,7.5,7.5,7.5,6.5,7.5,True,True,False
2023-04-14,7.5,104,4,4,0.9760105506323683,-0.21772323039653177,7.5,7.5,7.5,6.5,7.5,True,True,False
2023-04-14,5.0,104,4,4,0.9760105506323683,-0.21772323039653177,5.0,5.0,5.0,5.0,5.0,True,False,True
2023-04-15,7.5,105,5,4,0.9721181966290613,-0.23449138957040985,7.5,7.5,7.5,6.5,7.5,True,True,False
2023-04-15,5.0,105,5,4,0.9721181966290613,-0.23449138957040985,5.0,5.0,5.0,5.0,5.0,True,False,True
2023-04-16,7.5,106,6,4,0.9679377830240642,-0.25119006388481935,7.5,7.5,7.5,6.5,7.5,True,True,False
2023-04-16,5.0,106,6,4,0.9679377830240642,-0.25119006388481935,5.0,5.0,5.0,5.0,5.0,True,False,True
2023-04-17,7.5,107,0,4,0.9634705485641488,-0.2678143051621742,7.5,7.5,7.5,6.5,7.5,True,True,False
2023-04-17,5.0,107,0,4,0.9634705485641488,-0.2678143051621742,5.0,5.0,5.0,5.0,5.0,True,False,True
2023-04-18,5.0,108,1,4,0.9587178169872964,-0.2843591872810034,5.0,5.0,5.0,5.0,5.0,True,False,True
2023-04-18,7.5,108,1,4,0.9587178169872964,-0.2843591872810034,7.5,7.5,7.5,6.5,7.5,True,True,False
2023-04-19,5.0,109,2,4,0.9536809966304457,-0.30081980763566735,5.0,5.0,5.0,5.0,5.0,True,False,True
2023-04-19,7.5,109,2,4,0.9536809966304457,-0.30081980763566735,7.5,7.5,7.5,6.5,7.5,True,True,False
2023-04-20,5.0,110,3,4,0.9483615800121715,-0.3171912885891061,5.0,5.0,5.0,5.0,5.0,True,False,True
2023-04-20,7.5,110,3,4,0.9483615800121715,-0.3171912885891061,7.5,7.5,7.5,6.5,7.5,True,True,False
2023-04-21,7.5,111,4,4,0.9427611433904207,-0.3334687789181868,7.5,7.5,7.5,6.5,7.5,True,True,False
2023-04-21,5.0,111,4,4,0.9427611433904207,-0.3334687789181868,5.0,5.0,5.0,5.0,5.0,True,False,True
2023-04-22,7.5,112,5,4,0.9368813462954315,-0.3496474552512284,7.5,7.5,7.5,6.5,7.5,True,True,False
2023-04-22,5.0,112,5,4,0.9368813462954315,-0.3496474552512284,5.0,5.0,5.0,5.0,5.0,True,False,True
2023-04-23,7.5,113,6,4,0.9307239310379795,-0.36572252349726897,7.5,7.5,7.5,6.5,7.5,True,True,False
2023-04-23,5.0,113,6,4,0.9307239310379795,-0.36572252349726897,5.0,5.0,5.0,5.0,5.0,True,False,True
2023-04-24,7.5,114,0,4,0.9242907221930933,-0.3816892202666588,7.5,7.5,7.5,6.5,7.5,True,True,False
2023-04-24,5.0,114,0,4,0.9242907221930933,-0.3816892202666588,5.0,5.0,5.0,5.0,5.0,True,False,True
2023-04-25,5.0,115,1,4,0.9175836260593937,-0.39754281428255595,5.0,5.0,5.0,5.0,5.0,True,False,True
2023-04-25,7.5,115,1,4,0.9175836260593937,-0.39754281428255595,7.5,7.5,7.5,6.5,7.5,True,True,False
2023-04-26,5.0,116,2,4,0.9106046300942162,-0.4132786077829042,5.0,5.0,5.0,5.0,5.0,True,False,True
2023-04-26,7.5,116,2,4,0.9106046300942162,-0.4132786077829042,7.5,7.5,7.5,6.5,7.5,True,True,False
2023-04-27,5.0,117,3,4,0.9033558023246845,-0.4288919379124835,5.0,5.0,5.0,5.0,5.0,True,False,True
2023-04-27,7.5,117,3,4,0.9033558023246845,-0.4288919379124835,7.5,7.5,7.5,6.5,7.5,True,True,False
2023-04-28,7.5,118,4,4,0.895839290734909,-0.4443781781046132,7.5,7.5,7.5,6.5,7.5,True,True,False
2023-04-28,5.0,118,4,4,0.895839290734909,-0.4443781781046132,5.0,5.0,5.0,5.0,5.0,True,False,True
2023-04-29,7.5,119,5,4,0.8880573226294932,-0.45973273945210397,7.5,7.5,7.5,6.5,7.5,True,True,False
2023-04-29,5.0,119,5,4,0.8880573226294932,-0.45973273945210397,5.0,5.0,5.0,5.0,5.0,True,False,True
2023-04-30,7.5,120,6,4,0.8800122039735357,-0.47495107206704995,7.5,7.5,7.5,6.5,7.5,True,True,False
2023-04-30,5.0,120,6,4,0.8800122039735357,-0.47495107206704995,5.0,5.0,5.0,5.0,5.0,True,False,True
2023-05-01,5.0,121,0,5,0.8717063187093218,-0.4900286664290592,5.0,5.0,5.0,5.0,5.0,True,False,True
2023-05-01,7.5,121,0,5,0.8717063187093218,-0.4900286664290592,7.5,7.5,7.5,6.5,7.5,True,True,False
2023-05-02,5.0,122,1,5,0.8631421280499114,-0.5049610547215204,5.0,5.0,5.0,5.0,5.0,True,False,True
2023-05-02,7.5,122,1,5,0.8631421280499114,-0.5049610547215204,7.5,7.5,7.5,6.5,7.5,True,True,False
2023-05-03,5.0,123,2,5,0.854322169749827,-0.5197438121555155,5.0,5.0,5.0,5.0,5.0,True,False,True
2023-05-03,7.5,123,2,5,0.854322169749827,-0.5197438121555155,7.5,7.5,7.5,6.5,7.5,True,True,False
2023-05-04,5.0,124,3,5,0.8452490573530633,-0.5343725582809786,5.0,5.0,5.0,5.0,5.0,True,False,True
2023-05-04,7.5,124,3,5,0.8452490573530633,-0.5343725582809786,7.5,7.5,7.5,6.5,7.5,True,True,False
2023-05-05,5.0,125,4,5,0.8359254794186372,-0.548842958284719,5.0,5.0,5.0,5.0,5.0,True,False,True
2023-05-05,7.5,125,4,5,0.8359254794186372,-0.548842958284719,7.5,7.5,7.5,6.5,7.5,True,True,False
2023-05-06,7.5,126,5,5,0.8263541987239096,-0.5631507242749186,7.5,7.5,7.5,6.5,7.5,True,True,False
2023-05-06,5.0,126,5,5,0.8263541987239096,-0.5631507242749186,5.0,5.0,5.0,5.0,5.0,True,False,True
2023-05-07,7.5,127,6,5,0.8165380514459161,-0.5772916165517272,7.5,7.5,7.5,6.5,7.5,True,True,False
2023-05-07,5.0,127,6,5,0.8165380514459161,-0.5772916165517272,5.0,5.0,5.0,5.0,5.0,True,False,True
2023-05-08,5.0,128,0,5,0.8064799463209448,-0.5912614448635781,5.0,5.0,5.0,5.0,5.0,True,False,True
2023-05-08,7.5,128,0,5,0.8064799463209448,-0.5912614448635781,7.5,7.5,7.5,6.5,7.5,True,True,False
2023-05-09,7.5,129,1,5,0.7961828637826158,-0.6050560696488488,7.5,7.5,7.5,6.5,7.5,True,True,False
2023-05-09,5.0,129,1,5,0.7961828637826158,-0.6050560696488488,5.0,5.0,5.0,5.0,5.0,True,False,True
2023-05-10,5.0,130,2,5,0.7856498550787147,-0.6186714032625031,5.0,5.0,5.0,5.0,5.0,True,False,True
2023-05-10,7.5,130,2,5,0.7856498550787147,-0.6186714032625031,7.5,7.5,7.5,6.5,7.5,True,True,False
2023-05-11,5.0,131,3,5,0.7748840413670407,-0.6321034111873487,5.0,5.0,5.0,5.0,5.0,True,False,True
2023-05-11,7.523809523809524,131,3,5,0.7748840413670407,-0.6321034111873487,7.5,7.5,7.5,6.5,7.500793650793651,True,True,False
2023-05-12,5.0,132,4,5,0.7638886127905428,-0.6453481132295501,5.0,5.0,5.0,5.0,5.0,True,False,True
2023-05-12,7.5476190476190474,132,4,5,0.7638886127905428,-0.6453481132295501,7.523809523809524,7.5,7.5,6.5,7.502380952380952,True,True,False
2023-05-13,7.571428571428571,133,5,5,0.7526668275320085,-0.6584015846980488,7.5476190476190474,7.5,7.5,6.5,7.504761904761905,True,True,False
2023-05-13,5.0,133,5,5,0.7526668275320085,-0.6584015846980488,5.0,5.0,5.0,5.0,5.0,True,False,True
2023-05-14,5.0,134,6,5,0.7412220108485958,-0.6712599575675313,5.0,5.0,5.0,5.0,5.0,True,False,True
2023-05-14,7.595238095238095,134,6,5,0.7412220108485958,-0.6712599575675313,7.571428571428571,7.5,7.5,6.5,7.507936507936508,True,True,False
2023-05-15,7.619047619047619,135,0,5,0.7295575540864875,-0.6839194216246106,7.595238095238095,7.5,7.5,6.5,7.511904761904762,True,True,False
2023-05-15,5.0,135,0,5,0.7295575540864875,-0.6839194216246106,5.0,5.0,5.0,5.0,5.0,True,False,True
2023-05-16,7.642857142857143,136,1,5,0.717676913675962,-0.6963762255968722,7.619047619047619,7.5,7.5,6.5,7.516666666666667,True,True,False
2023-05-16,5.0,136,1,5,0.717676913675962,-0.6963762255968722,5.0,5.0,5.0,5.0,5.0,True,False,True
2023-05-17,5.0,137,2,5,0.705583610107178,-0.7086266782644596,5.0,5.0,5.0,5.0,5.0,True,False,True
2023-05-17,7.666666666666667,137,2,5,0.705583610107178,-0.7086266782644596,7.642857142857143,7.5,7.5,6.5,7.522222222222222,True,True,False
2023-05-18,5.0,138,3,5,0.6932812268869777,-0.7206671495538609,5.0,5.0,5.0,5.0,5.0,True,False,True
2023-05-18,7.690476190476191,138,3,5,0.6932812268869777,-0.7206671495538609,7.666666666666667,7.523809523809524,7.5,6.5,7.5285714285714285,True,True,False
2023-05-19,7.714285714285714,139,4,5,0.6807734094770161,-0.7324940716135789,7.690476190476191,7.5476190476190474,7.5,6.5,7.5357142857142865,True,True,False
2023-05-19,5.0,139,4,5,0.6807734094770161,-0.7324940716135789,5.0,5.0,5.0,5.0,5.0,True,False,True
2023-05-20,5.0,140,5,5,0.6680638642135335,-0.7441039398713607,5.0,5.0,5.0,5.0,5.0,True,False,True
2023-05-20,7.738095238095238,140,5,5,0.6680638642135335,-0.7441039398713607,7.714285714285714,7.571428571428571,7.5,6.5,7.5436507936507935,True,True,False
2023-05-21,7.761904761904762,141,6,5,0.6551563572090853,-0.7554933140726803,7.738095238095238,7.595238095238095,7.5,6.5,7.552380952380953,True,True,False
2023-05-21,5.0,141,6,5,0.6551563572090853,-0.7554933140726803,5.0,5.0,5.0,5.0,5.0,True,False,True
2023-05-22,7.785714285714286,142,0,5,0.6420547132365637,-0.766658819300159,7.761904761904762,7.619047619047619,7.5,6.5,7.561904761904762,True,True,False
2023-05-22,5.0,142,0,5,0.6420547132365637,-0.766658819300159,5.0,5.0,5.0,5.0,5.0,True,False,True
2023-05-23,7.809523809523809,143,1,5,0.6287628145958344,-0.7775971469736269,7.785714285714286,7.642857142857143,7.5,6.5,7.572222222222222,True,True,False
2023-05-23,5.0,143,1,5,0.6287628145958344,-0.7775971469736269,5.0,5.0,5.0,5.0,5.0,True,False,True
2023-05-24,7.833333333333333,144,2,5,0.6152845999633276,-0.7883050558305255,7.809523809523809,7.666666666666667,7.5,6.5,7.583333333333333,True,True,False
2023-05-24,5.0,144,2,5,0.6152845999633276,-0.7883050558305255,5.0,5.0,5.0,5.0,5.0,True,False,True
2023-05-25,7.857142857142857,145,3,5,0.6016240632249226,-0.7987793728863649,7.833333333333333,7.690476190476191,7.5,6.5,7.595238095238096,True,True,False
2023-05-25,5.0,145,3,5,0.6016240632249226,-0.7987793728863649,5.0,5.0,5.0,5.0,5.0,True,False,True
2023-05-26,7.880952380952381,146,4,5,0.5877852522924732,-0.8090169943749473,7.857142857142857,7.714285714285714,7.5,6.5,7.607936507936508,True,True,False
2023-05-26,5.0,146,4,5,0.5877852522924732,-0.8090169943749473,5.0,5.0,5.0,5.0,5.0,True,False,True
2023-05-27,5.0,147,5,5,0.5737722679043246,-0.8190148866680801,5.0,5.0,5.0,5.0,5.0,True,False,True
2023-05-27,7.904761904761905,147,5,5,0.5737722679043246,-0.8190148866680801,7.880952380952381,7.738095238095238,7.5,6.5,7.621428571428571,True,True,False
2023-05-28,5.0,148,6,5,0.5595892624101765,-0.8287700871745038,5.0,5.0,5.0,5.0,5.0,True,False,True
2023-05-28,7.928571428571429,148,6,5,0.5595892624101765,-0.8287700871745038,7.904761904761905,7.761904761904762,7.5,6.5,7.635714285714286,True,True,False
2023-05-29,7.9523809523809526,149,0,5,0.545240438540651,-0.8382797052177744,7.928571428571429,7.785714285714286,7.5,6.5,7.65079365079365,True,True,False
2023-05-29,5.0,149,0,5,0.545240438540651,-0.8382797052177744,5.0,5.0,5.0,5.0,5.0,True,False,True
2023-05-30,5.0,150,1,5,0.5307300481619334,-0.8475409228928311,5.0,5.0,5.0,5.0,5.0,True,False,True
2023-05-30,7.976190476190476,150,1,5,0.5307300481619334,-0.8475409228928311,7.9523809523809526,7.809523809523809,7.5,6.5,7.666666666666667,True,True,False
2023-05-31,8.0,151,2,5,0.5160623910158528,-0.8565509959010036,7.976190476190476,7.833333333333333,7.5,6.5,7.683333333333334,True,True,False
2023-05-31,5.0,151,2,5,0.5160623910158528,-0.8565509959010036,5.0,5.0,5.0,5.0,5.0,True,False,True
2023-06-01,8.0,152,3,6,0.5012418134457758,-0.865307254363206,8.0,7.857142857142857,7.5,6.5,7.7,True,True,False
2023-06-01,5.0,152,3,6,0.5012418134457758,-0.865307254363206,5.0,5.0,5.0,5.0,5.0,True,False,True
2023-06-02,8.0,153,4,6,0.48627270710868997,-0.8738071036110808,8.0,7.880952380952381,7.5,6.5,7.716666666666667,True,True,False
2023-06-02,5.0,153,4,6,0.48627270710868997,-0.8738071036110808,5.0,5.0,5.0,5.0,5.0,True,False,True
2023-06-03,8.0,154,5,6,0.4711595076738638,-0.8820480249558537,8.0,7.904761904761905,7.5,6.5,7.733333333333333,True,True,False
2023-06-03,5.0,154,5,6,0.4711595076738638,-0.8820480249558537,5.0,5.0,5.0,5.0,5.0,True,False,True
2023-06-04,8.0,155,6,6,0.4559066935084588,-0.8900275764346767,8.0,7.928571428571429,7.5,6.5,7.75,True,True,False
2023-06-04,5.0,155,6,6,0.4559066935084588,-0.8900275764346767,5.0,5.0,5.0,5.0,5.0,True,False,True
2023-06-05,5.0,156,0,6,0.440518784350495,-0.8977433935342337,5.0,5.0,5.0,5.0,5.0,True,False,True
2023-06-05,8.0,156,0,6,0.440518784350495,-0.8977433935342337,8.0,7.9523809523809526,7.5,6.5,7.766666666666667,True,True,False
2023-06-06,8.0,157,1,6,0.42500033996955416,-0.9051931898913974,8.0,7.976190476190476,7.5,6.5,7.783333333333333,True,True,False
2023-06-06,5.0,157,1,6,0.42500033996955416,-0.9051931898913974,5.0,5.0,5.0,5.0,5.0,True,False,True
2023-06-07,5.0,158,2,6,0.4093559588156213,-0.9123747579707273,5.0,5.0,5.0,5.0,5.0,True,False,True
2023-06-07,8.0,158,2,6,0.4093559588156213,-0.9123747579707273,8.0,8.0,7.5,6.5,7.8,True,True,False
2023-06-08,5.0,159,3,6,0.39359027665646673,-0.9192859697186104,5.0,5.0,5.0,5.0,5.0,True,False,True
2023-06-08,8.0,159,3,6,0.39359027665646673,-0.9192859697186104,8.0,8.0,7.5,6.5,7.816666666666666,True,True,False
2023-06-09,5.0,160,4,6,0.3777079652039649,-0.9259247771938498,5.0,5.0,5.0,5.0,5.0,True,False,True
2023-06-09,8.0,160,4,6,0.3777079652039649,-0.9259247771938498,8.0,8.0,7.5,6.5,7.833333333333333,True,True,False
2023-06-10,8.0,161,5,6,0.36171373072976765,-0.9322892131745133,8.0,8.0,7.523809523809524,6.5,7.84920634920635,True,True,False
2023-06-10,5.0,161,5,6,0.36171373072976765,-0.9322892131745133,5.0,5.0,5.0,5.0,5.0,True,False,True
2023-06-11,8.0,162,6,6,0.3456123126707335,-0.9383773917408641,8.0,8.0,7.5476190476190474,6.5,7.864285714285714,True,True,False
2023-06-11,5.0,162,6,6,0.3456123126707335,-0.9383773917408641,5.0,5.0,5.0,5.0,5.0,True,False,True
2023-06-12,8.0,163,0,6,0.3294084822245304,-0.9441875088341993,8.0,8.0,7.571428571428571,6.5,7.878571428571429,True,True,False
2023-06-12,5.0,163,0,6,0.3294084822245304,-0.9441875088341993,5.0,5.0,5.0,5.0,5.0,True,False,True
2023-06-13,5.0,164,1,6,0.3131070409358269,-0.9497178427914316,5.0,5.0,5.0,5.0,5.0,True,False,True
2023-06-13,8.0,164,1,6,0.3131070409358269,-0.9497178427914316,8.0,8.0,7.595238095238095,6.5,7.892063492063492,True,True,False
2023-06-14,5.0,165,2,6,0.29671281927349075,-0.9549667548552551,5.0,5.0,5.0,5.0,5.0,True,False,True
2023-06-14,8.0,165,2,6,0.29671281927349075,-0.9549667548552551,8.0,8.0,7.619047619047619,6.5,7.904761904761904,True,True,False
2023-06-15,8.0,166,3,6,0.28023067519921585,-0.9599326896597447,8.0,8.0,7.642857142857143,6.5,7.916666666666667,True,True,False
2023-06-15,5.0,166,3,6,0.28023067519921585,-0.9599326896597447,5.0,5.0,5.0,5.0,5.0,True,False,True
2023-06-16,5.0,167,4,6,0.26366549272800704,-0.9646141756912435,5.0,5.0,5.0,5.0,5.0,True,False,True
2023-06-16,8.0,167,4,6,0.26366549272800704,-0.9646141756912435,8.0,8.0,7.666666666666667,6.5,7.927777777777778,True,True,False
2023-06-17,8.0,168,5,6,0.24702218048093552,-0.9690098257244062,8.0,8.0,7.690476190476191,6.5,7.938095238095238,True,True,False
2023-06-17,5.0,168,5,6,0.24702218048093552,-0.9690098257244062,5.0,5.0,5.0,5.0,5.0,True,False,True
2023-06-18,8.0,169,6,6,0.23030567023061221,-0.9731183372332619,8.0,8.0,7.714285714285714,6.5,7.947619047619047,True,True,False
2023-06-18,5.0,169,6,6,0.23030567023061221,-0.9731183372332619,5.0,5.0,5.0,5.0,5.0,True,False,True
2023-06-19,8.0,170,0,6,0.21352091543979612,-0.9769384927771817,8.0,8.0,7.738095238095238,6.5,7.9563492063492065,True,True,False
2023-06-19,5.0,170,0,6,0.21352091543979612,-0.9769384927771817,5.0,5.0,5.0,5.0,5.0,True,False,True
2023-06-20,8.0,171,1,6,0.19667288979357647,-0.980469160361632,8.0,8.0,7.761904761904762,6.5,7.9642857142857135,True,True,False
2023-06-20,5.0,171,1,6,0.19667288979357647,-0.980469160361632,5.0,5.0,5.0,5.0,5.0,True,False,True
2023-06-21,5.0,172,2,6,0.1797665857255624,-0.9837092937736097,5.0,5.0,5.0,5.0,5.0,True,False,True
2023-06-21,8.0,172,2,6,0.1797665857255624,-0.9837092937736097,8.0,8.0,7.785714285714286,6.5,7.9714285714285715,True,True,False
2023-06-22,5.0,173,3,6,0.16280701293851715,-0.986657932891657,5.0,5.0,5.0,5.0,5.0,True,False,True
2023-06-22,8.0,173,3,6,0.16280701293851715,-0.986657932891657,8.0,8.0,7.809523809523809,6.5,7.977777777777778,True,True,False
2023-06-23,8.0,174,4,6,0.1457991969198751,-0.9893142039703663,8.0,8.0,7.833333333333333,6.5,7.983333333333333,True,True,False
2023-06-23,5.0,174,4,6,0.1457991969198751,-0.9893142039703663,5.0,5.0,5.0,5.0,5.0,True,False,True
2023-06-24,5.0,175,5,6,0.12874817745258132,-0.99167731989929,5.0,5.0,5.0,5.0,5.0,True,False,True
2023-06-24,8.0,175,5,6,0.12874817745258132,-0.99167731989929,8.0,8.0,7.857142857142857,6.5,7.988095238095238,True,True,False
2023-06-25,8.0,176,6,6,0.11165900712169512,-0.993746580436178,8.0,8.0,7.880952380952381,6.5,7.992063492063492,True,True,False
2023-06-25,5.0,176,6,6,0.11165900712169512,-0.993746580436178,5.0,5.0,5.0,5.0,5.0,True,False,True
2023-06-26,8.0,177,0,6,0.09453674981719912,-0.9955213724144752,8.0,8.0,7.904761904761905,6.5,7.995238095238095,True,True,False
2023-06-26,5.0,177,0,6,0.09453674981719912,-0.9955213724144752,5.0,5.0,5.0,5.0,5.0,True,False,True
2023-06-27,8.0,178,1,6,0.07738647923346301,-0.9970011699250151,8.0,8.0,7.928571428571429,6.5,7.997619047619048,True,True,False
2023-06-27,5.0,178,1,6,0.07738647923346301,-0.9970011699250151,5.0,5.0,5.0,5.0,5.0,True,False,True
2023-06-28,5.0,179,2,6,0.06021327736579302,-0.9981855344718586,5.0,5.0,5.0,5.0,5.0,True,False,True
2023-06-28,8.0,179,2,6,0.06021327736579302,-0.9981855344718586,8.0,8.0,7.9523809523809526,6.5,7.999206349206349,True,True,False
2023-06-29,5.0,180,3,6,0.04302223300453059,-0.99907411510223,5.0,5.0,5.0,5.0,5.0,True,False,True
2023-06-29,8.0,180,3,6,0.04302223300453059,-0.99907411510223,8.0,8.0,7.976190476190476,6.5,8.0,True,True,False
2023-06-30,5.0,181,4,6,0.02581844022713308,-0.9996666485105112,5.0,5.0,5.0,5.0,5.0,True,False,True
2023-06-30,8.0,181,4,6,0.02581844022713308,-0.9996666485105112,8.0,8.0,8.0,6.5,8.0,True,True,False
2023-07-01,8.0,182,5,7,0.008606996888688698,-0.9999629591162655,8.0,8.0,8.0,6.5,8.0,True,True,False
2023-07-01,5.0,182,5,7,0.008606996888688698,-0.9999629591162655,5.0,5.0,5.0,5.0,5.0,True,False,True
2023-07-02,8.0,183,6,7,-0.008606996888688009,-0.9999629591162655,8.0,8.0,8.0,6.5,8.0,True,True,False
2023-07-02,5.0,183,6,7,-0.008606996888688009,-0.9999629591162655,5.0,5.0,5.0,5.0,5.0,True,False,True
2023-07-03,5.0,184,0,7,-0.02581844022713239,-0.9996666485105112,5.0,5.0,5.0,5.0,5.0,True,False,True
2023-07-03,8.0,184,0,7,-0.02581844022713239,-0.9996666485105112,8.0,8.0,8.0,6.5,8.0,True,True,False
2023-07-04,8.0,185,1,7,-0.04302223300453034,-0.99907411510223,8.0,8.0,8.0,6.5,8.0,True,True,False
2023-07-04,5.0,185,1,7,-0.04302223300453034,-0.99907411510223,5.0,5.0,5.0,5.0,5.0,True,False,True
2023-07-05,8.0,186,2,7,-0.060213277365792774,-0.9981855344718586,8.0,8.0,8.0,6.5,8.0,True,True,False
2023-07-05,5.0,186,2,7,-0.060213277365792774,-0.9981855344718586,5.0,5.0,5.0,5.0,5.0,True,False,True
2023-07-06,8.0,187,3,7,-0.07738647923346322,-0.9970011699250151,8.0,8.0,8.0,6.5,8.0,True,True,False
2023-07-06,5.0,187,3,7,-0.07738647923346322,-0.9970011699250151,5.0,5.0,5.0,5.0,5.0,True,False,True
2023-07-07,5.0,188,4,7,-0.09453674981719933,-0.9955213724144752,5.0,5.0,5.0,5.0,5.0,True,False,True
2023-07-07,8.0,188,4,7,-0.09453674981719933,-0.9955213724144752,8.0,8.0,8.0,6.5,8.0,True,True,False
2023-07-08,8.0,189,5,7,-0.11165900712169444,-0.9937465804361781,8.0,8.0,8.0,6.5,8.0,True,True,False
2023-07-08,5.0,189,5,7,-0.11165900712169444,-0.9937465804361781,5.0,5.0,5.0,5.0,5.0,True,False,True
2023-07-09,5.0,190,6,7,-0.12874817745258066,-0.99167731989929,5.0,5.0,5.0,5.0,5.0,True,False,True
2023-07-09,8.0,190,6,7,-0.12874817745258066,-0.99167731989929,8.0,8.0,8.0,6.5,8.0,True,True,False
2023-07-10,5.0,191,0,7,-0.14579919691987442,-0.9893142039703664,5.0,5.0,5.0,5.0,5.0,True,False,True
2023-07-10,8.0,191,0,7,-0.14579919691987442,-0.9893142039703664,8.0,8.0,8.0,6.5,8.0,True,True,False
2023-07-11,5.0,192,1,7,-0.16280701293851646,-0.9866579328916572,5.0,5.0,5.0,5.0,5.0,True,False,True
2023-07-11,8.0,192,1,7,-0.16280701293851646,-0.9866579328916572,8.0,8.0,8.0,6.5,8.0,True,True,False
2023-07-12,8.0,193,2,7,-0.17976658572556214,-0.9837092937736098,8.0,8.0,8.0,6.5,8.0,True,True,False
2023-07-12,5.0,193,2,7,-0.17976658572556214,-0.9837092937736098,5.0,5.0,5.0,5.0,5.0,True,False,True
2023-07-13,8.0,194,3,7,-0.19667288979357622,-0.9804691603616321,8.0,8.0,8.0,6.5,8.0,True,True,False
2023-07-13,5.0,194,3,7,-0.19667288979357622,-0.9804691603616321,5.0,5.0,5.0,5.0,5.0,True,False,True
2023-07-14,8.0,195,4,7,-0.2135209154397959,-0.9769384927771817,8.0,8.0,8.0,6.5,8.0,True,True,False
2023-07-14,5.0,195,4,7,-0.2135209154397959,-0.9769384927771817,5.0,5.0,5.0,5.0,5.0,True,False,True
2023-07-15,5.0,196,5,7,-0.23030567023061196,-0.973118337233262,5.0,5.0,5.0,5.0,5.0,True,False,True
2023-07-15,8.0,196,5,7,-0.23030567023061196,-0.973118337233262,8.0,8.0,8.0,6.5,8.0,True,True,False
2023-07-16,8.0,197,6,7,-0.24702218048093527,-0.9690098257244063,8.0,8.0,8.0,6.5,8.0,True,True,False
2023-07-16,5.0,197,6,7,-0.24702218048093527,-0.9690098257244063,5.0,5.0,5.0,5.0,5.0,True,False,True
2023-07-17,5.0,198,0,7,-0.2636654927280072,-0.9646141756912435,5.0,5.0,5.0,5.0,5.0,True,False,True
2023-07-17,8.0,198,0,7,-0.2636654927280072,-0.9646141756912435,8.0,8.0,8.0,6.5,8.0,True,True,False
2023-07-18,8.0,199,1,7,-0.2802306751992161,-0.9599326896597445,8.0,8.0,8.0,6.5,8.0,True,True,False
2023-07-18,5.0,199,1,7,-0.2802306751992161,-0.9599326896597445,5.0,5.0,5.0,5.0,5.0,True,False,True
2023-07-19,5.0,200,2,7,-0.2967128192734901,-0.9549667548552553,5.0,5.0,5.0,5.0,5.0,True,False,True
2023-07-19,8.0,200,2,7,-0.2967128192734901,-0.9549667548552553,8.0,8.0,8.0,6.5,8.0,True,True,False
2023-07-20,8.0,201,3,7,-0.3131070409358267,-0.9497178427914317,8.0,8.0,8.0,6.5,8.0,True,True,False
2023-07-20,5.0,201,3,7,-0.3131070409358267,-0.9497178427914317,5.0,5.0,5.0,5.0,5.0,True,False,True
2023-07-21,5.0,202,4,7,-0.3294084822245302,-0.9441875088341994,5.0,5.0,5.0,5.0,5.0,True,False,True
2023-07-21,8.0,202,4,7,-0.3294084822245302,-0.9441875088341994,8.0,8.0,8.0,6.5,8.0,True,True,False
2023-07-22,5.0,203,5,7,-0.3456123126707333,-0.9383773917408642,5.0,5.0,5.0,5.0,5.0,True,False,True
2023-07-22,8.0,203,5,7,-0.3456123126707333,-0.9383773917408642,8.0,8.0,8.0,6.5,8.0,True,True,False
2023-07-23,5.0,204,6,7,-0.3617137307297674,-0.9322892131745134,5.0,5.0,5.0,5.0,5.0,True,False,True
2023-07-23,8.0,204,6,7,-0.3617137307297674,-0.9322892131745134,8.0,8.0,8.0,6.5,8.0,True,True,False
2023-07-24,8.0,205,0,7,-0.37770796520396466,-0.9259247771938499,8.0,8.0,8.0,6.5,8.0,True,True,False
2023-07-24,5.0,205,0,7,-0.37770796520396466,-0.9259247771938499,5.0,5.0,5.0,5.0,5.0,True,False,True
2023-07-25,5.0,206,1,7,-0.39359027665646645,-0.9192859697186105,5.0,5.0,5.0,5.0,5.0,True,False,True
2023-07-25,8.0,206,1,7,-0.39359027665646645,-0.9192859697186105,8.0,8.0,8.0,6.5,8.0,True,True,False
2023-07-26,5.0,207,2,7,-0.4093559588156211,-0.9123747579707274,5.0,5.0,5.0,5.0,5.0,True,False,True
2023-07-26,8.0,207,2,7,-0.4093559588156211,-0.9123747579707274,8.0,8.0,8.0,6.5,8.0,True,True,False
2023-07-27,5.0,208,3,7,-0.42500033996955394,-0.9051931898913975,5.0,5.0,5.0,5.0,5.0,True,False,True
2023-07-27,8.0,208,3,7,-0.42500033996955394,-0.9051931898913975,8.0,8.0,8.0,6.5,8.0,True,True,False
2023-07-28,8.0,209,4,7,-0.4405187843504952,-0.8977433935342336,8.0,8.0,8.0,6.5,8.0,True,True,False
2023-07-28,5.0,209,4,7,-0.4405187843504952,-0.8977433935342336,5.0,5.0,5.0,5.0,5.0,True,False,True
2023-07-29,5.0,210,5,7,-0.455906693508459,-0.8900275764346766,5.0,5.0,5.0,5.0,5.0,True,False,True
2023-07-29,8.0,210,5,7,-0.455906693508459,-0.8900275764346766,8.0,8.0,8.0,6.5,8.0,True,True,False
2023-07-30,5.0,211,6,7,-0.47115950767386394,-0.8820480249558535,5.0,5.0,5.0,5.0,5.0,True,False,True
2023-07-30,8.0,211,6,7,-0.47115950767386394,-0.8820480249558535,8.0,8.0,8.0,6.5,8.0,True,True,False
2023-07-31,5.0,212,0,7,-0.4862727071086902,-0.8738071036110807,5.0,5.0,5.0,5.0,5.0,True,False,True
2023-07-31,8.0,212,0,7,-0.4862727071086902,-0.8738071036110807,8.0,8.0,8.0,6.5,8.0,True,True,False
2023-08-01,5.0,213,1,8,-0.5012418134457756,-0.8653072543632061,5.0,5.0,5.0,5.0,5.0,True,False,True
2023-08-01,8.0,213,1,8,-0.5012418134457756,-0.8653072543632061,8.0,8.0,8.0,6.5,8.0,True,True,False
2023-08-02,5.0,214,2,8,-0.5160623910158526,-0.8565509959010037,5.0,5.0,5.0,5.0,5.0,True,False,True
2023-08-02,8.0,214,2,8,-0.5160623910158526,-0.8565509959010037,8.0,8.0,8.0,6.5,8.0,True,True,False
2023-08-03,5.0,215,3,8,-0.5307300481619331,-0.8475409228928312,5.0,5.0,5.0,5.0,5.0,True,False,True
2023-08-03,8.0,215,3,8,-0.5307300481619331,-0.8475409228928312,8.0,8.0,8.0,6.5,8.0,True,True,False
2023-08-04,5.0,216,4,8,-0.5452404385406507,-0.8382797052177745,5.0,5.0,5.0,5.0,5.0,True,False,True
2023-08-04,8.0,216,4,8,-0.5452404385406507,-0.8382797052177745,8.0,8.0,8.0,6.5,8.0,True,True,False
2023-08-05,8.0,217,5,8,-0.5595892624101763,-0.828770087174504,8.0,8.0,8.0,6.5,8.0,True,True,False
2023-08-05,5.0,217,5,8,-0.5595892624101763,-0.828770087174504,5.0,5.0,5.0,5.0,5.0,True,False,True
2023-08-06,5.0,218,6,8,-0.5737722679043243,-0.8190148866680802,5.0,5.0,5.0,5.0,5.0,True,False,True
2023-08-06,8.0,218,6,8,-0.5737722679043243,-0.8190148866680802,8.0,8.0,8.0,6.5,8.0,True,True,False
2023-08-07,5.0,219,0,8,-0.5877852522924734,-0.8090169943749472,5.0,5.0,5.0,5.0,5.0,True,False,True
2023-08-07,8.0,219,0,8,-0.5877852522924734,-0.8090169943749472,8.0,8.0,8.0,6.5,8.0,True,True,False
2023-08-08,5.0,220,1,8,-0.6016240632249227,-0.7987793728863648,5.0,5.0,5.0,5.0,5.0,True,False,True
2023-08-08,8.0,220,1,8,-0.6016240632249227,-0.7987793728863648,8.0,8.0,8.0,6.5,8.0,True,True,False
2023-08-09,5.0,221,2,8,-0.6152845999633277,-0.7883050558305253,5.0,5.0,5.0,5.0,5.0,True,False,True
2023-08-09,8.0,221,2,8,-0.6152845999633277,-0.7883050558305253,8.0,8.0,8.0,6.5,8.0,True,True,False
2023-08-10,8.0,222,3,8,-0.6287628145958345,-0.7775971469736268,8.0,8.0,8.0,6.5,8.0,True,True,False
2023-08-10,5.0,222,3,8,-0.6287628145958345,-0.7775971469736268,5.0,5.0,5.0,5.0,5.0,True,False,True
