pubDate,avgPrice,day_of_year,day_of_week,month,doy_sin,doy_cos,avgPrice_lag_1,avgPrice_lag_7,avgPrice_lag_30,avgPrice_lag_365,avgPrice_MA_30,specInfo_散,prodPcat_UNKNOWN
2022-07-23,4.5,204,5,7,-0.3617137307297674,-0.9322892131745134,4.5,5.2,5.2,5.5,5.153333333333334,True,True
2022-07-24,4.5,205,6,7,-0.37770796520396466,-0.9259247771938499,4.5,5.2,5.2,5.5,5.13,True,True
2022-07-25,4.5,206,0,7,-0.39359027665646645,-0.9192859697186105,4.5,5.2,5.2,5.5,5.106666666666667,True,True
2022-07-26,4.5,207,1,7,-0.4093559588156211,-0.9123747579707274,4.5,5.2,5.2,5.5,5.083333333333333,True,True
2022-07-27,4.5,208,2,7,-0.42500033996955394,-0.9051931898913975,4.5,5.2,5.2,5.25,5.0600000000000005,True,True
2022-07-28,4.5,209,3,7,-0.4405187843504952,-0.8977433935342336,4.5,5.2,5.2,5.0,5.036666666666667,True,True
2022-07-29,4.5,210,4,7,-0.455906693508459,-0.8900275764346766,4.5,4.5,5.2,5.0,5.013333333333334,True,True
2022-07-30,4.5,211,5,7,-0.47115950767386394,-0.8820480249558535,4.5,4.5,5.2,5.0,4.99,True,True
2022-07-31,4.5,212,6,7,-0.4862727071086902,-0.8738071036110807,4.5,4.5,5.2,5.0,4.966666666666667,True,True
2022-08-01,4.5,213,0,8,-0.5012418134457756,-0.8653072543632061,4.5,4.5,5.2,5.0,4.943333333333333,True,True
2022-08-02,4.5,214,1,8,-0.5160623910158526,-0.8565509959010037,4.5,4.5,5.2,5.0,4.920000000000001,True,True
2022-08-03,4.5,215,2,8,-0.5307300481619331,-0.8475409228928312,4.5,4.5,5.2,5.0,4.8966666666666665,True,True
2022-08-04,4.5,216,3,8,-0.5452404385406507,-0.8382797052177745,4.5,4.5,5.2,5.0,4.873333333333334,True,True
2022-08-05,4.5,217,4,8,-0.5595892624101763,-0.828770087174504,4.5,4.5,5.2,5.0,4.85,True,True
2022-08-06,4.5,218,5,8,-0.5737722679043243,-0.8190148866680802,4.5,4.5,5.2,5.0,4.826666666666667,True,True
2022-08-07,4.5,219,6,8,-0.5877852522924734,-0.8090169943749472,4.5,4.5,5.2,5.0,4.803333333333334,True,True
2022-08-08,4.5,220,0,8,-0.6016240632249227,-0.7987793728863648,4.5,4.5,5.2,5.0,4.78,True,True
2022-08-09,4.5,221,1,8,-0.6152845999633277,-0.7883050558305253,4.5,4.5,5.2,5.0,4.756666666666667,True,True
2022-08-10,4.5,222,2,8,-0.6287628145958345,-0.7775971469736268,4.5,4.5,5.2,5.0,4.733333333333333,True,True
2022-08-11,4.5,223,3,8,-0.6420547132365636,-0.7666588193001592,4.5,4.5,5.2,5.0,4.71,True,True
2022-08-12,4.5,224,4,8,-0.655156357209085,-0.7554933140726804,4.5,4.5,5.2,5.0,4.686666666666667,True,True
2022-08-13,4.5,225,5,8,-0.6680638642135333,-0.7441039398713608,4.5,4.5,5.2,5.0,4.663333333333333,True,True
2022-08-14,4.5,226,6,8,-0.6807734094770159,-0.7324940716135792,4.5,4.5,5.2,5.0,4.640000000000001,True,True
2022-08-15,4.5,227,0,8,-0.6932812268869771,-0.7206671495538615,4.5,4.5,5.2,5.0,4.616666666666666,True,True
2022-08-16,4.5,228,1,8,-0.7055836101071774,-0.70862667826446,4.5,4.5,5.2,5.0,4.593333333333334,True,True
2022-08-17,4.5,229,2,8,-0.7176769136759615,-0.6963762255968726,4.5,4.5,5.2,5.0,4.570000000000001,True,True
2022-08-18,4.5,230,3,8,-0.7295575540864876,-0.6839194216246105,4.5,4.5,5.2,5.0,4.546666666666667,True,True
2022-08-19,4.5,231,4,8,-0.7412220108485957,-0.6712599575675315,4.5,4.5,5.2,5.0,4.523333333333334,True,True
2022-08-20,4.5,232,5,8,-0.7526668275320083,-0.6584015846980489,4.5,4.5,5.2,5.0,4.5,True,True
2022-08-21,4.5,233,6,8,-0.7638886127905429,-0.64534811322955,4.5,4.5,4.5,5.0,4.5,True,True
2022-08-22,4.5,234,0,8,-0.7748840413670406,-0.6321034111873488,4.5,4.5,4.5,5.0,4.5,True,True
2022-08-23,4.5,235,1,8,-0.7856498550787144,-0.6186714032625032,4.5,4.5,4.5,5.0,4.5,True,True
2022-08-24,4.5,236,2,8,-0.7961828637826154,-0.6050560696488494,4.5,4.5,4.5,5.0,4.5,True,True
2022-08-25,4.5,237,3,8,-0.8064799463209447,-0.5912614448635782,4.5,4.5,4.5,5.0,4.5,True,True
2022-08-26,4.5,238,4,8,-0.8165380514459157,-0.5772916165517278,4.5,4.5,4.5,5.0,4.5,True,True
2022-08-27,4.5,239,5,8,-0.8263541987239094,-0.5631507242749187,4.5,4.5,4.5,5.0,4.5,True,True
2022-08-28,4.5,240,6,8,-0.8359254794186365,-0.5488429582847199,4.5,4.5,4.5,5.0,4.5,True,True
2022-08-29,4.5,241,0,8,-0.8452490573530634,-0.5343725582809785,4.5,4.5,4.5,5.0,4.5,True,True
2022-08-30,4.5,242,1,8,-0.8543221697498269,-0.5197438121555157,4.5,4.5,4.5,5.0,4.5,True,True
2022-08-31,4.5,243,2,8,-0.8631421280499115,-0.5049610547215202,4.5,4.5,4.5,5.0,4.5,True,True
2022-09-01,4.5,244,3,9,-0.8717063187093217,-0.4900286664290594,4.5,4.5,4.5,5.0,4.5,True,True
2022-09-02,4.5,245,4,9,-0.8800122039735356,-0.4749510720670502,4.5,4.5,4.5,5.0,4.5,True,True
2022-09-03,4.5,246,5,9,-0.888057322629493,-0.4597327394521046,4.5,4.5,4.5,5.0,4.5,True,True
2022-09-04,4.5,247,6,9,-0.8958392907349089,-0.4443781781046134,4.5,4.5,4.5,5.0,4.5,True,True
2022-09-05,4.5,248,0,9,-0.9033558023246842,-0.4288919379124841,4.5,4.5,4.5,5.0,4.5,True,True
2022-09-06,4.5,249,1,9,-0.9106046300942162,-0.41327860778290443,4.5,4.5,4.5,5.0,4.5,True,True
2022-09-07,4.5,250,2,9,-0.9175836260593934,-0.3975428142825566,4.5,4.5,4.5,5.0,4.5,True,True
2022-09-08,4.5,251,3,9,-0.9242907221930934,-0.3816892202666586,4.5,4.5,4.5,5.0,4.5,True,True
2022-09-09,4.5,252,4,9,-0.9307239310379793,-0.3657225234972692,4.5,4.5,4.5,5.0,4.5,True,True
2022-09-10,4.5,253,5,9,-0.9368813462954315,-0.34964745525122826,4.5,4.5,4.5,5.0,4.5,True,True
2022-09-11,4.5,254,6,9,-0.9427611433904206,-0.33346877891818705,4.5,4.5,4.5,5.0,4.5,True,True
2022-09-12,4.5,255,0,9,-0.9483615800121716,-0.31719128858910595,4.5,4.5,4.5,5.0,4.5,True,True
2022-09-13,4.5,256,1,9,-0.9536809966304455,-0.300819807635668,4.5,4.5,4.5,5.0,4.5,True,True
2022-09-14,4.5,257,2,9,-0.9587178169872964,-0.2843591872810036,4.5,4.5,4.5,5.0,4.5,True,True
2022-09-15,4.5,258,3,9,-0.9634705485641486,-0.26781430516217486,4.5,4.5,4.5,5.0,4.5,True,True
2022-09-16,4.5,259,4,9,-0.9679377830240642,-0.25119006388481957,4.5,4.5,4.5,5.0,4.5,True,True
2022-09-17,4.5,260,5,9,-0.9721181966290612,-0.23449138957041052,4.5,4.5,4.5,5.0,4.5,True,True
2022-09-18,4.5,261,6,9,-0.9760105506323682,-0.21772323039653224,4.5,4.5,4.5,5.0,4.5,True,True
2022-09-19,4.5,262,0,9,-0.9796136916454901,-0.20089055513063528,4.5,4.5,4.5,5.0,4.5,True,True
2022-09-20,4.5,263,1,9,-0.9829265519799822,-0.18399835165767986,4.5,4.5,4.5,5.0,4.5,True,True
2022-09-21,4.5,264,2,9,-0.9859481499638303,-0.1670516255021195,4.5,4.5,4.5,5.0,4.5,True,True
2022-09-22,4.5,265,3,9,-0.9886775902323404,-0.15005539834465262,4.5,4.5,4.5,5.0,4.5,True,True
2022-09-23,4.5,266,4,9,-0.9911140639934546,-0.13301470653419636,4.5,4.5,4.5,5.0,4.5,True,True
2022-09-24,4.5,267,5,9,-0.9932568492674143,-0.11593459959550066,4.5,4.5,4.5,5.0,4.5,True,True
2022-09-25,4.5,268,6,9,-0.9951053111006974,-0.09882013873287211,4.5,4.5,4.5,5.0,4.5,True,True
2022-09-26,4.5,269,0,9,-0.99665890175417,-0.08167639533042288,4.5,4.5,4.5,5.0,4.5,True,True
2022-09-27,4.5,270,1,9,-0.9979171608653922,-0.06450844944931625,4.5,4.5,4.5,5.0,4.5,True,True
2022-09-28,4.5,271,2,9,-0.9988797155850335,-0.04732138832243232,4.5,4.5,4.5,5.0,4.5,True,True
2022-09-29,4.5,272,3,9,-0.9995462806873573,-0.03012030484690836,4.5,4.5,4.5,5.0,4.5,True,True
2022-09-30,4.5,273,4,9,-0.9999166586547379,-0.012910296075008843,4.5,4.5,4.5,5.0,4.5,True,True
2022-10-01,4.5,274,5,10,-0.9999907397361901,0.004303538296243821,4.5,4.5,4.5,5.0,4.5,True,True
2022-10-02,4.5,275,6,10,-0.9997685019798909,0.021516097436222233,4.5,4.5,4.5,5.0,4.5,True,True
2022-10-03,4.5,276,0,10,-0.9992500112396835,0.03872228089217399,4.5,4.5,4.5,5.0,4.5,True,True
2022-10-04,4.5,277,1,10,-0.9984354211555643,0.05591699010060302,4.5,4.5,4.5,5.0,4.5,True,True
2022-10-05,4.5,278,2,10,-0.9973249731081555,0.07309512989807776,4.5,4.5,4.5,5.0,4.5,True,True
2022-10-06,4.5,279,3,10,-0.9959189961471792,0.0902516100310407,4.5,4.5,4.5,5.0,4.5,True,True
2022-10-07,4.5,280,4,10,-0.994217906893952,0.10738134666416306,4.5,4.5,4.5,5.0,4.5,True,True
2022-10-08,4.5,281,5,10,-0.9922222094179324,0.12447926388678869,4.5,4.5,4.5,5.0,4.5,True,True
2022-10-09,4.5,282,6,10,-0.989932495087353,0.141540295217043,4.5,4.5,4.5,5.0,4.5,True,True
2022-10-10,4.5,283,0,10,-0.9873494423939864,0.15855938510313475,4.5,4.5,4.5,5.0,4.5,True,True
2022-10-11,4.5,284,1,10,-0.9844738167520923,0.17553149042142777,4.5,4.5,4.5,5.0,4.5,True,True
2022-10-12,4.5,285,2,10,-0.9813064702716093,0.19245158197082995,4.5,4.5,4.5,5.0,4.5,True,True
2022-10-13,4.5,286,3,10,-0.9778483415056567,0.20931464596304888,4.5,4.5,4.5,5.0,4.5,True,True
2022-10-14,4.5,287,4,10,-0.9741004551724206,0.22611568550828803,4.5,4.5,4.5,5.0,4.5,True,True
2022-10-15,4.5,288,5,10,-0.970063921851507,0.2428497220959358,4.5,4.5,4.5,5.0,4.5,True,True
2022-10-16,4.5,289,6,10,-0.965739937654855,0.25951179706979943,4.5,4.5,4.5,5.0,4.5,True,True
2022-10-17,4.5,290,0,10,-0.9611297838723007,0.27609697309746883,4.5,4.5,4.5,5.0,4.5,True,True
2022-10-18,4.5,291,1,10,-0.9562348265919058,0.2926003356333479,4.5,4.5,4.5,5.0,4.5,True,True
2022-10-19,4.5,292,2,10,-0.9510565162951536,0.30901699437494723,4.5,4.5,4.5,5.0,4.5,True,True
2022-10-20,4.5,293,3,10,-0.9455963874271428,0.3253420847119795,4.5,4.5,4.5,5.0,4.5,True,True
2022-10-21,4.5,294,4,10,-0.9398560579418953,0.341570769167856,4.5,4.5,4.5,5.0,4.5,True,True
2022-10-22,4.5,295,5,10,-0.9338372288229252,0.35769823883312546,4.5,4.5,4.5,5.0,4.5,True,True
2022-10-23,4.5,296,6,10,-0.9275416835791965,0.3737197147904692,4.5,4.5,4.5,5.0,4.5,True,True
2022-10-24,4.5,297,0,10,-0.9209712877166347,0.38963044953078774,4.5,4.5,4.5,5.0,4.5,True,True
2022-10-25,4.5,298,1,10,-0.9141279881853337,0.4054257283599973,4.5,4.5,4.5,5.0,4.5,True,True
2022-10-26,4.5,299,2,10,-0.9070138128026362,0.42110087079608916,4.5,4.5,4.5,5.0,4.5,True,True
2022-10-27,4.5,300,3,10,-0.8996308696522434,0.4366512319560638,4.5,4.5,4.5,5.0,4.5,True,True
2022-10-28,4.5,301,4,10,-0.8919813464595487,0.45207220393230374,4.5,4.5,4.5,5.0,4.5,True,True
2022-10-29,4.5,302,5,10,-0.8840675099433637,0.46735921715800205,4.5,4.5,4.5,5.0,4.5,True,True
2022-10-30,4.5,303,6,10,-0.8758917051442433,0.48250774176121763,4.5,4.5,4.5,5.0,4.5,True,True
2022-10-31,4.5,304,0,10,-0.8674563547295971,0.4975132889071803,4.5,4.5,4.5,5.0,4.5,True,True
2022-11-01,4.5,305,1,11,-0.858763958275803,0.5123714121284235,4.5,4.5,4.5,5.0,4.5,True,True
2022-11-02,4.5,306,2,11,-0.8498170915275277,0.5270777086423724,4.5,4.5,4.5,5.0,4.5,True,True
2022-11-03,4.5,307,3,11,-0.8406184056344783,0.5416278206559811,4.5,4.5,4.5,5.0,4.5,True,True
2022-11-04,4.5,308,4,11,-0.8311706263658079,0.5560174366570446,4.5,4.5,4.5,5.0,4.5,True,True
2022-11-05,4.5,309,5,11,-0.8214765533024145,0.5702422926917867,4.5,4.5,4.5,5.0,4.5,True,True
2022-11-06,4.5,310,6,11,-0.8115390590073611,0.5842981736283683,4.5,4.5,4.5,5.0,4.5,True,True
2022-11-07,4.5,311,0,11,-0.801361088174677,0.5981809144059158,4.5,4.5,4.5,5.0,4.5,True,True
2022-11-08,4.5,312,1,11,-0.7909456567567774,0.6118864012687242,4.5,4.5,4.5,5.0,4.5,True,True
2022-11-09,4.5,313,2,11,-0.780295851070776,0.6254105729852457,4.5,4.5,4.5,5.0,4.5,True,True
2022-11-10,4.5,314,3,11,-0.7694148268839381,0.6387494220515268,4.5,4.5,4.5,5.0,4.5,True,True
2022-11-11,4.5,315,4,11,-0.7583058084785625,0.6518989958787125,4.5,4.5,4.5,5.0,4.5,True,True
2022-11-12,4.5,316,5,11,-0.7469720876965551,0.6648553979642866,4.5,4.5,4.5,5.0,4.5,True,True
2022-11-13,4.5,317,6,11,-0.7354170229639858,0.6776147890466887,4.5,4.5,4.5,5.0,4.5,True,True
2022-11-14,4.5,318,0,11,-0.7236440382959124,0.690173388242972,4.5,4.5,4.5,5.0,4.5,True,True
2022-11-15,4.5,319,1,11,-0.711656622281775,0.7025274741691566,4.5,4.5,4.5,5.0,4.5,True,True
2022-11-16,4.5,320,2,11,-0.6994583270516471,0.7146733860429608,4.5,4.5,4.5,5.0,4.5,True,True
2022-11-17,4.5,321,3,11,-0.6870527672236675,0.7266075247685652,4.5,4.5,4.5,5.0,4.5,True,True
2022-11-18,4.5,322,4,11,-0.6744436188329457,0.7383263540031063,4.5,4.5,4.5,5.0,4.5,True,True
2022-11-19,4.5,323,5,11,-0.661634618242279,0.749826401204568,4.5,4.5,4.5,5.0,4.5,True,True
2022-11-20,4.5,324,6,11,-0.6486295610349818,0.7611042586607742,4.5,4.5,4.5,5.0,4.5,True,True
2022-11-21,4.5,325,0,11,-0.6354323008901775,0.7721565844991641,4.5,4.5,4.5,5.0,4.5,True,True
2022-11-22,4.5,326,1,11,-0.622046748440868,0.7829801036770624,4.5,4.5,4.5,5.0,4.5,True,True
2022-11-23,4.5,327,2,11,-0.6084768701151264,0.7935716089521472,4.5,4.5,4.5,5.0,4.5,True,True
2022-11-24,4.5,328,3,11,-0.594726686960764,0.8039279618328208,4.5,4.5,4.5,5.0,4.5,True,True
2022-11-25,4.5,329,4,11,-0.5808002734538013,0.8140460935082175,4.5,4.5,4.5,5.0,4.5,True,True
2022-11-26,4.5,330,5,11,-0.5667017562911184,0.8239230057575536,4.5,4.5,4.5,5.0,4.5,True,True
2022-11-27,4.5,331,6,11,-0.5524353131676203,0.8335557718385695,4.5,4.5,4.5,5.0,4.5,True,True
2022-11-28,4.5,332,0,11,-0.5380051715382992,0.8429415373547832,4.5,4.5,4.5,5.0,4.5,True,True
2022-11-29,4.5,333,1,11,-0.5234156073655503,0.8520775211013093,4.5,4.5,4.5,5.0,4.5,True,True
2022-11-30,4.5,334,2,11,-0.5086709438521042,0.8609610158889945,4.5,4.5,4.5,5.0,4.5,True,True
2022-12-01,4.5,335,3,12,-0.49377555015997737,0.8695893893466109,4.5,4.5,4.5,5.0,4.5,True,True
2022-12-02,4.5,336,4,12,-0.4787338401157883,0.8779600847008883,4.5,4.5,4.5,5.0,4.5,True,True
2022-12-03,4.5,337,5,12,-0.4635502709028512,0.8860706215341378,4.5,4.5,4.5,5.0,4.5,True,True
2022-12-04,4.5,338,6,12,-0.4482293417404106,0.893918596519257,4.5,4.5,4.5,5.0,4.5,True,True
2022-12-05,4.5,339,0,12,-0.4327755925504317,0.9015016841318838,4.5,4.5,4.5,5.0,4.5,True,True
2022-12-06,4.5,340,1,12,-0.41719360261231697,0.9088176373395028,4.5,4.5,4.5,5.0,4.5,True,True
2022-12-07,4.5,341,2,12,-0.4014879892059737,0.9158642882672868,4.5,4.5,4.5,5.0,4.5,True,True
2022-12-08,4.5,342,3,12,-0.38566340624360745,0.9226395488404875,4.5,4.5,4.5,5.0,4.5,True,True
2022-12-09,4.5,343,4,12,-0.3697245428906732,0.9291414114031743,4.5,4.5,4.5,5.0,4.5,True,True
2022-12-10,4.5,344,5,12,-0.3536761221763721,0.935367949313148,4.5,4.5,4.5,5.0,4.5,True,True
2022-12-11,4.5,345,6,12,-0.33752289959411347,0.941317317512847,4.5,4.5,4.5,5.0,4.5,True,True
2022-12-12,4.5,346,0,12,-0.32126966169236515,0.9469877530760751,4.5,4.5,4.5,5.0,4.5,True,True
2022-12-13,4.5,347,1,12,-0.3049212246562894,0.9523775757303973,4.5,4.5,4.5,5.0,4.5,True,True
2022-12-14,4.5,348,2,12,-0.2884824328806098,0.9574851883550389,4.5,4.5,4.5,5.0,4.5,True,True
2022-12-15,4.5,349,3,12,-0.27195815753410524,0.9623090774541487,4.5,4.5,4.5,5.0,4.5,True,True
2022-12-16,4.5,350,4,12,-0.2553532951161881,0.9668478136052773,4.5,4.5,4.5,5.0,4.5,True,True
2022-12-17,4.5,351,5,12,-0.23867276600594997,0.9711000518829505,4.5,4.5,4.5,5.0,4.5,True,True
2022-12-18,4.5,352,6,12,-0.22192151300416674,0.9750645322571945,4.5,4.5,4.5,5.0,4.5,True,True
2022-12-19,4.5,353,0,12,-0.20510449986861926,0.9787400799669153,4.5,4.5,4.5,5.0,4.5,True,True
2022-12-20,4.5,354,1,12,-0.1882267098432439,0.9821256058680006,4.5,4.5,4.5,5.0,4.5,True,True
2022-12-21,4.5,355,2,12,-0.1712931441814778,0.9852201067560606,4.5,4.5,4.5,5.0,4.5,True,True
2022-12-22,4.5,356,3,12,-0.154308820664281,0.9880226656636976,4.5,4.5,4.5,5.0,4.5,True,True
2022-12-23,4.5,357,4,12,-0.13727877211326517,0.9905324521322227,4.5,4.5,4.5,5.0,4.5,True,True
2022-12-24,4.5,358,5,12,-0.12020804489935275,0.9927487224577402,4.5,4.5,4.5,5.0,4.5,True,True
2022-12-25,4.5,359,6,12,-0.10310169744743544,0.9946708199115211,4.5,4.5,4.5,5.0,4.5,True,True
2022-12-26,4.5,360,0,12,-0.0859647987374467,0.9962981749346077,4.5,4.5,4.5,5.0,4.5,True,True
2022-12-27,4.5,361,1,12,-0.06880242680232064,0.9976303053065857,4.5,4.5,4.5,5.0,4.5,True,True
2022-12-28,4.5,362,2,12,-0.05161966722325418,0.9986668162884759,4.5,4.5,4.5,5.0,4.5,True,True
2022-12-29,4.5,363,3,12,-0.034421611622745804,0.9994074007397048,4.5,4.5,4.5,5.0,4.5,True,True
2022-12-30,4.5,364,4,12,-0.01721335615583528,0.9998518392091162,4.5,4.5,4.5,5.0,4.5,True,True
2022-12-31,4.5,365,5,12,6.432490598706546e-16,1.0,4.5,4.5,4.5,5.0,4.5,True,True
2023-01-01,4.5,1,6,1,0.017213356155834685,0.9998518392091162,4.5,4.5,4.5,5.0,4.5,True,True
2023-01-02,4.5,2,0,1,0.03442161162274574,0.9994074007397048,4.5,4.5,4.5,5.0,4.5,True,True
2023-01-03,4.5,3,1,1,0.051619667223253764,0.998666816288476,4.5,4.5,4.5,5.0,4.5,True,True
2023-01-04,4.5,4,2,1,0.06880242680231986,0.9976303053065857,4.5,4.5,4.5,5.0,4.5,True,True
2023-01-05,4.5,5,3,1,0.08596479873744647,0.9962981749346078,4.5,4.5,4.5,5.0,4.5,True,True
2023-01-06,4.5,6,4,1,0.10310169744743485,0.9946708199115211,4.5,4.5,4.5,5.0,4.5,True,True
2023-01-07,4.5,7,5,1,0.1202080448993527,0.9927487224577402,4.5,4.5,4.5,5.0,4.5,True,True
2023-01-08,4.5,8,6,1,0.13727877211326478,0.9905324521322229,4.5,4.5,4.5,5.0,4.5,True,True
2023-01-09,4.5,9,0,1,0.15430882066428117,0.9880226656636976,4.5,4.5,4.5,5.0,4.5,True,True
2023-01-10,4.5,10,1,1,0.1712931441814776,0.9852201067560606,4.5,4.5,4.5,5.0,4.5,True,True
2023-01-11,4.5,11,2,1,0.1882267098432442,0.9821256058680006,4.5,4.5,4.5,5.0,4.5,True,True
2023-01-12,4.5,12,3,1,0.2051044998686192,0.9787400799669153,4.5,4.5,4.5,5.0,4.5,True,True
2023-01-13,4.5,13,4,1,0.2219215130041655,0.9750645322571948,4.5,4.5,4.5,5.0,4.5,True,True
2023-01-14,4.5,14,5,1,0.2386727660059501,0.9711000518829505,4.5,4.5,4.5,5.0,4.5,True,True
2023-01-15,4.5,15,6,1,0.255353295116187,0.9668478136052775,4.5,4.5,4.5,5.0,4.5,True,True
2023-01-16,4.5,16,0,1,0.2719581575341055,0.9623090774541486,4.5,4.5,4.5,5.0,4.5,True,True
2023-01-17,4.5,17,1,1,0.288482432880609,0.9574851883550393,4.5,4.5,4.5,5.0,4.5,True,True
2023-01-18,4.5,18,2,1,0.30492122465628907,0.9523775757303974,4.5,4.5,4.5,5.0,4.5,True,True
2023-01-19,4.5,19,3,1,0.3212696616923644,0.9469877530760753,4.5,4.5,4.5,5.0,4.5,True,True
2023-01-20,4.5,20,4,1,0.3375228995941133,0.9413173175128471,4.5,4.5,4.5,5.0,4.5,True,True
2023-01-21,4.5,21,5,1,0.3536761221763716,0.9353679493131483,4.5,4.5,4.5,5.0,4.5,True,True
2023-01-22,4.5,22,6,1,0.3697245428906731,0.9291414114031743,4.5,4.5,4.5,5.0,4.5,True,True
2023-01-23,4.5,23,0,1,0.38566340624360707,0.9226395488404876,4.5,4.5,4.5,5.0,4.5,True,True
2023-01-24,4.5,24,1,1,0.401487989205973,0.9158642882672872,4.5,4.5,4.5,5.0,4.5,True,True
2023-01-25,4.5,25,2,1,0.4171936026123168,0.9088176373395029,4.5,4.5,4.5,5.0,4.5,True,True
2023-01-26,4.5,26,3,1,0.4327755925504312,0.901501684131884,4.5,4.5,4.5,5.0,4.5,True,True
2023-01-27,4.5,27,4,1,0.4482293417404106,0.893918596519257,4.5,4.5,4.5,5.0,4.5,True,True
2023-01-28,4.5,28,5,1,0.4635502709028509,0.886070621534138,4.5,4.5,4.5,5.0,4.5,True,True
2023-01-29,4.5,29,6,1,0.47873384011578846,0.8779600847008882,4.5,4.5,4.5,5.0,4.5,True,True
2023-01-30,4.5,30,0,1,0.49377555015997715,0.869589389346611,4.5,4.5,4.5,5.0,4.5,True,True
2023-01-31,4.5,31,1,1,0.5086709438521044,0.8609610158889943,4.5,4.5,4.5,5.0,4.5,True,True
2023-02-01,4.5,32,2,2,0.5234156073655503,0.8520775211013093,4.5,4.5,4.5,5.0,4.5,True,True
2023-02-02,4.5,33,3,2,0.5380051715382996,0.8429415373547828,4.5,4.5,4.5,5.0,4.5,True,True
2023-02-03,4.5,34,4,2,0.5524353131676196,0.8335557718385699,4.5,4.5,4.5,5.0,4.5,True,True
2023-02-04,4.5,35,5,2,0.5667017562911176,0.8239230057575542,4.5,4.5,4.5,5.0,4.5,True,True
2023-02-05,4.5,36,6,2,0.5808002734538009,0.8140460935082178,4.5,4.5,4.5,5.0,4.5,True,True
2023-02-06,4.5,37,0,2,0.5947266869607634,0.8039279618328213,4.5,4.5,4.5,5.0,4.5,True,True
2023-02-07,4.5,38,1,2,0.6084768701151261,0.7935716089521474,4.5,4.5,4.5,5.0,4.5,True,True
2023-02-08,4.5,39,2,2,0.6220467484408675,0.7829801036770629,4.5,4.5,4.5,5.0,4.5,True,True
2023-02-09,4.5,40,3,2,0.6354323008901774,0.7721565844991642,4.5,4.5,4.5,5.0,4.5,True,True
2023-02-10,4.5,41,4,2,0.6486295610349814,0.7611042586607747,4.5,4.5,4.5,5.0,4.5,True,True
2023-02-11,4.5,42,5,2,0.6616346182422783,0.7498264012045686,4.5,4.5,4.5,5.0,4.5,True,True
2023-02-12,4.5,43,6,2,0.6744436188329455,0.7383263540031065,4.5,4.5,4.5,5.0,4.5,True,True
2023-02-13,4.5,44,0,2,0.6870527672236669,0.7266075247685656,4.5,4.5,4.5,5.0,4.5,True,True
2023-02-14,4.5,45,1,2,0.699458327051647,0.7146733860429609,4.5,4.5,4.5,5.0,4.5,True,True
2023-02-15,4.5,46,2,2,0.7116566222817746,0.7025274741691571,4.5,4.5,4.5,5.0,4.5,True,True
2023-02-16,4.5,47,3,2,0.7236440382959124,0.6901733882429719,4.5,4.5,4.5,5.0,4.5,True,True
2023-02-17,4.5,48,4,2,0.7354170229639855,0.6776147890466889,4.5,4.5,4.5,5.0,4.5,True,True
2023-02-18,4.5,49,5,2,0.7469720876965552,0.6648553979642865,4.5,4.5,4.5,5.0,4.5,True,True
2023-02-19,4.5,50,6,2,0.7583058084785624,0.6518989958787126,4.5,4.5,4.5,5.0,4.5,True,True
2023-02-20,4.5,51,0,2,0.7694148268839378,0.6387494220515272,4.5,4.5,4.5,5.0,4.5,True,True
2023-02-21,4.5,52,1,2,0.7802958510707755,0.6254105729852463,4.5,4.5,4.5,5.0,4.5,True,True
2023-02-22,4.5,53,2,2,0.7909456567567772,0.6118864012687243,4.5,4.5,4.5,5.0,4.5,True,True
2023-02-23,4.5,54,3,2,0.8013610881746766,0.5981809144059165,4.5,4.5,4.5,5.0,4.5,True,True
2023-02-24,4.5,55,4,2,0.8115390590073611,0.5842981736283684,4.5,4.5,4.5,5.0,4.5,True,True
2023-02-25,4.5,56,5,2,0.8214765533024142,0.5702422926917871,4.5,4.5,4.5,5.0,4.5,True,True
2023-02-26,4.5,57,6,2,0.8311706263658079,0.5560174366570446,4.5,4.5,4.5,5.0,4.5,True,True
2023-02-27,4.5,58,0,2,0.8406184056344782,0.5416278206559814,4.5,4.5,4.5,5.0,4.5,True,True
2023-02-28,4.5,59,1,2,0.8498170915275278,0.5270777086423722,4.5,4.5,4.5,5.0,4.5,True,True
2023-03-01,4.5,60,2,3,0.8587639582758029,0.5123714121284237,4.5,4.5,4.5,5.0,4.5,True,True
2023-03-02,4.6,61,3,3,0.8674563547295969,0.49751328890718066,4.5,4.5,4.5,5.2,4.503333333333333,True,True
2023-03-03,4.6,62,4,3,0.8758917051442429,0.48250774176121847,4.6,4.5,4.5,5.2,4.506666666666666,True,True
2023-03-04,4.6,63,5,3,0.8840675099433636,0.4673592171580022,4.6,4.5,4.5,5.2,4.51,True,True
2023-03-05,4.6,64,6,3,0.8919813464595485,0.45207220393230435,4.6,4.5,4.5,5.2,4.513333333333333,True,True
2023-03-06,4.6,65,0,3,0.8996308696522433,0.43665123195606403,4.6,4.5,4.5,5.2,4.516666666666667,True,True
2023-03-07,4.6,66,1,3,0.9070138128026359,0.4211008707960896,4.6,4.5,4.5,5.2,4.52,True,True
2023-03-08,4.6,67,2,3,0.9141279881853337,0.40542572835999735,4.6,4.5,4.5,5.2,4.5233333333333325,True,True
2023-03-09,4.6,68,3,3,0.9209712877166346,0.38963044953078796,4.6,4.6,4.5,5.2,4.526666666666666,True,True
2023-03-10,4.6,69,4,3,0.9275416835791966,0.37371971479046906,4.6,4.6,4.5,5.2,4.529999999999999,True,True
2023-03-11,4.6,70,5,3,0.9338372288229252,0.35769823883312546,4.6,4.6,4.5,5.2,4.533333333333333,True,True
2023-03-12,4.6,71,6,3,0.9398560579418954,0.3415707691678556,4.6,4.6,4.5,5.2,4.536666666666666,True,True
2023-03-13,4.6,72,0,3,0.9455963874271426,0.3253420847119801,4.6,4.6,4.5,5.2,4.54,True,True
2023-03-14,4.6,73,1,3,0.9510565162951535,0.30901699437494745,4.6,4.6,4.5,5.2,4.543333333333333,True,True
2023-03-15,4.6,74,2,3,0.9562348265919056,0.29260033563334836,4.6,4.6,4.5,5.2,4.546666666666666,True,True
2023-03-16,4.6,75,3,3,0.9611297838723007,0.27609697309746883,4.6,4.6,4.5,5.2,4.55,True,True
2023-03-17,4.6,76,4,3,0.9657399376548549,0.2595117970697999,4.6,4.6,4.5,5.2,4.553333333333333,True,True
2023-03-18,4.6,77,5,3,0.9700639218515071,0.2428497220959356,4.6,4.6,4.5,5.2,4.556666666666667,True,True
2023-03-19,4.6,78,6,3,0.9741004551724205,0.22611568550828828,4.6,4.6,4.5,5.2,4.56,True,True
2023-03-20,4.6,79,0,3,0.9778483415056568,0.20931464596304847,4.6,4.6,4.5,5.2,4.563333333333333,True,True
2023-03-21,4.6,80,1,3,0.9813064702716093,0.19245158197082998,4.6,4.6,4.5,5.2,4.5666666666666655,True,True
2023-03-22,4.6,81,2,3,0.9844738167520922,0.1755314904214282,4.6,4.6,4.5,5.2,4.569999999999999,True,True
2023-03-23,4.6,82,3,3,0.9873494423939864,0.15855938510313475,4.6,4.6,4.5,5.2,4.573333333333333,True,True
2023-03-24,4.6,83,4,3,0.989932495087353,0.141540295217043,4.6,4.6,4.5,5.2,4.576666666666666,True,True
2023-03-25,4.6,84,5,3,0.9922222094179323,0.12447926388678915,4.6,4.6,4.5,5.2,4.579999999999999,True,True
2023-03-26,4.6,85,6,3,0.994217906893952,0.10738134666416309,4.6,4.6,4.5,5.2,4.583333333333332,True,True
2023-03-27,4.6,86,0,3,0.995918996147179,0.09025161003104117,4.6,4.6,4.5,5.2,4.586666666666667,True,True
2023-03-28,4.6,87,1,3,0.9973249731081555,0.07309512989807777,4.6,4.6,4.5,5.2,4.59,True,True
2023-03-29,4.6,88,2,3,0.9984354211555643,0.055916990100603484,4.6,4.6,4.5,5.2,4.593333333333333,True,True
2023-03-30,4.6,89,3,3,0.9992500112396835,0.03872228089217446,4.6,4.6,4.5,5.2,4.596666666666666,True,True
2023-03-31,4.6,90,4,3,0.9997685019798909,0.021516097436222254,4.6,4.6,4.5,5.2,4.6,True,True
2023-04-01,4.6,91,5,4,0.9999907397361901,0.004303538296244289,4.6,4.6,4.6,5.2,4.6,True,True
2023-04-02,4.6,92,6,4,0.9999166586547379,-0.01291029607500882,4.6,4.6,4.6,5.2,4.6,True,True
2023-04-03,4.6,93,0,4,0.9995462806873573,-0.030120304846908114,4.6,4.6,4.6,5.2,4.6,True,True
2023-04-04,4.6,94,1,4,0.9988797155850336,-0.04732138832243185,4.6,4.6,4.6,5.2,4.6,True,True
2023-04-05,4.6,95,2,4,0.9979171608653922,-0.06450844944931623,4.6,4.6,4.6,5.2,4.6,True,True
2023-04-06,4.6,96,3,4,0.9966589017541702,-0.08167639533042241,4.6,4.6,4.6,5.2,4.6,True,True
2023-04-07,4.6,97,4,4,0.9951053111006976,-0.09882013873287143,4.6,4.6,4.6,5.2,4.6,True,True
2023-04-08,4.6,98,5,4,0.9932568492674143,-0.11593459959550041,4.6,4.6,4.6,5.2,4.6,True,True
2023-04-09,4.6,99,6,4,0.9911140639934547,-0.1330147065341959,4.6,4.6,4.6,5.2,4.6,True,True
2023-04-10,4.6,100,0,4,0.9886775902323405,-0.1500553983446526,4.6,4.6,4.6,5.2,4.6,True,True
2023-04-11,4.6,101,1,4,0.9859481499638304,-0.16705162550211924,4.6,4.6,4.6,5.2,4.6,True,True
2023-04-12,4.6,102,2,4,0.9829265519799822,-0.18399835165768005,4.6,4.6,4.6,5.2,4.6,True,True
2023-04-13,4.6,103,3,4,0.9796136916454901,-0.20089055513063506,4.6,4.6,4.6,5.2,4.6,True,True
2023-04-14,4.6,104,4,4,0.9760105506323683,-0.21772323039653177,4.6,4.6,4.6,5.2,4.6,True,True
2023-04-15,4.6,105,5,4,0.9721181966290613,-0.23449138957040985,4.6,4.6,4.6,5.2,4.6,True,True
2023-04-16,4.6,106,6,4,0.9679377830240642,-0.25119006388481935,4.6,4.6,4.6,5.2,4.6,True,True
2023-04-17,4.6,107,0,4,0.9634705485641488,-0.2678143051621742,4.6,4.6,4.6,5.2,4.6,True,True
2023-04-18,4.6,108,1,4,0.9587178169872964,-0.2843591872810034,4.6,4.6,4.6,5.2,4.6,True,True
2023-04-19,4.6,109,2,4,0.9536809966304457,-0.30081980763566735,4.6,4.6,4.6,5.2,4.6,True,True
2023-04-20,4.6,110,3,4,0.9483615800121715,-0.3171912885891061,4.6,4.6,4.6,5.2,4.6,True,True
2023-04-21,4.6,111,4,4,0.9427611433904207,-0.3334687789181868,4.6,4.6,4.6,5.2,4.6,True,True
2023-04-22,4.6,112,5,4,0.9368813462954315,-0.3496474552512284,4.6,4.6,4.6,5.2,4.6,True,True
2023-04-23,4.6,113,6,4,0.9307239310379795,-0.36572252349726897,4.6,4.6,4.6,5.2,4.6,True,True
2023-04-24,4.6,114,0,4,0.9242907221930933,-0.3816892202666588,4.6,4.6,4.6,5.2,4.6,True,True
2023-04-25,4.6,115,1,4,0.9175836260593937,-0.39754281428255595,4.6,4.6,4.6,5.2,4.6,True,True
2023-04-26,4.6,116,2,4,0.9106046300942162,-0.4132786077829042,4.6,4.6,4.6,5.2,4.6,True,True
2023-04-27,4.6,117,3,4,0.9033558023246845,-0.4288919379124835,4.6,4.6,4.6,5.2,4.6,True,True
2023-04-28,4.6,118,4,4,0.895839290734909,-0.4443781781046132,4.6,4.6,4.6,5.2,4.6,True,True
2023-04-29,4.591666666666667,119,5,4,0.8880573226294932,-0.45973273945210397,4.6,4.6,4.6,5.2,4.599722222222223,True,True
2023-04-30,4.583333333333333,120,6,4,0.8800122039735357,-0.47495107206704995,4.591666666666667,4.6,4.6,5.2,4.599166666666666,True,True
2023-05-01,4.574999999999999,121,0,5,0.8717063187093218,-0.4900286664290592,4.583333333333333,4.6,4.6,5.2,4.598333333333334,True,True
2023-05-02,4.566666666666666,122,1,5,0.8631421280499114,-0.5049610547215204,4.574999999999999,4.6,4.6,5.2,4.597222222222222,True,True
2023-05-03,4.558333333333334,123,2,5,0.854322169749827,-0.5197438121555155,4.566666666666666,4.6,4.6,5.2,4.595833333333333,True,True
2023-05-04,4.55,124,3,5,0.8452490573530633,-0.5343725582809786,4.558333333333334,4.6,4.6,5.2,4.594166666666666,True,True
2023-05-05,4.541666666666666,125,4,5,0.8359254794186372,-0.548842958284719,4.55,4.6,4.6,5.2,4.5922222222222215,True,True
2023-05-06,4.533333333333333,126,5,5,0.8263541987239096,-0.5631507242749186,4.541666666666666,4.591666666666667,4.6,5.2,4.59,True,True
2023-05-07,4.525,127,6,5,0.8165380514459161,-0.5772916165517272,4.533333333333333,4.583333333333333,4.6,5.2,4.5874999999999995,True,True
2023-05-08,4.516666666666667,128,0,5,0.8064799463209448,-0.5912614448635781,4.525,4.574999999999999,4.6,5.2,4.584722222222222,True,True
2023-05-09,4.508333333333333,129,1,5,0.7961828637826158,-0.6050560696488488,4.516666666666667,4.566666666666666,4.6,5.2,4.581666666666666,True,True
2023-05-10,4.5,130,2,5,0.7856498550787147,-0.6186714032625031,4.508333333333333,4.558333333333334,4.6,5.2,4.578333333333333,True,True
2023-05-11,4.5,131,3,5,0.7748840413670407,-0.6321034111873487,4.5,4.55,4.6,5.2,4.575,True,True
2023-05-12,4.5,132,4,5,0.7638886127905428,-0.6453481132295501,4.5,4.541666666666666,4.6,5.2,4.571666666666666,True,True
2023-05-13,4.5,133,5,5,0.7526668275320085,-0.6584015846980488,4.5,4.533333333333333,4.6,5.2,4.5683333333333325,True,True
2023-05-14,4.5,134,6,5,0.7412220108485958,-0.6712599575675313,4.5,4.525,4.6,5.2,4.5649999999999995,True,True
2023-05-15,4.5,135,0,5,0.7295575540864875,-0.6839194216246106,4.5,4.516666666666667,4.6,5.2,4.5616666666666665,True,True
2023-05-16,4.5,136,1,5,0.717676913675962,-0.6963762255968722,4.5,4.508333333333333,4.6,5.2,4.558333333333334,True,True
2023-05-17,4.5,137,2,5,0.705583610107178,-0.7086266782644596,4.5,4.5,4.6,5.2,4.554999999999999,True,True
2023-05-18,4.5,138,3,5,0.6932812268869777,-0.7206671495538609,4.5,4.5,4.6,5.2,4.551666666666666,True,True
2023-05-19,4.5,139,4,5,0.6807734094770161,-0.7324940716135789,4.5,4.5,4.6,5.2,4.548333333333333,True,True
2023-05-20,4.5,140,5,5,0.6680638642135335,-0.7441039398713607,4.5,4.5,4.6,5.2,4.545,True,True
2023-05-21,4.5,141,6,5,0.6551563572090853,-0.7554933140726803,4.5,4.5,4.6,5.2,4.541666666666667,True,True
2023-05-22,4.5,142,0,5,0.6420547132365637,-0.766658819300159,4.5,4.5,4.6,5.2,4.538333333333333,True,True
2023-05-23,4.5,143,1,5,0.6287628145958344,-0.7775971469736269,4.5,4.5,4.6,5.2,4.534999999999999,True,True
2023-05-24,4.5,144,2,5,0.6152845999633276,-0.7883050558305255,4.5,4.5,4.6,5.2,4.531666666666666,True,True
2023-05-25,4.5,145,3,5,0.6016240632249226,-0.7987793728863649,4.5,4.5,4.6,5.2,4.528333333333333,True,True
2023-05-26,4.5,146,4,5,0.5877852522924732,-0.8090169943749473,4.5,4.5,4.6,5.2,4.525,True,True
2023-05-27,4.5,147,5,5,0.5737722679043246,-0.8190148866680801,4.5,4.5,4.6,5.2,4.5216666666666665,True,True
2023-05-28,4.5,148,6,5,0.5595892624101765,-0.8287700871745038,4.5,4.5,4.6,5.2,4.518333333333333,True,True
2023-05-29,4.5,149,0,5,0.545240438540651,-0.8382797052177744,4.5,4.5,4.591666666666667,5.2,4.5152777777777775,True,True
2023-05-30,4.5,150,1,5,0.5307300481619334,-0.8475409228928311,4.5,4.5,4.583333333333333,5.2,4.5125,True,True
2023-05-31,4.5,151,2,5,0.5160623910158528,-0.8565509959010036,4.5,4.5,4.574999999999999,5.2,4.51,True,True
2023-06-01,4.5,152,3,6,0.5012418134457758,-0.865307254363206,4.5,4.5,4.566666666666666,5.2,4.507777777777777,True,True
2023-06-02,4.5,153,4,6,0.48627270710868997,-0.8738071036110808,4.5,4.5,4.558333333333334,5.2,4.5058333333333325,True,True
2023-06-03,4.5,154,5,6,0.4711595076738638,-0.8820480249558537,4.5,4.5,4.55,5.2,4.504166666666666,True,True
2023-06-04,4.5,155,6,6,0.4559066935084588,-0.8900275764346767,4.5,4.5,4.541666666666666,5.2,4.502777777777778,True,True
2023-06-05,4.5,156,0,6,0.440518784350495,-0.8977433935342337,4.5,4.5,4.533333333333333,5.2,4.501666666666667,True,True
2023-06-06,4.5,157,1,6,0.42500033996955416,-0.9051931898913974,4.5,4.5,4.525,5.2,4.5008333333333335,True,True
2023-06-07,4.5,158,2,6,0.4093559588156213,-0.9123747579707273,4.5,4.5,4.516666666666667,5.2,4.500277777777778,True,True
2023-06-08,4.5,159,3,6,0.39359027665646673,-0.9192859697186104,4.5,4.5,4.508333333333333,5.2,4.5,True,True
2023-06-09,4.5,160,4,6,0.3777079652039649,-0.9259247771938498,4.5,4.5,4.5,5.2,4.5,True,True
2023-06-10,4.5,161,5,6,0.36171373072976765,-0.9322892131745133,4.5,4.5,4.5,5.2,4.5,True,True
2023-06-11,4.5,162,6,6,0.3456123126707335,-0.9383773917408641,4.5,4.5,4.5,5.2,4.5,True,True
2023-06-12,4.5,163,0,6,0.3294084822245304,-0.9441875088341993,4.5,4.5,4.5,5.2,4.5,True,True
2023-06-13,4.5,164,1,6,0.3131070409358269,-0.9497178427914316,4.5,4.5,4.5,5.2,4.5,True,True
2023-06-14,4.5,165,2,6,0.29671281927349075,-0.9549667548552551,4.5,4.5,4.5,5.2,4.5,True,True
2023-06-15,4.5,166,3,6,0.28023067519921585,-0.9599326896597447,4.5,4.5,4.5,5.2,4.5,True,True
2023-06-16,4.5,167,4,6,0.26366549272800704,-0.9646141756912435,4.5,4.5,4.5,5.2,4.5,True,True
2023-06-17,4.5,168,5,6,0.24702218048093552,-0.9690098257244062,4.5,4.5,4.5,5.2,4.5,True,True
2023-06-18,4.5,169,6,6,0.23030567023061221,-0.9731183372332619,4.5,4.5,4.5,5.2,4.5,True,True
2023-06-19,4.5,170,0,6,0.21352091543979612,-0.9769384927771817,4.5,4.5,4.5,5.2,4.5,True,True
2023-06-20,4.5,171,1,6,0.19667288979357647,-0.980469160361632,4.5,4.5,4.5,5.2,4.5,True,True
2023-06-21,4.5,172,2,6,0.1797665857255624,-0.9837092937736097,4.5,4.5,4.5,5.2,4.5,True,True
2023-06-22,4.5,173,3,6,0.16280701293851715,-0.986657932891657,4.5,4.5,4.5,5.2,4.5,True,True
2023-06-23,4.5,174,4,6,0.1457991969198751,-0.9893142039703663,4.5,4.5,4.5,5.2,4.5,True,True
2023-06-24,4.5,175,5,6,0.12874817745258132,-0.99167731989929,4.5,4.5,4.5,5.2,4.5,True,True
2023-06-25,4.5,176,6,6,0.11165900712169512,-0.993746580436178,4.5,4.5,4.5,5.2,4.5,True,True
2023-06-26,4.5,177,0,6,0.09453674981719912,-0.9955213724144752,4.5,4.5,4.5,5.2,4.5,True,True
2023-06-27,4.5,178,1,6,0.07738647923346301,-0.9970011699250151,4.5,4.5,4.5,5.2,4.5,True,True
2023-06-28,4.5,179,2,6,0.06021327736579302,-0.9981855344718586,4.5,4.5,4.5,5.2,4.5,True,True
2023-06-29,4.5,180,3,6,0.04302223300453059,-0.99907411510223,4.5,4.5,4.5,5.2,4.5,True,True
2023-06-30,4.5,181,4,6,0.02581844022713308,-0.9996666485105112,4.5,4.5,4.5,5.2,4.5,True,True
2023-07-01,4.5,182,5,7,0.008606996888688698,-0.9999629591162655,4.5,4.5,4.5,5.2,4.5,True,True
2023-07-02,4.5,183,6,7,-0.008606996888688009,-0.9999629591162655,4.5,4.5,4.5,5.2,4.5,True,True
2023-07-03,4.5,184,0,7,-0.02581844022713239,-0.9996666485105112,4.5,4.5,4.5,5.2,4.5,True,True
2023-07-04,4.5,185,1,7,-0.04302223300453034,-0.99907411510223,4.5,4.5,4.5,5.2,4.5,True,True
2023-07-05,4.5,186,2,7,-0.060213277365792774,-0.9981855344718586,4.5,4.5,4.5,5.2,4.5,True,True
2023-07-06,4.5,187,3,7,-0.07738647923346322,-0.9970011699250151,4.5,4.5,4.5,5.2,4.5,True,True
2023-07-07,4.5,188,4,7,-0.09453674981719933,-0.9955213724144752,4.5,4.5,4.5,5.2,4.5,True,True
2023-07-08,4.5,189,5,7,-0.11165900712169444,-0.9937465804361781,4.5,4.5,4.5,5.2,4.5,True,True
2023-07-09,4.5,190,6,7,-0.12874817745258066,-0.99167731989929,4.5,4.5,4.5,5.2,4.5,True,True
2023-07-10,4.5,191,0,7,-0.14579919691987442,-0.9893142039703664,4.5,4.5,4.5,5.2,4.5,True,True
2023-07-11,4.5,192,1,7,-0.16280701293851646,-0.9866579328916572,4.5,4.5,4.5,5.2,4.5,True,True
2023-07-12,4.5,193,2,7,-0.17976658572556214,-0.9837092937736098,4.5,4.5,4.5,5.2,4.5,True,True
2023-07-13,4.5,194,3,7,-0.19667288979357622,-0.9804691603616321,4.5,4.5,4.5,5.2,4.5,True,True
2023-07-14,4.5,195,4,7,-0.2135209154397959,-0.9769384927771817,4.5,4.5,4.5,5.2,4.5,True,True
2023-07-15,4.5,196,5,7,-0.23030567023061196,-0.973118337233262,4.5,4.5,4.5,5.2,4.5,True,True
2023-07-16,4.5,197,6,7,-0.24702218048093527,-0.9690098257244063,4.5,4.5,4.5,5.2,4.5,True,True
2023-07-17,4.5,198,0,7,-0.2636654927280072,-0.9646141756912435,4.5,4.5,4.5,5.2,4.5,True,True
2023-07-18,4.5,199,1,7,-0.2802306751992161,-0.9599326896597445,4.5,4.5,4.5,5.2,4.5,True,True
2023-07-19,4.5,200,2,7,-0.2967128192734901,-0.9549667548552553,4.5,4.5,4.5,5.2,4.5,True,True
2023-07-20,4.5,201,3,7,-0.3131070409358267,-0.9497178427914317,4.5,4.5,4.5,5.2,4.5,True,True
2023-07-21,4.5,202,4,7,-0.3294084822245302,-0.9441875088341994,4.5,4.5,4.5,5.2,4.5,True,True
2023-07-22,4.5,203,5,7,-0.3456123126707333,-0.9383773917408642,4.5,4.5,4.5,4.5,4.5,True,True
2023-07-23,4.5,204,6,7,-0.3617137307297674,-0.9322892131745134,4.5,4.5,4.5,4.5,4.5,True,True
2023-07-24,4.5,205,0,7,-0.37770796520396466,-0.9259247771938499,4.5,4.5,4.5,4.5,4.5,True,True
2023-07-25,4.5,206,1,7,-0.39359027665646645,-0.9192859697186105,4.5,4.5,4.5,4.5,4.5,True,True
2023-07-26,4.5,207,2,7,-0.4093559588156211,-0.9123747579707274,4.5,4.5,4.5,4.5,4.5,True,True
2023-07-27,4.5,208,3,7,-0.42500033996955394,-0.9051931898913975,4.5,4.5,4.5,4.5,4.5,True,True
2023-07-28,4.5,209,4,7,-0.4405187843504952,-0.8977433935342336,4.5,4.5,4.5,4.5,4.5,True,True
2023-07-29,4.5,210,5,7,-0.455906693508459,-0.8900275764346766,4.5,4.5,4.5,4.5,4.5,True,True
2023-07-30,4.5,211,6,7,-0.47115950767386394,-0.8820480249558535,4.5,4.5,4.5,4.5,4.5,True,True
2023-07-31,4.5,212,0,7,-0.4862727071086902,-0.8738071036110807,4.5,4.5,4.5,4.5,4.5,True,True
2023-08-01,4.5,213,1,8,-0.5012418134457756,-0.8653072543632061,4.5,4.5,4.5,4.5,4.5,True,True
2023-08-02,4.5,214,2,8,-0.5160623910158526,-0.8565509959010037,4.5,4.5,4.5,4.5,4.5,True,True
2023-08-03,4.5,215,3,8,-0.5307300481619331,-0.8475409228928312,4.5,4.5,4.5,4.5,4.5,True,True
2023-08-04,4.5,216,4,8,-0.5452404385406507,-0.8382797052177745,4.5,4.5,4.5,4.5,4.5,True,True
2023-08-05,4.5,217,5,8,-0.5595892624101763,-0.828770087174504,4.5,4.5,4.5,4.5,4.5,True,True
2023-08-06,4.5,218,6,8,-0.5737722679043243,-0.8190148866680802,4.5,4.5,4.5,4.5,4.5,True,True
2023-08-07,4.5,219,0,8,-0.5877852522924734,-0.8090169943749472,4.5,4.5,4.5,4.5,4.5,True,True
2023-08-08,4.5,220,1,8,-0.6016240632249227,-0.7987793728863648,4.5,4.5,4.5,4.5,4.5,True,True
2023-08-09,4.5,221,2,8,-0.6152845999633277,-0.7883050558305253,4.5,4.5,4.5,4.5,4.5,True,True
2023-08-10,4.5,222,3,8,-0.6287628145958345,-0.7775971469736268,4.5,4.5,4.5,4.5,4.5,True,True
