pubDate,avgPrice,day_of_year,day_of_week,month,doy_sin,doy_cos,avgPrice_lag_1,avgPrice_lag_7,avgPrice_lag_30,avgPrice_lag_365,avgPrice_MA_30,specInfo_5L/桶,prodPcat_食用油
2022-07-20,60.25,201,2,7,-0.3131070409358267,-0.9497178427914317,60.275,60.425,62.75,47.5,60.875,True,True
2022-07-21,60.14818181818182,202,3,7,-0.3294084822245302,-0.9441875088341994,60.25,60.4,62.55,47.5,60.7949393939394,True,True
2022-07-22,60.04636363636364,203,4,7,-0.3456123126707333,-0.9383773917408642,60.14818181818182,60.375,62.35,47.5,60.71815151515151,True,True
2022-07-23,59.944545454545455,204,5,7,-0.3617137307297674,-0.9322892131745134,60.04636363636364,60.35,62.15,47.5,60.644636363636366,True,True
2022-07-24,59.842727272727274,205,6,7,-0.37770796520396466,-0.9259247771938499,59.944545454545455,60.325,61.95,47.5,60.57439393939394,True,True
2022-07-25,59.74090909090909,206,0,7,-0.39359027665646645,-0.9192859697186105,59.842727272727274,60.3,61.75,47.5,60.50742424242424,True,True
2022-07-26,59.63909090909091,207,1,7,-0.4093559588156211,-0.9123747579707274,59.74090909090909,60.275,61.55,47.5,60.44372727272727,True,True
2022-07-27,59.53727272727273,208,2,7,-0.42500033996955394,-0.9051931898913975,59.63909090909091,60.25,61.35,47.5,60.38330303030303,True,True
2022-07-28,59.43545454545455,209,3,7,-0.4405187843504952,-0.8977433935342336,59.53727272727273,60.14818181818182,61.15,47.5,60.326151515151516,True,True
2022-07-29,59.333636363636366,210,4,7,-0.455906693508459,-0.8900275764346766,59.43545454545455,60.04636363636364,60.95,47.5,60.27227272727273,True,True
2022-07-30,59.231818181818184,211,5,7,-0.47115950767386394,-0.8820480249558535,59.333636363636366,59.944545454545455,60.75,47.5,60.22166666666667,True,True
2022-07-31,59.13,212,6,7,-0.4862727071086902,-0.8738071036110807,59.231818181818184,59.842727272727274,60.725,47.5,60.1685,True,True
2022-08-01,59.167,213,0,8,-0.5012418134457756,-0.8653072543632061,59.13,59.74090909090909,60.7,47.5,60.1174,True,True
2022-08-02,59.204,214,1,8,-0.5160623910158526,-0.8565509959010037,59.167,59.63909090909091,60.675,47.5,60.06836666666667,True,True
2022-08-03,59.241,215,2,8,-0.5307300481619331,-0.8475409228928312,59.204,59.53727272727273,60.65,47.5,60.0214,True,True
2022-08-04,59.278,216,3,8,-0.5452404385406507,-0.8382797052177745,59.241,59.43545454545455,60.625,47.5,59.9765,True,True
2022-08-05,59.315,217,4,8,-0.5595892624101763,-0.828770087174504,59.278,59.333636363636366,60.6,47.5,59.933666666666674,True,True
2022-08-06,59.352000000000004,218,5,8,-0.5737722679043243,-0.8190148866680802,59.315,59.231818181818184,60.575,47.5,59.892900000000004,True,True
2022-08-07,59.389,219,6,8,-0.5877852522924734,-0.8090169943749472,59.352000000000004,59.13,60.55,47.5,59.854200000000006,True,True
2022-08-08,59.426,220,0,8,-0.6016240632249227,-0.7987793728863648,59.389,59.167,60.525,47.5,59.81756666666667,True,True
2022-08-09,59.463,221,1,8,-0.6152845999633277,-0.7883050558305253,59.426,59.204,60.5,47.5,59.783,True,True
2022-08-10,59.5,222,2,8,-0.6287628145958345,-0.7775971469736268,59.463,59.241,60.475,47.5,59.7505,True,True
2022-08-11,59.42857142857143,223,3,8,-0.6420547132365636,-0.7666588193001592,59.5,59.278,60.45,47.5,59.71645238095239,True,True
2022-08-12,59.357142857142854,224,4,8,-0.655156357209085,-0.7554933140726804,59.42857142857143,59.315,60.425,47.5,59.68085714285714,True,True
2022-08-13,59.285714285714285,225,5,8,-0.6680638642135333,-0.7441039398713608,59.357142857142854,59.352000000000004,60.4,47.5,59.64371428571429,True,True
2022-08-14,59.214285714285715,226,6,8,-0.6807734094770159,-0.7324940716135792,59.285714285714285,59.389,60.375,47.5,59.60502380952381,True,True
2022-08-15,59.142857142857146,227,0,8,-0.6932812268869771,-0.7206671495538615,59.214285714285715,59.426,60.35,47.5,59.56478571428571,True,True
2022-08-16,59.07142857142857,228,1,8,-0.7055836101071774,-0.70862667826446,59.142857142857146,59.463,60.325,47.5,59.523,True,True
2022-08-17,59.0,229,2,8,-0.7176769136759615,-0.6963762255968726,59.07142857142857,59.5,60.3,47.5,59.47966666666667,True,True
2022-08-18,58.92857142857143,230,3,8,-0.7295575540864876,-0.6839194216246105,59.0,59.42857142857143,60.275,47.5,59.43478571428571,True,True
2022-08-19,58.857142857142854,231,4,8,-0.7412220108485957,-0.6712599575675315,58.92857142857143,59.357142857142854,60.25,47.5,59.38835714285714,True,True
2022-08-20,58.785714285714285,232,5,8,-0.7526668275320083,-0.6584015846980489,58.857142857142854,59.285714285714285,60.14818181818182,47.5,59.34294155844156,True,True
2022-08-21,58.714285714285715,233,6,8,-0.7638886127905429,-0.64534811322955,58.785714285714285,59.214285714285715,60.04636363636364,47.59090909090909,59.29853896103896,True,True
2022-08-22,58.642857142857146,234,0,8,-0.7748840413670406,-0.6321034111873488,58.714285714285715,59.142857142857146,59.944545454545455,47.68181818181818,59.25514935064935,True,True
2022-08-23,58.57142857142857,235,1,8,-0.7856498550787144,-0.6186714032625032,58.642857142857146,59.07142857142857,59.842727272727274,47.77272727272727,59.21277272727273,True,True
2022-08-24,58.5,236,2,8,-0.7961828637826154,-0.6050560696488494,58.57142857142857,59.0,59.74090909090909,47.86363636363637,59.17140909090909,True,True
2022-08-25,58.42857142857143,237,3,8,-0.8064799463209447,-0.5912614448635782,58.5,58.92857142857143,59.63909090909091,47.95454545454545,59.13105844155845,True,True
2022-08-26,58.357142857142854,238,4,8,-0.8165380514459157,-0.5772916165517278,58.42857142857143,58.857142857142854,59.53727272727273,48.04545454545455,59.09172077922077,True,True
2022-08-27,58.285714285714285,239,5,8,-0.8263541987239094,-0.5631507242749187,58.357142857142854,58.785714285714285,59.43545454545455,48.13636363636363,59.05339610389611,True,True
2022-08-28,58.214285714285715,240,6,8,-0.8359254794186365,-0.5488429582847199,58.285714285714285,58.714285714285715,59.333636363636366,48.22727272727273,59.01608441558441,True,True
2022-08-29,58.142857142857146,241,0,8,-0.8452490573530634,-0.5343725582809785,58.214285714285715,58.642857142857146,59.231818181818184,48.31818181818182,58.97978571428571,True,True
2022-08-30,58.07142857142857,242,1,8,-0.8543221697498269,-0.5197438121555157,58.142857142857146,58.57142857142857,59.13,48.40909090909091,58.9445,True,True
2022-08-31,58.0,243,2,8,-0.8631421280499115,-0.5049610547215202,58.07142857142857,58.5,59.167,48.5,58.9056,True,True
2022-09-01,58.0,244,3,9,-0.8717063187093217,-0.4900286664290594,58.0,58.42857142857143,59.204,48.5,58.86546666666666,True,True
2022-09-02,58.0,245,4,9,-0.8800122039735356,-0.4749510720670502,58.0,58.357142857142854,59.241,48.5,58.8241,True,True
2022-09-03,58.0,246,5,9,-0.888057322629493,-0.4597327394521046,58.0,58.285714285714285,59.278,48.5,58.7815,True,True
2022-09-04,58.0,247,6,9,-0.8958392907349089,-0.4443781781046134,58.0,58.214285714285715,59.315,48.5,58.73766666666667,True,True
2022-09-05,58.0,248,0,9,-0.9033558023246842,-0.4288919379124841,58.0,58.142857142857146,59.352000000000004,48.5,58.6926,True,True
2022-09-06,58.0,249,1,9,-0.9106046300942162,-0.41327860778290443,58.0,58.07142857142857,59.389,48.5,58.6463,True,True
2022-09-07,58.0,250,2,9,-0.9175836260593934,-0.3975428142825566,58.0,58.0,59.426,48.5,58.59876666666666,True,True
2022-09-08,58.0,251,3,9,-0.9242907221930934,-0.3816892202666586,58.0,58.0,59.463,48.5,58.55,True,True
2022-09-09,58.0,252,4,9,-0.9307239310379793,-0.3657225234972692,58.0,58.0,59.5,48.5,58.5,True,True
2022-09-10,58.0,253,5,9,-0.9368813462954315,-0.34964745525122826,58.0,58.0,59.42857142857143,48.5,58.45238095238095,True,True
2022-09-11,58.0,254,6,9,-0.9427611433904206,-0.33346877891818705,58.0,58.0,59.357142857142854,48.5,58.40714285714286,True,True
2022-09-12,58.0,255,0,9,-0.9483615800121716,-0.31719128858910595,58.0,58.0,59.285714285714285,48.5,58.364285714285714,True,True
2022-09-13,58.0,256,1,9,-0.9536809966304455,-0.300819807635668,58.0,58.0,59.214285714285715,48.5,58.32380952380952,True,True
2022-09-14,58.0,257,2,9,-0.9587178169872964,-0.2843591872810036,58.0,58.0,59.142857142857146,48.5,58.285714285714285,True,True
2022-09-15,58.0,258,3,9,-0.9634705485641486,-0.26781430516217486,58.0,58.0,59.07142857142857,48.5,58.25,True,True
2022-09-16,58.0,259,4,9,-0.9679377830240642,-0.25119006388481957,58.0,58.0,59.0,48.5,58.21666666666667,True,True
2022-09-17,58.0,260,5,9,-0.9721181966290612,-0.23449138957041052,58.0,58.0,58.92857142857143,48.5,58.18571428571428,True,True
2022-09-18,58.0,261,6,9,-0.9760105506323682,-0.21772323039653224,58.0,58.0,58.857142857142854,48.5,58.15714285714286,True,True
2022-09-19,58.0,262,0,9,-0.9796136916454901,-0.20089055513063528,58.0,58.0,58.785714285714285,48.5,58.13095238095238,True,True
2022-09-20,58.0,263,1,9,-0.9829265519799822,-0.18399835165767986,58.0,58.0,58.714285714285715,48.5,58.10714285714286,True,True
2022-09-21,57.863,264,2,9,-0.9859481499638303,-0.1670516255021195,58.0,58.0,58.642857142857146,48.575,58.08114761904762,True,True
2022-09-22,57.726,265,3,9,-0.9886775902323404,-0.15005539834465262,57.863,58.0,58.57142857142857,48.65,58.05296666666666,True,True
2022-09-23,57.589,266,4,9,-0.9911140639934546,-0.13301470653419636,57.726,58.0,58.5,48.725,58.022600000000004,True,True
2022-09-24,57.452,267,5,9,-0.9932568492674143,-0.11593459959550066,57.589,58.0,58.42857142857143,48.8,57.99004761904762,True,True
2022-09-25,57.315,268,6,9,-0.9951053111006974,-0.09882013873287211,57.452,58.0,58.357142857142854,48.875,57.955309523809525,True,True
2022-09-26,57.178000000000004,269,0,9,-0.99665890175417,-0.08167639533042288,57.315,58.0,58.285714285714285,48.95,57.91838571428571,True,True
2022-09-27,57.041000000000004,270,1,9,-0.9979171608653922,-0.06450844944931625,57.178000000000004,58.0,58.214285714285715,49.025,57.87927619047619,True,True
2022-09-28,56.904,271,2,9,-0.9988797155850335,-0.04732138832243232,57.041000000000004,57.863,58.142857142857146,49.1,57.83798095238095,True,True
2022-09-29,56.767,272,3,9,-0.9995462806873573,-0.03012030484690836,56.904,57.726,58.07142857142857,49.175,57.7945,True,True
2022-09-30,56.63,273,4,9,-0.9999166586547379,-0.012910296075008843,56.767,57.589,58.0,49.25,57.74883333333333,True,True
2022-10-01,56.63,274,5,10,-0.9999907397361901,0.004303538296243821,56.63,57.452,58.0,49.375,57.70316666666667,True,True
2022-10-02,56.63,275,6,10,-0.9997685019798909,0.021516097436222233,56.63,57.315,58.0,49.5,57.657500000000006,True,True
2022-10-03,56.63,276,0,10,-0.9992500112396835,0.03872228089217399,56.63,57.178000000000004,58.0,49.625,57.61183333333334,True,True
2022-10-04,56.63,277,1,10,-0.9984354211555643,0.05591699010060302,56.63,57.041000000000004,58.0,49.75,57.56616666666667,True,True
2022-10-05,56.63,278,2,10,-0.9973249731081555,0.07309512989807776,56.63,56.904,58.0,49.875,57.5205,True,True
2022-10-06,56.63,279,3,10,-0.9959189961471792,0.0902516100310407,56.63,56.767,58.0,50.0,57.474833333333336,True,True
2022-10-07,56.63,280,4,10,-0.994217906893952,0.10738134666416306,56.63,56.63,58.0,50.125,57.42916666666667,True,True
2022-10-08,56.63,281,5,10,-0.9922222094179324,0.12447926388678869,56.63,56.63,58.0,50.25,57.383500000000005,True,True
2022-10-09,56.63,282,6,10,-0.989932495087353,0.141540295217043,56.63,56.63,58.0,50.375,57.337833333333336,True,True
2022-10-10,56.63,283,0,10,-0.9873494423939864,0.15855938510313475,56.63,56.63,58.0,50.5,57.29216666666667,True,True
2022-10-11,56.766666666666666,284,1,10,-0.9844738167520923,0.17553149042142777,56.63,56.63,58.0,50.75,57.25105555555556,True,True
2022-10-12,56.903333333333336,285,2,10,-0.9813064702716093,0.19245158197082995,56.766666666666666,56.63,58.0,51.0,57.2145,True,True
2022-10-13,57.04,286,3,10,-0.9778483415056567,0.20931464596304888,56.903333333333336,56.63,58.0,51.25,57.182500000000005,True,True
2022-10-14,57.17666666666667,287,4,10,-0.9741004551724206,0.22611568550828803,57.04,56.63,58.0,51.5,57.155055555555556,True,True
2022-10-15,57.31333333333333,288,5,10,-0.970063921851507,0.2428497220959358,57.17666666666667,56.63,58.0,51.75,57.13216666666667,True,True
2022-10-16,57.45,289,6,10,-0.965739937654855,0.25951179706979943,57.31333333333333,56.63,58.0,52.0,57.11383333333333,True,True
2022-10-17,57.586666666666666,290,0,10,-0.9611297838723007,0.27609697309746883,57.45,56.63,58.0,52.25,57.10005555555556,True,True
2022-10-18,57.723333333333336,291,1,10,-0.9562348265919058,0.2926003356333479,57.586666666666666,56.766666666666666,58.0,52.5,57.090833333333336,True,True
2022-10-19,57.86,292,2,10,-0.9510565162951536,0.30901699437494723,57.723333333333336,56.903333333333336,58.0,52.75,57.08616666666667,True,True
2022-10-20,57.99666666666667,293,3,10,-0.9455963874271428,0.3253420847119795,57.86,57.04,58.0,53.0,57.086055555555554,True,True
2022-10-21,58.13333333333333,294,4,10,-0.9398560579418953,0.341570769167856,57.99666666666667,57.17666666666667,57.863,53.04545454545455,57.09506666666667,True,True
2022-10-22,58.27,295,5,10,-0.9338372288229252,0.35769823883312546,58.13333333333333,57.31333333333333,57.726,53.09090909090909,57.113200000000006,True,True
2022-10-23,58.406666666666666,296,6,10,-0.9275416835791965,0.3737197147904692,58.27,57.45,57.589,53.13636363636363,57.140455555555555,True,True
2022-10-24,58.54333333333334,297,0,10,-0.9209712877166347,0.38963044953078774,58.406666666666666,57.586666666666666,57.452,53.18181818181818,57.176833333333335,True,True
2022-10-25,58.68,298,1,10,-0.9141279881853337,0.4054257283599973,58.54333333333334,57.723333333333336,57.315,53.22727272727273,57.22233333333334,True,True
2022-10-26,58.81666666666667,299,2,10,-0.9070138128026362,0.42110087079608916,58.68,57.86,57.178000000000004,53.27272727272727,57.27695555555556,True,True
2022-10-27,58.95333333333333,300,3,10,-0.8996308696522434,0.4366512319560638,58.81666666666667,57.99666666666667,57.041000000000004,53.31818181818182,57.3407,True,True
2022-10-28,59.09,301,4,10,-0.8919813464595487,0.45207220393230374,58.95333333333333,58.13333333333333,56.904,53.36363636363637,57.413566666666675,True,True
2022-10-29,59.22666666666667,302,5,10,-0.8840675099433637,0.46735921715800205,59.09,58.27,56.767,53.40909090909091,57.49555555555556,True,True
2022-10-30,59.36333333333333,303,6,10,-0.8758917051442433,0.48250774176121763,59.22666666666667,58.406666666666666,56.63,53.45454545454545,57.58666666666667,True,True
2022-10-31,59.5,304,0,10,-0.8674563547295971,0.4975132889071803,59.36333333333333,58.54333333333334,56.63,53.5,57.68233333333333,True,True
2022-11-01,59.5,305,1,11,-0.858763958275803,0.5123714121284235,59.5,58.68,56.63,53.5,57.778,True,True
2022-11-02,59.5,306,2,11,-0.8498170915275277,0.5270777086423724,59.5,58.81666666666667,56.63,53.5,57.873666666666665,True,True
2022-11-03,59.5,307,3,11,-0.8406184056344783,0.5416278206559811,59.5,58.95333333333333,56.63,53.5,57.96933333333333,True,True
2022-11-04,59.5,308,4,11,-0.8311706263658079,0.5560174366570446,59.5,59.09,56.63,53.5,58.065000000000005,True,True
2022-11-05,59.5,309,5,11,-0.8214765533024145,0.5702422926917867,59.5,59.22666666666667,56.63,53.5,58.160666666666664,True,True
2022-11-06,59.5,310,6,11,-0.8115390590073611,0.5842981736283683,59.5,59.36333333333333,56.63,53.5,58.25633333333334,True,True
2022-11-07,59.5,311,0,11,-0.801361088174677,0.5981809144059158,59.5,59.5,56.63,53.5,58.352,True,True
2022-11-08,59.5,312,1,11,-0.7909456567567774,0.6118864012687242,59.5,59.5,56.63,53.5,58.44766666666667,True,True
2022-11-09,59.5,313,2,11,-0.780295851070776,0.6254105729852457,59.5,59.5,56.63,53.5,58.54333333333333,True,True
2022-11-10,59.5,314,3,11,-0.7694148268839381,0.6387494220515268,59.5,59.5,56.766666666666666,53.5,58.63444444444444,True,True
2022-11-11,59.4,315,4,11,-0.7583058084785625,0.6518989958787125,59.5,59.5,56.903333333333336,53.5,58.71766666666667,True,True
2022-11-12,59.3,316,5,11,-0.7469720876965551,0.6648553979642866,59.4,59.5,57.04,53.5,58.793,True,True
2022-11-13,59.2,317,6,11,-0.7354170229639858,0.6776147890466887,59.3,59.5,57.17666666666667,53.5,58.86044444444445,True,True
2022-11-14,59.1,318,0,11,-0.7236440382959124,0.690173388242972,59.2,59.5,57.31333333333333,53.5,58.919999999999995,True,True
2022-11-15,59.0,319,1,11,-0.711656622281775,0.7025274741691566,59.1,59.5,57.45,53.5,58.97166666666667,True,True
2022-11-16,58.9,320,2,11,-0.6994583270516471,0.7146733860429608,59.0,59.5,57.586666666666666,53.5,59.01544444444445,True,True
2022-11-17,58.8,321,3,11,-0.6870527672236675,0.7266075247685652,58.9,59.5,57.723333333333336,53.5,59.05133333333333,True,True
2022-11-18,58.7,322,4,11,-0.6744436188329457,0.7383263540031063,58.8,59.4,57.86,53.5,59.07933333333334,True,True
2022-11-19,58.6,323,5,11,-0.661634618242279,0.749826401204568,58.7,59.3,57.99666666666667,53.5,59.099444444444444,True,True
2022-11-20,58.5,324,6,11,-0.6486295610349818,0.7611042586607742,58.6,59.2,58.13333333333333,53.5,59.111666666666665,True,True
2022-11-21,58.4,325,0,11,-0.6354323008901775,0.7721565844991641,58.5,59.1,58.27,53.5,59.116,True,True
2022-11-22,58.3,326,1,11,-0.622046748440868,0.7829801036770624,58.4,59.0,58.406666666666666,53.5,59.11244444444445,True,True
2022-11-23,58.2,327,2,11,-0.6084768701151264,0.7935716089521472,58.3,58.9,58.54333333333334,53.5,59.101,True,True
2022-11-24,58.1,328,3,11,-0.594726686960764,0.8039279618328208,58.2,58.8,58.68,53.5,59.08166666666667,True,True
2022-11-25,58.0,329,4,11,-0.5808002734538013,0.8140460935082175,58.1,58.7,58.81666666666667,53.5,59.05444444444444,True,True
2022-11-26,57.9,330,5,11,-0.5667017562911184,0.8239230057575536,58.0,58.6,58.95333333333333,53.5,59.019333333333336,True,True
2022-11-27,57.8,331,6,11,-0.5524353131676203,0.8335557718385695,57.9,58.5,59.09,53.5,58.97633333333333,True,True
2022-11-28,57.7,332,0,11,-0.5380051715382992,0.8429415373547832,57.8,58.4,59.22666666666667,53.5,58.925444444444445,True,True
2022-11-29,57.6,333,1,11,-0.5234156073655503,0.8520775211013093,57.7,58.3,59.36333333333333,53.5,58.86666666666667,True,True
2022-11-30,57.5,334,2,11,-0.5086709438521042,0.8609610158889945,57.6,58.2,59.5,53.5,58.8,True,True
2022-12-01,57.5,335,3,12,-0.49377555015997737,0.8695893893466109,57.5,58.1,59.5,53.5,58.733333333333334,True,True
2022-12-02,57.5,336,4,12,-0.4787338401157883,0.8779600847008883,57.5,58.0,59.5,53.5,58.666666666666664,True,True
2022-12-03,57.5,337,5,12,-0.4635502709028512,0.8860706215341378,57.5,57.9,59.5,53.5,58.6,True,True
2022-12-04,57.5,338,6,12,-0.4482293417404106,0.893918596519257,57.5,57.8,59.5,53.5,58.53333333333333,True,True
2022-12-05,57.5,339,0,12,-0.4327755925504317,0.9015016841318838,57.5,57.7,59.5,53.5,58.46666666666667,True,True
2022-12-06,57.5,340,1,12,-0.41719360261231697,0.9088176373395028,57.5,57.6,59.5,53.5,58.4,True,True
2022-12-07,57.5,341,2,12,-0.4014879892059737,0.9158642882672868,57.5,57.5,59.5,53.5,58.333333333333336,True,True
2022-12-08,57.5,342,3,12,-0.38566340624360745,0.9226395488404875,57.5,57.5,59.5,53.5,58.266666666666666,True,True
2022-12-09,57.5,343,4,12,-0.3697245428906732,0.9291414114031743,57.5,57.5,59.5,53.5,58.2,True,True
2022-12-10,57.5,344,5,12,-0.3536761221763721,0.935367949313148,57.5,57.5,59.5,53.5,58.13333333333333,True,True
2022-12-11,57.5,345,6,12,-0.33752289959411347,0.941317317512847,57.5,57.5,59.4,53.5,58.07,True,True
2022-12-12,57.5,346,0,12,-0.32126966169236515,0.9469877530760751,57.5,57.5,59.3,53.5,58.01,True,True
2022-12-13,57.5,347,1,12,-0.3049212246562894,0.9523775757303973,57.5,57.5,59.2,53.5,57.95333333333333,True,True
2022-12-14,57.5,348,2,12,-0.2884824328806098,0.9574851883550389,57.5,57.5,59.1,53.5,57.9,True,True
2022-12-15,57.5,349,3,12,-0.27195815753410524,0.9623090774541487,57.5,57.5,59.0,53.5,57.85,True,True
2022-12-16,57.5,350,4,12,-0.2553532951161881,0.9668478136052773,57.5,57.5,58.9,53.5,57.80333333333333,True,True
2022-12-17,57.5,351,5,12,-0.23867276600594997,0.9711000518829505,57.5,57.5,58.8,53.5,57.76,True,True
2022-12-18,57.5,352,6,12,-0.22192151300416674,0.9750645322571945,57.5,57.5,58.7,53.5,57.72,True,True
2022-12-19,57.5,353,0,12,-0.20510449986861926,0.9787400799669153,57.5,57.5,58.6,53.5,57.68333333333333,True,True
2022-12-20,57.5,354,1,12,-0.1882267098432439,0.9821256058680006,57.5,57.5,58.5,53.5,57.65,True,True
2022-12-21,57.5,355,2,12,-0.1712931441814778,0.9852201067560606,57.5,57.5,58.4,53.31818181818182,57.62,True,True
2022-12-22,57.5,356,3,12,-0.154308820664281,0.9880226656636976,57.5,57.5,58.3,53.13636363636363,57.593333333333334,True,True
2022-12-23,57.5,357,4,12,-0.13727877211326517,0.9905324521322227,57.5,57.5,58.2,52.95454545454545,57.57,True,True
2022-12-24,57.5,358,5,12,-0.12020804489935275,0.9927487224577402,57.5,57.5,58.1,52.77272727272727,57.55,True,True
2022-12-25,57.5,359,6,12,-0.10310169744743544,0.9946708199115211,57.5,57.5,58.0,52.59090909090909,57.53333333333333,True,True
2022-12-26,57.5,360,0,12,-0.0859647987374467,0.9962981749346077,57.5,57.5,57.9,52.40909090909091,57.519999999999996,True,True
2022-12-27,57.5,361,1,12,-0.06880242680232064,0.9976303053065857,57.5,57.5,57.8,52.22727272727273,57.51,True,True
2022-12-28,57.5,362,2,12,-0.05161966722325418,0.9986668162884759,57.5,57.5,57.7,52.04545454545455,57.50333333333333,True,True
2022-12-29,57.5,363,3,12,-0.034421611622745804,0.9994074007397048,57.5,57.5,57.6,51.86363636363637,57.5,True,True
2022-12-30,57.5,364,4,12,-0.01721335615583528,0.9998518392091162,57.5,57.5,57.5,51.68181818181818,57.5,True,True
2022-12-31,57.5,365,5,12,6.432490598706546e-16,1.0,57.5,57.5,57.5,51.5,57.5,True,True
2023-01-01,57.5,1,6,1,0.017213356155834685,0.9998518392091162,57.5,57.5,57.5,51.5,57.5,True,True
2023-01-02,57.5,2,0,1,0.03442161162274574,0.9994074007397048,57.5,57.5,57.5,51.5,57.5,True,True
2023-01-03,57.5,3,1,1,0.051619667223253764,0.998666816288476,57.5,57.5,57.5,51.5,57.5,True,True
2023-01-04,57.5,4,2,1,0.06880242680231986,0.9976303053065857,57.5,57.5,57.5,51.5,57.5,True,True
2023-01-05,57.5,5,3,1,0.08596479873744647,0.9962981749346078,57.5,57.5,57.5,51.5,57.5,True,True
2023-01-06,57.5,6,4,1,0.10310169744743485,0.9946708199115211,57.5,57.5,57.5,51.5,57.5,True,True
2023-01-07,57.5,7,5,1,0.1202080448993527,0.9927487224577402,57.5,57.5,57.5,51.5,57.5,True,True
2023-01-08,57.5,8,6,1,0.13727877211326478,0.9905324521322229,57.5,57.5,57.5,51.5,57.5,True,True
2023-01-09,57.5,9,0,1,0.15430882066428117,0.9880226656636976,57.5,57.5,57.5,51.5,57.5,True,True
2023-01-10,57.5,10,1,1,0.1712931441814776,0.9852201067560606,57.5,57.5,57.5,51.5,57.5,True,True
2023-01-11,57.5,11,2,1,0.1882267098432442,0.9821256058680006,57.5,57.5,57.5,51.5,57.5,True,True
2023-01-12,57.5,12,3,1,0.2051044998686192,0.9787400799669153,57.5,57.5,57.5,51.5,57.5,True,True
2023-01-13,57.5,13,4,1,0.2219215130041655,0.9750645322571948,57.5,57.5,57.5,51.5,57.5,True,True
2023-01-14,57.5,14,5,1,0.2386727660059501,0.9711000518829505,57.5,57.5,57.5,51.5,57.5,True,True
2023-01-15,57.5,15,6,1,0.255353295116187,0.9668478136052775,57.5,57.5,57.5,51.5,57.5,True,True
2023-01-16,57.5,16,0,1,0.2719581575341055,0.9623090774541486,57.5,57.5,57.5,51.5,57.5,True,True
2023-01-17,57.5,17,1,1,0.288482432880609,0.9574851883550393,57.5,57.5,57.5,51.5,57.5,True,True
2023-01-18,57.5,18,2,1,0.30492122465628907,0.9523775757303974,57.5,57.5,57.5,51.5,57.5,True,True
2023-01-19,57.5,19,3,1,0.3212696616923644,0.9469877530760753,57.5,57.5,57.5,51.5,57.5,True,True
2023-01-20,57.5,20,4,1,0.3375228995941133,0.9413173175128471,57.5,57.5,57.5,51.5,57.5,True,True
2023-01-21,57.5,21,5,1,0.3536761221763716,0.9353679493131483,57.5,57.5,57.5,51.54545454545455,57.5,True,True
2023-01-22,57.5,22,6,1,0.3697245428906731,0.9291414114031743,57.5,57.5,57.5,51.59090909090909,57.5,True,True
2023-01-23,57.5,23,0,1,0.38566340624360707,0.9226395488404876,57.5,57.5,57.5,51.63636363636363,57.5,True,True
2023-01-24,57.5,24,1,1,0.401487989205973,0.9158642882672872,57.5,57.5,57.5,51.68181818181818,57.5,True,True
2023-01-25,57.5,25,2,1,0.4171936026123168,0.9088176373395029,57.5,57.5,57.5,51.72727272727273,57.5,True,True
2023-01-26,57.5,26,3,1,0.4327755925504312,0.901501684131884,57.5,57.5,57.5,51.77272727272727,57.5,True,True
2023-01-27,57.5,27,4,1,0.4482293417404106,0.893918596519257,57.5,57.5,57.5,51.81818181818182,57.5,True,True
2023-01-28,57.5,28,5,1,0.4635502709028509,0.886070621534138,57.5,57.5,57.5,51.86363636363637,57.5,True,True
2023-01-29,57.5,29,6,1,0.47873384011578846,0.8779600847008882,57.5,57.5,57.5,51.90909090909091,57.5,True,True
2023-01-30,57.5,30,0,1,0.49377555015997715,0.869589389346611,57.5,57.5,57.5,51.95454545454545,57.5,True,True
2023-01-31,57.5,31,1,1,0.5086709438521044,0.8609610158889943,57.5,57.5,57.5,52.0,57.5,True,True
2023-02-01,57.4,32,2,2,0.5234156073655503,0.8520775211013093,57.5,57.5,57.5,52.0,57.49666666666667,True,True
2023-02-02,57.3,33,3,2,0.5380051715382996,0.8429415373547828,57.4,57.5,57.5,52.0,57.49,True,True
2023-02-03,57.2,34,4,2,0.5524353131676196,0.8335557718385699,57.3,57.5,57.5,52.0,57.480000000000004,True,True
2023-02-04,57.1,35,5,2,0.5667017562911176,0.8239230057575542,57.2,57.5,57.5,52.0,57.46666666666667,True,True
2023-02-05,57.0,36,6,2,0.5808002734538009,0.8140460935082178,57.1,57.5,57.5,52.0,57.45,True,True
2023-02-06,56.9,37,0,2,0.5947266869607634,0.8039279618328213,57.0,57.5,57.5,52.0,57.43,True,True
2023-02-07,56.8,38,1,2,0.6084768701151261,0.7935716089521474,56.9,57.5,57.5,52.0,57.406666666666666,True,True
2023-02-08,56.7,39,2,2,0.6220467484408675,0.7829801036770629,56.8,57.4,57.5,52.0,57.38,True,True
2023-02-09,56.6,40,3,2,0.6354323008901774,0.7721565844991642,56.7,57.3,57.5,52.0,57.35,True,True
2023-02-10,56.5,41,4,2,0.6486295610349814,0.7611042586607747,56.6,57.2,57.5,52.0,57.31666666666667,True,True
2023-02-11,56.4,42,5,2,0.6616346182422783,0.7498264012045686,56.5,57.1,57.5,52.15,57.28,True,True
2023-02-12,56.3,43,6,2,0.6744436188329455,0.7383263540031065,56.4,57.0,57.5,52.3,57.24,True,True
2023-02-13,56.2,44,0,2,0.6870527672236669,0.7266075247685656,56.3,56.9,57.5,52.45,57.19666666666667,True,True
2023-02-14,56.1,45,1,2,0.699458327051647,0.7146733860429609,56.2,56.8,57.5,52.6,57.15,True,True
2023-02-15,56.0,46,2,2,0.7116566222817746,0.7025274741691571,56.1,56.7,57.5,52.75,57.1,True,True
2023-02-16,55.9,47,3,2,0.7236440382959124,0.6901733882429719,56.0,56.6,57.5,52.9,57.04666666666667,True,True
2023-02-17,55.8,48,4,2,0.7354170229639855,0.6776147890466889,55.9,56.5,57.5,53.05,56.99,True,True
2023-02-18,55.7,49,5,2,0.7469720876965552,0.6648553979642865,55.8,56.4,57.5,53.2,56.93,True,True
2023-02-19,55.6,50,6,2,0.7583058084785624,0.6518989958787126,55.7,56.3,57.5,53.35,56.86666666666667,True,True
2023-02-20,55.5,51,0,2,0.7694148268839378,0.6387494220515272,55.6,56.2,57.5,53.5,56.8,True,True
2023-02-21,55.40625,52,1,2,0.7802958510707755,0.6254105729852463,55.5,56.1,57.5,54.0,56.73020833333333,True,True
2023-02-22,55.3125,53,2,2,0.7909456567567772,0.6118864012687243,55.40625,56.0,57.5,54.5,56.657291666666666,True,True
2023-02-23,55.21875,54,3,2,0.8013610881746766,0.5981809144059165,55.3125,55.9,57.5,55.0,56.58125,True,True
2023-02-24,55.125,55,4,2,0.8115390590073611,0.5842981736283684,55.21875,55.8,57.5,55.5,56.50208333333333,True,True
2023-02-25,55.03125,56,5,2,0.8214765533024142,0.5702422926917871,55.125,55.7,57.5,56.0,56.41979166666667,True,True
2023-02-26,54.9375,57,6,2,0.8311706263658079,0.5560174366570446,55.03125,55.6,57.5,56.5,56.334375,True,True
2023-02-27,54.84375,58,0,2,0.8406184056344782,0.5416278206559814,54.9375,55.5,57.5,57.0,56.24583333333333,True,True
2023-02-28,54.75,59,1,2,0.8498170915275278,0.5270777086423722,54.84375,55.40625,57.5,57.5,56.15416666666667,True,True
2023-03-01,54.688,60,2,3,0.8587639582758029,0.5123714121284237,54.75,55.3125,57.5,57.5,56.060433333333336,True,True
2023-03-02,54.626,61,3,3,0.8674563547295969,0.49751328890718066,54.688,55.21875,57.5,57.5,55.96463333333334,True,True
2023-03-03,54.564,62,4,3,0.8758917051442429,0.48250774176121847,54.626,55.125,57.4,57.5,55.870099999999994,True,True
2023-03-04,54.502,63,5,3,0.8840675099433636,0.4673592171580022,54.564,55.03125,57.3,57.5,55.776833333333336,True,True
2023-03-05,54.44,64,6,3,0.8919813464595485,0.45207220393230435,54.502,54.9375,57.2,57.5,55.68483333333333,True,True
2023-03-06,54.378,65,0,3,0.8996308696522433,0.43665123195606403,54.44,54.84375,57.1,57.5,55.594100000000005,True,True
2023-03-07,54.316,66,1,3,0.9070138128026359,0.4211008707960896,54.378,54.75,57.0,57.5,55.50463333333334,True,True
2023-03-08,54.254000000000005,67,2,3,0.9141279881853337,0.40542572835999735,54.316,54.688,56.9,57.5,55.41643333333333,True,True
2023-03-09,54.192,68,3,3,0.9209712877166346,0.38963044953078796,54.254000000000005,54.626,56.8,57.5,55.3295,True,True
2023-03-10,54.13,69,4,3,0.9275416835791966,0.37371971479046906,54.192,54.564,56.7,57.5,55.24383333333333,True,True
2023-03-11,54.13,70,5,3,0.9338372288229252,0.35769823883312546,54.13,54.502,56.6,57.5,55.161500000000004,True,True
2023-03-12,54.13,71,6,3,0.9398560579418954,0.3415707691678556,54.13,54.44,56.5,57.5,55.0825,True,True
2023-03-13,54.13,72,0,3,0.9455963874271426,0.3253420847119801,54.13,54.378,56.4,57.5,55.00683333333333,True,True
2023-03-14,54.13,73,1,3,0.9510565162951535,0.30901699437494745,54.13,54.316,56.3,57.5,54.9345,True,True
2023-03-15,54.13,74,2,3,0.9562348265919056,0.29260033563334836,54.13,54.254000000000005,56.2,57.5,54.8655,True,True
2023-03-16,54.13,75,3,3,0.9611297838723007,0.27609697309746883,54.13,54.192,56.1,57.5,54.79983333333334,True,True
2023-03-17,54.13,76,4,3,0.9657399376548549,0.2595117970697999,54.13,54.13,56.0,57.5,54.7375,True,True
2023-03-18,54.13,77,5,3,0.9700639218515071,0.2428497220959356,54.13,54.13,55.9,57.5,54.6785,True,True
2023-03-19,54.13,78,6,3,0.9741004551724205,0.22611568550828828,54.13,54.13,55.8,57.5,54.62283333333333,True,True
2023-03-20,54.13,79,0,3,0.9778483415056568,0.20931464596304847,54.13,54.13,55.7,57.5,54.5705,True,True
2023-03-21,54.09545454545455,80,1,3,0.9813064702716093,0.19245158197082998,54.13,54.13,55.6,57.5,54.52034848484848,True,True
2023-03-22,54.06090909090909,81,2,3,0.9844738167520922,0.1755314904214282,54.09545454545455,54.13,55.5,57.5,54.47237878787879,True,True
2023-03-23,54.02636363636364,82,3,3,0.9873494423939864,0.15855938510313475,54.06090909090909,54.13,55.40625,57.5,54.42638257575758,True,True
2023-03-24,53.99181818181818,83,4,3,0.989932495087353,0.141540295217043,54.02636363636364,54.13,55.3125,57.5,54.38235984848485,True,True
2023-03-25,53.95727272727273,84,5,3,0.9922222094179323,0.12447926388678915,53.99181818181818,54.13,55.21875,57.5,54.340310606060605,True,True
2023-03-26,53.92272727272727,85,6,3,0.994217906893952,0.10738134666416309,53.95727272727273,54.13,55.125,57.5,54.30023484848485,True,True
2023-03-27,53.88818181818182,86,0,3,0.995918996147179,0.09025161003104117,53.92272727272727,54.13,55.03125,57.5,54.26213257575758,True,True
2023-03-28,53.85363636363636,87,1,3,0.9973249731081555,0.07309512989807777,53.88818181818182,54.09545454545455,54.9375,57.5,54.22600378787879,True,True
2023-03-29,53.81909090909091,88,2,3,0.9984354211555643,0.055916990100603484,53.85363636363636,54.06090909090909,54.84375,57.5,54.191848484848485,True,True
2023-03-30,53.78454545454545,89,3,3,0.9992500112396835,0.03872228089217446,53.81909090909091,54.02636363636364,54.75,57.5,54.159666666666666,True,True
2023-03-31,53.75,90,4,3,0.9997685019798909,0.021516097436222254,53.78454545454545,53.99181818181818,54.688,57.5,54.12839999999999,True,True
2023-04-01,53.75,91,5,4,0.9999907397361901,0.004303538296244289,53.75,53.95727272727273,54.626,57.5,54.099199999999996,True,True
2023-04-02,53.75,92,6,4,0.9999166586547379,-0.01291029607500882,53.75,53.92272727272727,54.564,57.5,54.072066666666665,True,True
2023-04-03,53.75,93,0,4,0.9995462806873573,-0.030120304846908114,53.75,53.88818181818182,54.502,57.5,54.047,True,True
2023-04-04,53.75,94,1,4,0.9988797155850336,-0.04732138832243185,53.75,53.85363636363636,54.44,57.5,54.024,True,True
2023-04-05,53.75,95,2,4,0.9979171608653922,-0.06450844944931623,53.75,53.81909090909091,54.378,57.5,54.00306666666666,True,True
2023-04-06,53.75,96,3,4,0.9966589017541702,-0.08167639533042241,53.75,53.78454545454545,54.316,57.5,53.984199999999994,True,True
2023-04-07,53.75,97,4,4,0.9951053111006976,-0.09882013873287143,53.75,53.75,54.254000000000005,57.5,53.9674,True,True
2023-04-08,53.75,98,5,4,0.9932568492674143,-0.11593459959550041,53.75,53.75,54.192,57.5,53.952666666666666,True,True
2023-04-09,53.75,99,6,4,0.9911140639934547,-0.1330147065341959,53.75,53.75,54.13,57.5,53.940000000000005,True,True
2023-04-10,53.75,100,0,4,0.9886775902323405,-0.1500553983446526,53.75,53.75,54.13,57.5,53.92733333333333,True,True
2023-04-11,53.5625,101,1,4,0.9859481499638304,-0.16705162550211924,53.75,53.75,54.13,57.6,53.90841666666666,True,True
2023-04-12,53.375,102,2,4,0.9829265519799822,-0.18399835165768005,53.5625,53.75,54.13,57.7,53.88325,True,True
2023-04-13,53.1875,103,3,4,0.9796136916454901,-0.20089055513063506,53.375,53.75,54.13,57.8,53.851833333333325,True,True
2023-04-14,53.0,104,4,4,0.9760105506323683,-0.21772323039653177,53.1875,53.75,54.13,57.9,53.814166666666665,True,True
2023-04-15,52.8125,105,5,4,0.9721181966290613,-0.23449138957040985,53.0,53.75,54.13,58.0,53.77025,True,True
2023-04-16,52.625,106,6,4,0.9679377830240642,-0.25119006388481935,52.8125,53.75,54.13,58.1,53.720083333333335,True,True
2023-04-17,52.4375,107,0,4,0.9634705485641488,-0.2678143051621742,52.625,53.75,54.13,58.2,53.663666666666664,True,True
2023-04-18,52.25,108,1,4,0.9587178169872964,-0.2843591872810034,52.4375,53.5625,54.13,58.3,53.601,True,True
2023-04-19,52.0625,109,2,4,0.9536809966304457,-0.30081980763566735,52.25,53.375,54.13,58.4,53.532083333333325,True,True
2023-04-20,51.875,110,3,4,0.9483615800121715,-0.3171912885891061,52.0625,53.1875,54.09545454545455,58.5,53.45806818181818,True,True
2023-04-21,51.6875,111,4,4,0.9427611433904207,-0.3334687789181868,51.875,53.0,54.06090909090909,58.6,53.37895454545455,True,True
2023-04-22,51.5,112,5,4,0.9368813462954315,-0.3496474552512284,51.6875,52.8125,54.02636363636364,58.7,53.294742424242415,True,True
2023-04-23,51.3125,113,6,4,0.9307239310379795,-0.36572252349726897,51.5,52.625,53.99181818181818,58.8,53.205431818181815,True,True
2023-04-24,51.125,114,0,4,0.9242907221930933,-0.3816892202666588,51.3125,52.4375,53.95727272727273,58.9,53.111022727272726,True,True
2023-04-25,50.9375,115,1,4,0.9175836260593937,-0.39754281428255595,51.125,52.25,53.92272727272727,59.0,53.01151515151515,True,True
2023-04-26,50.75,116,2,4,0.9106046300942162,-0.4132786077829042,50.9375,52.0625,53.88818181818182,59.1,52.90690909090908,True,True
2023-04-27,50.5625,117,3,4,0.9033558023246845,-0.4288919379124835,50.75,51.875,53.85363636363636,59.2,52.79720454545454,True,True
2023-04-28,50.375,118,4,4,0.895839290734909,-0.4443781781046132,50.5625,51.6875,53.81909090909091,59.3,52.68240151515151,True,True
2023-04-29,50.1875,119,5,4,0.8880573226294932,-0.45973273945210397,50.375,51.5,53.78454545454545,59.4,52.5625,True,True
2023-04-30,50.0,120,6,4,0.8800122039735357,-0.47495107206704995,50.1875,51.3125,53.75,59.5,52.4375,True,True
2023-05-01,50.0,121,0,5,0.8717063187093218,-0.4900286664290592,50.0,51.125,53.75,59.5,52.3125,True,True
2023-05-02,50.0,122,1,5,0.8631421280499114,-0.5049610547215204,50.0,50.9375,53.75,59.5,52.1875,True,True
2023-05-03,50.0,123,2,5,0.854322169749827,-0.5197438121555155,50.0,50.75,53.75,59.5,52.0625,True,True
2023-05-04,50.0,124,3,5,0.8452490573530633,-0.5343725582809786,50.0,50.5625,53.75,59.5,51.9375,True,True
2023-05-05,50.0,125,4,5,0.8359254794186372,-0.548842958284719,50.0,50.375,53.75,59.5,51.8125,True,True
2023-05-06,50.0,126,5,5,0.8263541987239096,-0.5631507242749186,50.0,50.1875,53.75,59.5,51.6875,True,True
2023-05-07,50.0,127,6,5,0.8165380514459161,-0.5772916165517272,50.0,50.0,53.75,59.5,51.5625,True,True
2023-05-08,50.0,128,0,5,0.8064799463209448,-0.5912614448635781,50.0,50.0,53.75,59.5,51.4375,True,True
2023-05-09,50.0,129,1,5,0.7961828637826158,-0.6050560696488488,50.0,50.0,53.75,59.5,51.3125,True,True
2023-05-10,50.0,130,2,5,0.7856498550787147,-0.6186714032625031,50.0,50.0,53.75,59.5,51.1875,True,True
2023-05-11,49.95,131,3,5,0.7748840413670407,-0.6321034111873487,50.0,50.0,53.5625,59.7,51.067083333333336,True,True
2023-05-12,49.9,132,4,5,0.7638886127905428,-0.6453481132295501,49.95,50.0,53.375,59.9,50.95125,True,True
2023-05-13,49.85,133,5,5,0.7526668275320085,-0.6584015846980488,49.9,50.0,53.1875,60.1,50.84,True,True
2023-05-14,49.8,134,6,5,0.7412220108485958,-0.6712599575675313,49.85,50.0,53.0,60.3,50.733333333333334,True,True
2023-05-15,49.75,135,0,5,0.7295575540864875,-0.6839194216246106,49.8,50.0,52.8125,60.5,50.63125,True,True
2023-05-16,49.7,136,1,5,0.717676913675962,-0.6963762255968722,49.75,50.0,52.625,60.7,50.533750000000005,True,True
2023-05-17,49.65,137,2,5,0.705583610107178,-0.7086266782644596,49.7,50.0,52.4375,60.9,50.44083333333334,True,True
2023-05-18,49.6,138,3,5,0.6932812268869777,-0.7206671495538609,49.65,49.95,52.25,61.1,50.3525,True,True
2023-05-19,49.55,139,4,5,0.6807734094770161,-0.7324940716135789,49.6,49.9,52.0625,61.3,50.26875,True,True
2023-05-20,49.5,140,5,5,0.6680638642135335,-0.7441039398713607,49.55,49.85,51.875,61.5,50.18958333333333,True,True
2023-05-21,49.31818181818182,141,6,5,0.6551563572090853,-0.7554933140726803,49.5,49.8,51.6875,61.5,50.11060606060607,True,True
2023-05-22,49.13636363636363,142,0,5,0.6420547132365637,-0.766658819300159,49.31818181818182,49.75,51.5,61.5,50.03181818181818,True,True
2023-05-23,48.95454545454545,143,1,5,0.6287628145958344,-0.7775971469736269,49.13636363636363,49.7,51.3125,61.5,49.9532196969697,True,True
2023-05-24,48.77272727272727,144,2,5,0.6152845999633276,-0.7883050558305255,48.95454545454545,49.65,51.125,61.5,49.874810606060606,True,True
2023-05-25,48.59090909090909,145,3,5,0.6016240632249226,-0.7987793728863649,48.77272727272727,49.6,50.9375,61.5,49.79659090909092,True,True
2023-05-26,48.40909090909091,146,4,5,0.5877852522924732,-0.8090169943749473,48.59090909090909,49.55,50.75,61.5,49.718560606060606,True,True
2023-05-27,48.22727272727273,147,5,5,0.5737722679043246,-0.8190148866680801,48.40909090909091,49.5,50.5625,61.5,49.6407196969697,True,True
2023-05-28,48.04545454545455,148,6,5,0.5595892624101765,-0.8287700871745038,48.22727272727273,49.31818181818182,50.375,61.5,49.56306818181818,True,True
2023-05-29,47.86363636363637,149,0,5,0.545240438540651,-0.8382797052177744,48.04545454545455,49.13636363636363,50.1875,61.5,49.48560606060607,True,True
2023-05-30,47.68181818181818,150,1,5,0.5307300481619334,-0.8475409228928311,47.86363636363637,48.95454545454545,50.0,61.5,49.40833333333333,True,True
2023-05-31,47.5,151,2,5,0.5160623910158528,-0.8565509959010036,47.68181818181818,48.77272727272727,50.0,61.5,49.325,True,True
2023-06-01,47.438,152,3,6,0.5012418134457758,-0.865307254363206,47.5,48.59090909090909,50.0,61.625,49.2396,True,True
2023-06-02,47.376,153,4,6,0.48627270710868997,-0.8738071036110808,47.438,48.40909090909091,50.0,61.75,49.15213333333334,True,True
2023-06-03,47.314,154,5,6,0.4711595076738638,-0.8820480249558537,47.376,48.22727272727273,50.0,61.875,49.0626,True,True
2023-06-04,47.252,155,6,6,0.4559066935084588,-0.8900275764346767,47.314,48.04545454545455,50.0,62.0,48.971000000000004,True,True
2023-06-05,47.19,156,0,6,0.440518784350495,-0.8977433935342337,47.252,47.86363636363637,50.0,62.125,48.87733333333334,True,True
2023-06-06,47.128,157,1,6,0.42500033996955416,-0.9051931898913974,47.19,47.68181818181818,50.0,62.25,48.781600000000005,True,True
2023-06-07,47.066,158,2,6,0.4093559588156213,-0.9123747579707273,47.128,47.5,50.0,62.375,48.683800000000005,True,True
2023-06-08,47.004000000000005,159,3,6,0.39359027665646673,-0.9192859697186104,47.066,47.438,50.0,62.5,48.583933333333334,True,True
2023-06-09,46.942,160,4,6,0.3777079652039649,-0.9259247771938498,47.004000000000005,47.376,50.0,62.625,48.482,True,True
2023-06-10,46.88,161,5,6,0.36171373072976765,-0.9322892131745133,46.942,47.314,49.95,62.75,48.37966666666667,True,True
2023-06-11,46.867000000000004,162,6,6,0.3456123126707335,-0.9383773917408641,46.88,47.252,49.9,62.75,48.27856666666666,True,True
2023-06-12,46.854,163,0,6,0.3294084822245304,-0.9441875088341993,46.867000000000004,47.19,49.85,62.75,48.178700000000006,True,True
2023-06-13,46.841,164,1,6,0.3131070409358269,-0.9497178427914316,46.854,47.128,49.8,62.75,48.08006666666667,True,True
2023-06-14,46.828,165,2,6,0.29671281927349075,-0.9549667548552551,46.841,47.066,49.75,62.75,47.98266666666667,True,True
2023-06-15,46.815,166,3,6,0.28023067519921585,-0.9599326896597447,46.828,47.004000000000005,49.7,62.75,47.8865,True,True
2023-06-16,46.802,167,4,6,0.26366549272800704,-0.9646141756912435,46.815,46.942,49.65,62.75,47.79156666666667,True,True
2023-06-17,46.789,168,5,6,0.24702218048093552,-0.9690098257244062,46.802,46.88,49.6,62.75,47.69786666666667,True,True
2023-06-18,46.776,169,6,6,0.23030567023061221,-0.9731183372332619,46.789,46.867000000000004,49.55,62.75,47.6054,True,True
2023-06-19,46.763,170,0,6,0.21352091543979612,-0.9769384927771817,46.776,46.854,49.5,62.75,47.514166666666675,True,True
2023-06-20,46.75,171,1,6,0.19667288979357647,-0.980469160361632,46.763,46.841,49.31818181818182,62.75,47.42856060606061,True,True
2023-06-21,46.75,172,2,6,0.1797665857255624,-0.9837092937736097,46.75,46.828,49.13636363636363,62.55,47.349015151515154,True,True
2023-06-22,46.75,173,3,6,0.16280701293851715,-0.986657932891657,46.75,46.815,48.95454545454545,62.35,47.27553030303031,True,True
2023-06-23,46.75,174,4,6,0.1457991969198751,-0.9893142039703663,46.75,46.802,48.77272727272727,62.15,47.20810606060606,True,True
2023-06-24,46.75,175,5,6,0.12874817745258132,-0.99167731989929,46.75,46.789,48.59090909090909,61.95,47.146742424242426,True,True
2023-06-25,46.75,176,6,6,0.11165900712169512,-0.993746580436178,46.75,46.776,48.40909090909091,61.75,47.091439393939396,True,True
2023-06-26,46.75,177,0,6,0.09453674981719912,-0.9955213724144752,46.75,46.763,48.22727272727273,61.55,47.042196969696974,True,True
2023-06-27,46.75,178,1,6,0.07738647923346301,-0.9970011699250151,46.75,46.75,48.04545454545455,61.35,46.99901515151516,True,True
2023-06-28,46.75,179,2,6,0.06021327736579302,-0.9981855344718586,46.75,46.75,47.86363636363637,61.15,46.96189393939394,True,True
2023-06-29,46.75,180,3,6,0.04302223300453059,-0.99907411510223,46.75,46.75,47.68181818181818,60.95,46.93083333333334,True,True
2023-06-30,46.75,181,4,6,0.02581844022713308,-0.9996666485105112,46.75,46.75,47.5,60.75,46.90583333333334,True,True
2023-07-01,46.75,182,5,7,0.008606996888688698,-0.9999629591162655,46.75,46.75,47.438,60.725,46.8829,True,True
2023-07-02,46.75,183,6,7,-0.008606996888688009,-0.9999629591162655,46.75,46.75,47.376,60.7,46.862033333333336,True,True
2023-07-03,46.75,184,0,7,-0.02581844022713239,-0.9996666485105112,46.75,46.75,47.314,60.675,46.84323333333334,True,True
2023-07-04,46.75,185,1,7,-0.04302223300453034,-0.99907411510223,46.75,46.75,47.252,60.65,46.8265,True,True
2023-07-05,46.75,186,2,7,-0.060213277365792774,-0.9981855344718586,46.75,46.75,47.19,60.625,46.81183333333333,True,True
2023-07-06,46.75,187,3,7,-0.07738647923346322,-0.9970011699250151,46.75,46.75,47.128,60.6,46.79923333333333,True,True
2023-07-07,46.75,188,4,7,-0.09453674981719933,-0.9955213724144752,46.75,46.75,47.066,60.575,46.7887,True,True
2023-07-08,46.75,189,5,7,-0.11165900712169444,-0.9937465804361781,46.75,46.75,47.004000000000005,60.55,46.780233333333335,True,True
2023-07-09,46.75,190,6,7,-0.12874817745258066,-0.99167731989929,46.75,46.75,46.942,60.525,46.773833333333336,True,True
2023-07-10,46.75,191,0,7,-0.14579919691987442,-0.9893142039703664,46.75,46.75,46.88,60.5,46.7695,True,True
2023-07-11,46.75,192,1,7,-0.16280701293851646,-0.9866579328916572,46.75,46.75,46.867000000000004,60.475,46.7656,True,True
2023-07-12,46.75,193,2,7,-0.17976658572556214,-0.9837092937736098,46.75,46.75,46.854,60.45,46.76213333333333,True,True
2023-07-13,46.75,194,3,7,-0.19667288979357622,-0.9804691603616321,46.75,46.75,46.841,60.425,46.759100000000004,True,True
2023-07-14,46.75,195,4,7,-0.2135209154397959,-0.9769384927771817,46.75,46.75,46.828,60.4,46.7565,True,True
2023-07-15,46.75,196,5,7,-0.23030567023061196,-0.973118337233262,46.75,46.75,46.815,60.375,46.754333333333335,True,True
2023-07-16,46.75,197,6,7,-0.24702218048093527,-0.9690098257244063,46.75,46.75,46.802,60.35,46.7526,True,True
2023-07-17,46.75,198,0,7,-0.2636654927280072,-0.9646141756912435,46.75,46.75,46.789,60.325,46.7513,True,True
2023-07-18,46.75,199,1,7,-0.2802306751992161,-0.9599326896597445,46.75,46.75,46.776,60.3,46.75043333333334,True,True
2023-07-19,46.75,200,2,7,-0.2967128192734901,-0.9549667548552553,46.75,46.75,46.763,60.275,46.75,True,True
2023-07-20,46.75,201,3,7,-0.3131070409358267,-0.9497178427914317,46.75,46.75,46.75,60.25,46.75,True,True
2023-07-21,46.68181818181818,202,4,7,-0.3294084822245302,-0.9441875088341994,46.75,46.75,46.75,60.14818181818182,46.74772727272727,True,True
2023-07-22,46.61363636363637,203,5,7,-0.3456123126707333,-0.9383773917408642,46.68181818181818,46.75,46.75,60.04636363636364,46.74318181818182,True,True
2023-07-23,46.54545454545455,204,6,7,-0.3617137307297674,-0.9322892131745134,46.61363636363637,46.75,46.75,59.944545454545455,46.736363636363635,True,True
2023-07-24,46.47727272727273,205,0,7,-0.37770796520396466,-0.9259247771938499,46.54545454545455,46.75,46.75,59.842727272727274,46.72727272727273,True,True
2023-07-25,46.40909090909091,206,1,7,-0.39359027665646645,-0.9192859697186105,46.47727272727273,46.75,46.75,59.74090909090909,46.71590909090909,True,True
2023-07-26,46.34090909090909,207,2,7,-0.4093559588156211,-0.9123747579707274,46.40909090909091,46.75,46.75,59.63909090909091,46.70227272727273,True,True
2023-07-27,46.27272727272727,208,3,7,-0.42500033996955394,-0.9051931898913975,46.34090909090909,46.75,46.75,59.53727272727273,46.68636363636363,True,True
2023-07-28,46.20454545454545,209,4,7,-0.4405187843504952,-0.8977433935342336,46.27272727272727,46.68181818181818,46.75,59.43545454545455,46.668181818181814,True,True
2023-07-29,46.13636363636363,210,5,7,-0.455906693508459,-0.8900275764346766,46.20454545454545,46.61363636363637,46.75,59.333636363636366,46.647727272727266,True,True
2023-07-30,46.06818181818182,211,6,7,-0.47115950767386394,-0.8820480249558535,46.13636363636363,46.54545454545455,46.75,59.231818181818184,46.625,True,True
2023-07-31,46.0,212,0,7,-0.4862727071086902,-0.8738071036110807,46.06818181818182,46.47727272727273,46.75,59.13,46.6,True,True
2023-08-01,46.1,213,1,8,-0.5012418134457756,-0.8653072543632061,46.0,46.40909090909091,46.75,59.167,46.57833333333333,True,True
2023-08-02,46.2,214,2,8,-0.5160623910158526,-0.8565509959010037,46.1,46.34090909090909,46.75,59.204,46.559999999999995,True,True
2023-08-03,46.3,215,3,8,-0.5307300481619331,-0.8475409228928312,46.2,46.27272727272727,46.75,59.241,46.544999999999995,True,True
2023-08-04,46.4,216,4,8,-0.5452404385406507,-0.8382797052177745,46.3,46.20454545454545,46.75,59.278,46.53333333333333,True,True
2023-08-05,46.5,217,5,8,-0.5595892624101763,-0.828770087174504,46.4,46.13636363636363,46.75,59.315,46.525,True,True
2023-08-06,46.6,218,6,8,-0.5737722679043243,-0.8190148866680802,46.5,46.06818181818182,46.75,59.352000000000004,46.519999999999996,True,True
2023-08-07,46.7,219,0,8,-0.5877852522924734,-0.8090169943749472,46.6,46.0,46.75,59.389,46.51833333333333,True,True
2023-08-08,46.8,220,1,8,-0.6016240632249227,-0.7987793728863648,46.7,46.1,46.75,59.426,46.519999999999996,True,True
2023-08-09,46.9,221,2,8,-0.6152845999633277,-0.7883050558305253,46.8,46.2,46.75,59.463,46.525,True,True
2023-08-10,47.0,222,3,8,-0.6287628145958345,-0.7775971469736268,46.9,46.3,46.75,59.5,46.53333333333333,True,True
