pubDate,avgPrice,day_of_year,day_of_week,month,doy_sin,doy_cos,avgPrice_lag_1,avgPrice_lag_7,avgPrice_lag_30,avgPrice_lag_365,avgPrice_MA_30,specInfo_UNKNOWN,prodPcat_特菜
2022-07-20,11.5,201,2,7,-0.3131070409358267,-0.9497178427914317,11.5,11.5,10.5,10.5,11.35,True,True
2022-07-21,11.5,202,3,7,-0.3294084822245302,-0.9441875088341994,11.5,11.5,10.6,10.318181818181818,11.379999999999999,True,True
2022-07-22,11.5,203,4,7,-0.3456123126707333,-0.9383773917408642,11.5,11.5,10.7,10.136363636363637,11.406666666666666,True,True
2022-07-23,11.5,204,5,7,-0.3617137307297674,-0.9322892131745134,11.5,11.5,10.8,9.954545454545455,11.43,True,True
2022-07-24,11.5,205,6,7,-0.37770796520396466,-0.9259247771938499,11.5,11.5,10.9,9.772727272727273,11.45,True,True
2022-07-25,11.5,206,0,7,-0.39359027665646645,-0.9192859697186105,11.5,11.5,11.0,9.59090909090909,11.466666666666667,True,True
2022-07-26,11.5,207,1,7,-0.4093559588156211,-0.9123747579707274,11.5,11.5,11.1,9.40909090909091,11.479999999999999,True,True
2022-07-27,11.5,208,2,7,-0.42500033996955394,-0.9051931898913975,11.5,11.5,11.2,9.227272727272727,11.49,True,True
2022-07-28,11.5,209,3,7,-0.4405187843504952,-0.8977433935342336,11.5,11.5,11.3,9.045454545454545,11.496666666666666,True,True
2022-07-29,11.5,210,4,7,-0.455906693508459,-0.8900275764346766,11.5,11.5,11.4,8.863636363636363,11.5,True,True
2022-07-30,11.5,211,5,7,-0.47115950767386394,-0.8820480249558535,11.5,11.5,11.5,8.681818181818182,11.5,True,True
2022-07-31,11.5,212,6,7,-0.4862727071086902,-0.8738071036110807,11.5,11.5,11.5,8.5,11.5,True,True
2022-08-01,11.5,213,0,8,-0.5012418134457756,-0.8653072543632061,11.5,11.5,11.5,8.5,11.5,True,True
2022-08-02,11.5,214,1,8,-0.5160623910158526,-0.8565509959010037,11.5,11.5,11.5,8.5,11.5,True,True
2022-08-03,11.5,215,2,8,-0.5307300481619331,-0.8475409228928312,11.5,11.5,11.5,8.5,11.5,True,True
2022-08-04,11.5,216,3,8,-0.5452404385406507,-0.8382797052177745,11.5,11.5,11.5,8.5,11.5,True,True
2022-08-05,11.5,217,4,8,-0.5595892624101763,-0.828770087174504,11.5,11.5,11.5,8.5,11.5,True,True
2022-08-06,11.5,218,5,8,-0.5737722679043243,-0.8190148866680802,11.5,11.5,11.5,8.5,11.5,True,True
2022-08-07,11.5,219,6,8,-0.5877852522924734,-0.8090169943749472,11.5,11.5,11.5,8.5,11.5,True,True
2022-08-08,11.5,220,0,8,-0.6016240632249227,-0.7987793728863648,11.5,11.5,11.5,8.5,11.5,True,True
2022-08-09,11.5,221,1,8,-0.6152845999633277,-0.7883050558305253,11.5,11.5,11.5,8.5,11.5,True,True
2022-08-10,11.5,222,2,8,-0.6287628145958345,-0.7775971469736268,11.5,11.5,11.5,8.5,11.5,True,True
2022-08-11,11.4,223,3,8,-0.6420547132365636,-0.7666588193001592,11.5,11.5,11.5,8.5,11.496666666666666,True,True
2022-08-12,11.3,224,4,8,-0.655156357209085,-0.7554933140726804,11.4,11.5,11.5,8.5,11.49,True,True
2022-08-13,11.2,225,5,8,-0.6680638642135333,-0.7441039398713608,11.3,11.5,11.5,8.5,11.479999999999999,True,True
2022-08-14,11.1,226,6,8,-0.6807734094770159,-0.7324940716135792,11.2,11.5,11.5,8.5,11.466666666666667,True,True
2022-08-15,11.0,227,0,8,-0.6932812268869771,-0.7206671495538615,11.1,11.5,11.5,8.5,11.45,True,True
2022-08-16,10.9,228,1,8,-0.7055836101071774,-0.70862667826446,11.0,11.5,11.5,8.5,11.43,True,True
2022-08-17,10.8,229,2,8,-0.7176769136759615,-0.6963762255968726,10.9,11.5,11.5,8.5,11.406666666666666,True,True
2022-08-18,10.7,230,3,8,-0.7295575540864876,-0.6839194216246105,10.8,11.4,11.5,8.5,11.379999999999999,True,True
2022-08-19,10.6,231,4,8,-0.7412220108485957,-0.6712599575675315,10.7,11.3,11.5,8.5,11.35,True,True
2022-08-20,10.5,232,5,8,-0.7526668275320083,-0.6584015846980489,10.6,11.2,11.5,8.5,11.316666666666666,True,True
2022-08-21,10.636363636363637,233,6,8,-0.7638886127905429,-0.64534811322955,10.5,11.1,11.5,8.5,11.287878787878787,True,True
2022-08-22,10.772727272727273,234,0,8,-0.7748840413670406,-0.6321034111873488,10.636363636363637,11.0,11.5,8.5,11.263636363636364,True,True
2022-08-23,10.909090909090908,235,1,8,-0.7856498550787144,-0.6186714032625032,10.772727272727273,10.9,11.5,8.5,11.243939393939394,True,True
2022-08-24,11.045454545454545,236,2,8,-0.7961828637826154,-0.6050560696488494,10.909090909090908,10.8,11.5,8.5,11.228787878787879,True,True
2022-08-25,11.181818181818182,237,3,8,-0.8064799463209447,-0.5912614448635782,11.045454545454545,10.7,11.5,8.5,11.218181818181819,True,True
2022-08-26,11.318181818181818,238,4,8,-0.8165380514459157,-0.5772916165517278,11.181818181818182,10.6,11.5,8.5,11.212121212121213,True,True
2022-08-27,11.454545454545455,239,5,8,-0.8263541987239094,-0.5631507242749187,11.318181818181818,10.5,11.5,8.5,11.210606060606061,True,True
2022-08-28,11.59090909090909,240,6,8,-0.8359254794186365,-0.5488429582847199,11.454545454545455,10.636363636363637,11.5,8.5,11.213636363636365,True,True
2022-08-29,11.727272727272727,241,0,8,-0.8452490573530634,-0.5343725582809785,11.59090909090909,10.772727272727273,11.5,8.5,11.22121212121212,True,True
2022-08-30,11.863636363636363,242,1,8,-0.8543221697498269,-0.5197438121555157,11.727272727272727,10.909090909090908,11.5,8.5,11.233333333333333,True,True
2022-08-31,12.0,243,2,8,-0.8631421280499115,-0.5049610547215202,11.863636363636363,11.045454545454545,11.5,8.5,11.25,True,True
2022-09-01,12.15,244,3,9,-0.8717063187093217,-0.4900286664290594,12.0,11.181818181818182,11.5,8.5,11.271666666666667,True,True
2022-09-02,12.3,245,4,9,-0.8800122039735356,-0.4749510720670502,12.15,11.318181818181818,11.5,8.5,11.298333333333334,True,True
2022-09-03,12.45,246,5,9,-0.888057322629493,-0.4597327394521046,12.3,11.454545454545455,11.5,8.5,11.33,True,True
2022-09-04,12.6,247,6,9,-0.8958392907349089,-0.4443781781046134,12.45,11.59090909090909,11.5,8.5,11.366666666666667,True,True
2022-09-05,12.75,248,0,9,-0.9033558023246842,-0.4288919379124841,12.6,11.727272727272727,11.5,8.5,11.408333333333333,True,True
2022-09-06,12.9,249,1,9,-0.9106046300942162,-0.41327860778290443,12.75,11.863636363636363,11.5,8.5,11.455,True,True
2022-09-07,13.05,250,2,9,-0.9175836260593934,-0.3975428142825566,12.9,12.0,11.5,8.5,11.506666666666666,True,True
2022-09-08,13.2,251,3,9,-0.9242907221930934,-0.3816892202666586,13.05,12.15,11.5,8.5,11.563333333333333,True,True
2022-09-09,13.35,252,4,9,-0.9307239310379793,-0.3657225234972692,13.2,12.3,11.5,8.5,11.625,True,True
2022-09-10,13.5,253,5,9,-0.9368813462954315,-0.34964745525122826,13.35,12.45,11.4,8.5,11.695,True,True
2022-09-11,13.5,254,6,9,-0.9427611433904206,-0.33346877891818705,13.5,12.6,11.3,8.4,11.768333333333334,True,True
2022-09-12,13.5,255,0,9,-0.9483615800121716,-0.31719128858910595,13.5,12.75,11.2,8.3,11.845,True,True
2022-09-13,13.5,256,1,9,-0.9536809966304455,-0.300819807635668,13.5,12.9,11.1,8.2,11.925,True,True
2022-09-14,13.5,257,2,9,-0.9587178169872964,-0.2843591872810036,13.5,13.05,11.0,8.1,12.008333333333333,True,True
2022-09-15,13.5,258,3,9,-0.9634705485641486,-0.26781430516217486,13.5,13.2,10.9,8.0,12.095,True,True
2022-09-16,13.5,259,4,9,-0.9679377830240642,-0.25119006388481957,13.5,13.35,10.8,7.9,12.185,True,True
2022-09-17,13.5,260,5,9,-0.9721181966290612,-0.23449138957041052,13.5,13.5,10.7,7.8,12.278333333333334,True,True
2022-09-18,13.5,261,6,9,-0.9760105506323682,-0.21772323039653224,13.5,13.5,10.6,7.7,12.375,True,True
2022-09-19,13.5,262,0,9,-0.9796136916454901,-0.20089055513063528,13.5,13.5,10.5,7.6,12.475,True,True
2022-09-20,13.5,263,1,9,-0.9829265519799822,-0.18399835165767986,13.5,13.5,10.636363636363637,7.5,12.570454545454545,True,True
2022-09-21,13.5,264,2,9,-0.9859481499638303,-0.1670516255021195,13.5,13.5,10.772727272727273,7.475,12.661363636363635,True,True
2022-09-22,13.5,265,3,9,-0.9886775902323404,-0.15005539834465262,13.5,13.5,10.909090909090908,7.45,12.747727272727273,True,True
2022-09-23,13.5,266,4,9,-0.9911140639934546,-0.13301470653419636,13.5,13.5,11.045454545454545,7.425,12.829545454545455,True,True
2022-09-24,13.5,267,5,9,-0.9932568492674143,-0.11593459959550066,13.5,13.5,11.181818181818182,7.4,12.906818181818181,True,True
2022-09-25,13.5,268,6,9,-0.9951053111006974,-0.09882013873287211,13.5,13.5,11.318181818181818,7.375,12.979545454545454,True,True
2022-09-26,13.5,269,0,9,-0.99665890175417,-0.08167639533042288,13.5,13.5,11.454545454545455,7.35,13.047727272727274,True,True
2022-09-27,13.5,270,1,9,-0.9979171608653922,-0.06450844944931625,13.5,13.5,11.59090909090909,7.325,13.111363636363636,True,True
2022-09-28,13.5,271,2,9,-0.9988797155850335,-0.04732138832243232,13.5,13.5,11.727272727272727,7.3,13.170454545454545,True,True
2022-09-29,13.5,272,3,9,-0.9995462806873573,-0.03012030484690836,13.5,13.5,11.863636363636363,7.275,13.225,True,True
2022-09-30,13.5,273,4,9,-0.9999166586547379,-0.012910296075008843,13.5,13.5,12.0,7.25,13.275,True,True
2022-10-01,13.5,274,5,10,-0.9999907397361901,0.004303538296243821,13.5,13.5,12.15,8.0625,13.32,True,True
2022-10-02,13.5,275,6,10,-0.9997685019798909,0.021516097436222233,13.5,13.5,12.3,8.875,13.360000000000001,True,True
2022-10-03,13.5,276,0,10,-0.9992500112396835,0.03872228089217399,13.5,13.5,12.45,9.6875,13.395000000000001,True,True
2022-10-04,13.5,277,1,10,-0.9984354211555643,0.05591699010060302,13.5,13.5,12.6,10.5,13.425,True,True
2022-10-05,13.5,278,2,10,-0.9973249731081555,0.07309512989807776,13.5,13.5,12.75,11.3125,13.45,True,True
2022-10-06,13.5,279,3,10,-0.9959189961471792,0.0902516100310407,13.5,13.5,12.9,12.125,13.47,True,True
2022-10-07,13.5,280,4,10,-0.994217906893952,0.10738134666416306,13.5,13.5,13.05,12.9375,13.485000000000001,True,True
2022-10-08,13.5,281,5,10,-0.9922222094179324,0.12447926388678869,13.5,13.5,13.2,13.75,13.495000000000001,True,True
2022-10-09,13.5,282,6,10,-0.989932495087353,0.141540295217043,13.5,13.5,13.35,14.5625,13.5,True,True
2022-10-10,13.5,283,0,10,-0.9873494423939864,0.15855938510313475,13.5,13.5,13.5,15.375,13.5,True,True
2022-10-11,13.5,284,1,10,-0.9844738167520923,0.17553149042142777,13.5,13.5,13.5,16.1875,13.5,True,True
2022-10-12,13.5,285,2,10,-0.9813064702716093,0.19245158197082995,13.5,13.5,13.5,17.0,13.5,True,True
2022-10-13,13.5,286,3,10,-0.9778483415056567,0.20931464596304888,13.5,13.5,13.5,17.8125,13.5,True,True
2022-10-14,13.5,287,4,10,-0.9741004551724206,0.22611568550828803,13.5,13.5,13.5,18.625,13.5,True,True
2022-10-15,13.5,288,5,10,-0.970063921851507,0.2428497220959358,13.5,13.5,13.5,19.4375,13.5,True,True
2022-10-16,13.5,289,6,10,-0.965739937654855,0.25951179706979943,13.5,13.5,13.5,20.25,13.5,True,True
2022-10-17,13.5,290,0,10,-0.9611297838723007,0.27609697309746883,13.5,13.5,13.5,21.0625,13.5,True,True
2022-10-18,13.5,291,1,10,-0.9562348265919058,0.2926003356333479,13.5,13.5,13.5,21.875,13.5,True,True
2022-10-19,13.5,292,2,10,-0.9510565162951536,0.30901699437494723,13.5,13.5,13.5,22.6875,13.5,True,True
2022-10-20,13.5,293,3,10,-0.9455963874271428,0.3253420847119795,13.5,13.5,13.5,23.5,13.5,True,True
2022-10-21,13.227272727272727,294,4,10,-0.9398560579418953,0.341570769167856,13.5,13.5,13.5,23.5,13.490909090909092,True,True
2022-10-22,12.954545454545455,295,5,10,-0.9338372288229252,0.35769823883312546,13.227272727272727,13.5,13.5,23.5,13.472727272727273,True,True
2022-10-23,12.681818181818182,296,6,10,-0.9275416835791965,0.3737197147904692,12.954545454545455,13.5,13.5,23.5,13.445454545454545,True,True
2022-10-24,12.40909090909091,297,0,10,-0.9209712877166347,0.38963044953078774,12.681818181818182,13.5,13.5,23.5,13.409090909090908,True,True
2022-10-25,12.136363636363637,298,1,10,-0.9141279881853337,0.4054257283599973,12.40909090909091,13.5,13.5,23.5,13.363636363636365,True,True
2022-10-26,11.863636363636363,299,2,10,-0.9070138128026362,0.42110087079608916,12.136363636363637,13.5,13.5,23.5,13.309090909090909,True,True
2022-10-27,11.590909090909092,300,3,10,-0.8996308696522434,0.4366512319560638,11.863636363636363,13.5,13.5,23.5,13.245454545454546,True,True
2022-10-28,11.318181818181818,301,4,10,-0.8919813464595487,0.45207220393230374,11.590909090909092,13.227272727272727,13.5,23.5,13.172727272727274,True,True
2022-10-29,11.045454545454547,302,5,10,-0.8840675099433637,0.46735921715800205,11.318181818181818,12.954545454545455,13.5,23.5,13.090909090909092,True,True
2022-10-30,10.772727272727273,303,6,10,-0.8758917051442433,0.48250774176121763,11.045454545454547,12.681818181818182,13.5,23.5,13.0,True,True
2022-10-31,10.5,304,0,10,-0.8674563547295971,0.4975132889071803,10.772727272727273,12.40909090909091,13.5,23.5,12.9,True,True
2022-11-01,10.5,305,1,11,-0.858763958275803,0.5123714121284235,10.5,12.136363636363637,13.5,23.2,12.8,True,True
2022-11-02,10.5,306,2,11,-0.8498170915275277,0.5270777086423724,10.5,11.863636363636363,13.5,22.9,12.7,True,True
2022-11-03,10.5,307,3,11,-0.8406184056344783,0.5416278206559811,10.5,11.590909090909092,13.5,22.6,12.6,True,True
2022-11-04,10.5,308,4,11,-0.8311706263658079,0.5560174366570446,10.5,11.318181818181818,13.5,22.3,12.5,True,True
2022-11-05,10.5,309,5,11,-0.8214765533024145,0.5702422926917867,10.5,11.045454545454547,13.5,22.0,12.4,True,True
2022-11-06,10.5,310,6,11,-0.8115390590073611,0.5842981736283683,10.5,10.772727272727273,13.5,21.7,12.3,True,True
2022-11-07,10.5,311,0,11,-0.801361088174677,0.5981809144059158,10.5,10.5,13.5,21.4,12.2,True,True
2022-11-08,10.5,312,1,11,-0.7909456567567774,0.6118864012687242,10.5,10.5,13.5,21.1,12.1,True,True
2022-11-09,10.5,313,2,11,-0.780295851070776,0.6254105729852457,10.5,10.5,13.5,20.8,12.0,True,True
2022-11-10,10.5,314,3,11,-0.7694148268839381,0.6387494220515268,10.5,10.5,13.5,20.5,11.9,True,True
2022-11-11,10.5,315,4,11,-0.7583058084785625,0.6518989958787125,10.5,10.5,13.5,20.35,11.8,True,True
2022-11-12,10.5,316,5,11,-0.7469720876965551,0.6648553979642866,10.5,10.5,13.5,20.2,11.7,True,True
2022-11-13,10.5,317,6,11,-0.7354170229639858,0.6776147890466887,10.5,10.5,13.5,20.05,11.6,True,True
2022-11-14,10.5,318,0,11,-0.7236440382959124,0.690173388242972,10.5,10.5,13.5,19.9,11.5,True,True
2022-11-15,10.5,319,1,11,-0.711656622281775,0.7025274741691566,10.5,10.5,13.5,19.75,11.4,True,True
2022-11-16,10.5,320,2,11,-0.6994583270516471,0.7146733860429608,10.5,10.5,13.5,19.6,11.3,True,True
2022-11-17,10.5,321,3,11,-0.6870527672236675,0.7266075247685652,10.5,10.5,13.5,19.45,11.2,True,True
2022-11-18,10.5,322,4,11,-0.6744436188329457,0.7383263540031063,10.5,10.5,13.5,19.3,11.1,True,True
2022-11-19,10.5,323,5,11,-0.661634618242279,0.749826401204568,10.5,10.5,13.5,19.15,11.0,True,True
2022-11-20,10.5,324,6,11,-0.6486295610349818,0.7611042586607742,10.5,10.5,13.227272727272727,19.0,10.909090909090908,True,True
2022-11-21,10.5,325,0,11,-0.6354323008901775,0.7721565844991641,10.5,10.5,12.954545454545455,18.7,10.827272727272726,True,True
2022-11-22,10.5,326,1,11,-0.622046748440868,0.7829801036770624,10.5,10.5,12.681818181818182,18.4,10.754545454545454,True,True
2022-11-23,10.5,327,2,11,-0.6084768701151264,0.7935716089521472,10.5,10.5,12.40909090909091,18.1,10.690909090909091,True,True
2022-11-24,10.5,328,3,11,-0.594726686960764,0.8039279618328208,10.5,10.5,12.136363636363637,17.8,10.636363636363635,True,True
2022-11-25,10.5,329,4,11,-0.5808002734538013,0.8140460935082175,10.5,10.5,11.863636363636363,17.5,10.590909090909092,True,True
2022-11-26,10.5,330,5,11,-0.5667017562911184,0.8239230057575536,10.5,10.5,11.590909090909092,17.2,10.554545454545455,True,True
2022-11-27,10.5,331,6,11,-0.5524353131676203,0.8335557718385695,10.5,10.5,11.318181818181818,16.9,10.527272727272727,True,True
2022-11-28,10.5,332,0,11,-0.5380051715382992,0.8429415373547832,10.5,10.5,11.045454545454547,16.6,10.509090909090908,True,True
2022-11-29,10.5,333,1,11,-0.5234156073655503,0.8520775211013093,10.5,10.5,10.772727272727273,16.3,10.5,True,True
2022-11-30,10.5,334,2,11,-0.5086709438521042,0.8609610158889945,10.5,10.5,10.5,16.0,10.5,True,True
2022-12-01,10.55,335,3,12,-0.49377555015997737,0.8695893893466109,10.5,10.5,10.5,15.7,10.501666666666667,True,True
2022-12-02,10.6,336,4,12,-0.4787338401157883,0.8779600847008883,10.55,10.5,10.5,15.4,10.504999999999999,True,True
2022-12-03,10.65,337,5,12,-0.4635502709028512,0.8860706215341378,10.6,10.5,10.5,15.1,10.51,True,True
2022-12-04,10.7,338,6,12,-0.4482293417404106,0.893918596519257,10.65,10.5,10.5,14.8,10.516666666666667,True,True
2022-12-05,10.75,339,0,12,-0.4327755925504317,0.9015016841318838,10.7,10.5,10.5,14.5,10.525,True,True
2022-12-06,10.8,340,1,12,-0.41719360261231697,0.9088176373395028,10.75,10.5,10.5,14.2,10.535,True,True
2022-12-07,10.85,341,2,12,-0.4014879892059737,0.9158642882672868,10.8,10.5,10.5,13.9,10.546666666666665,True,True
2022-12-08,10.9,342,3,12,-0.38566340624360745,0.9226395488404875,10.85,10.55,10.5,13.600000000000001,10.56,True,True
2022-12-09,10.95,343,4,12,-0.3697245428906732,0.9291414114031743,10.9,10.6,10.5,13.3,10.575,True,True
2022-12-10,11.0,344,5,12,-0.3536761221763721,0.935367949313148,10.95,10.65,10.5,13.0,10.591666666666667,True,True
2022-12-11,11.05,345,6,12,-0.33752289959411347,0.941317317512847,11.0,10.7,10.5,13.0,10.610000000000001,True,True
2022-12-12,11.1,346,0,12,-0.32126966169236515,0.9469877530760751,11.05,10.75,10.5,13.0,10.629999999999999,True,True
2022-12-13,11.15,347,1,12,-0.3049212246562894,0.9523775757303973,11.1,10.8,10.5,13.0,10.651666666666667,True,True
2022-12-14,11.2,348,2,12,-0.2884824328806098,0.9574851883550389,11.15,10.85,10.5,13.0,10.675,True,True
2022-12-15,11.25,349,3,12,-0.27195815753410524,0.9623090774541487,11.2,10.9,10.5,13.0,10.7,True,True
2022-12-16,11.3,350,4,12,-0.2553532951161881,0.9668478136052773,11.25,10.95,10.5,13.0,10.726666666666667,True,True
2022-12-17,11.35,351,5,12,-0.23867276600594997,0.9711000518829505,11.3,11.0,10.5,13.0,10.754999999999999,True,True
2022-12-18,11.4,352,6,12,-0.22192151300416674,0.9750645322571945,11.35,11.05,10.5,13.0,10.785,True,True
2022-12-19,11.45,353,0,12,-0.20510449986861926,0.9787400799669153,11.4,11.1,10.5,13.0,10.816666666666666,True,True
2022-12-20,11.5,354,1,12,-0.1882267098432439,0.9821256058680006,11.45,11.15,10.5,13.0,10.85,True,True
2022-12-21,11.590909090909092,355,2,12,-0.1712931441814778,0.9852201067560606,11.5,11.2,10.5,13.090909090909092,10.886363636363637,True,True
2022-12-22,11.681818181818182,356,3,12,-0.154308820664281,0.9880226656636976,11.590909090909092,11.25,10.5,13.181818181818182,10.925757575757576,True,True
2022-12-23,11.772727272727273,357,4,12,-0.13727877211326517,0.9905324521322227,11.681818181818182,11.3,10.5,13.272727272727273,10.968181818181819,True,True
2022-12-24,11.863636363636363,358,5,12,-0.12020804489935275,0.9927487224577402,11.772727272727273,11.35,10.5,13.363636363636363,11.013636363636364,True,True
2022-12-25,11.954545454545455,359,6,12,-0.10310169744743544,0.9946708199115211,11.863636363636363,11.4,10.5,13.454545454545455,11.062121212121212,True,True
2022-12-26,12.045454545454545,360,0,12,-0.0859647987374467,0.9962981749346077,11.954545454545455,11.45,10.5,13.545454545454545,11.113636363636365,True,True
2022-12-27,12.136363636363637,361,1,12,-0.06880242680232064,0.9976303053065857,12.045454545454545,11.5,10.5,13.636363636363637,11.168181818181818,True,True
2022-12-28,12.227272727272727,362,2,12,-0.05161966722325418,0.9986668162884759,12.136363636363637,11.590909090909092,10.5,13.727272727272727,11.225757575757575,True,True
2022-12-29,12.318181818181818,363,3,12,-0.034421611622745804,0.9994074007397048,12.227272727272727,11.681818181818182,10.5,13.818181818181818,11.286363636363637,True,True
2022-12-30,12.40909090909091,364,4,12,-0.01721335615583528,0.9998518392091162,12.318181818181818,11.772727272727273,10.5,13.90909090909091,11.35,True,True
2022-12-31,12.5,365,5,12,6.432490598706546e-16,1.0,12.40909090909091,11.863636363636363,10.55,14.0,11.415,True,True
2023-01-01,12.661290322580646,1,6,1,0.017213356155834685,0.9998518392091162,12.5,11.954545454545455,10.6,13.45,11.483709677419357,True,True
2023-01-02,12.82258064516129,2,0,1,0.03442161162274574,0.9994074007397048,12.661290322580646,12.045454545454545,10.65,12.9,11.556129032258065,True,True
2023-01-03,12.983870967741936,3,1,1,0.051619667223253764,0.998666816288476,12.82258064516129,12.136363636363637,10.7,12.35,11.63225806451613,True,True
2023-01-04,13.14516129032258,4,2,1,0.06880242680231986,0.9976303053065857,12.983870967741936,12.227272727272727,10.75,11.8,11.712096774193549,True,True
2023-01-05,13.306451612903226,5,3,1,0.08596479873744647,0.9962981749346078,13.14516129032258,12.318181818181818,10.8,11.25,11.795645161290322,True,True
2023-01-06,13.467741935483872,6,4,1,0.10310169744743485,0.9946708199115211,13.306451612903226,12.40909090909091,10.85,10.7,11.882903225806452,True,True
2023-01-07,13.629032258064516,7,5,1,0.1202080448993527,0.9927487224577402,13.467741935483872,12.5,10.9,10.149999999999999,11.973870967741934,True,True
2023-01-08,13.790322580645162,8,6,1,0.13727877211326478,0.9905324521322229,13.629032258064516,12.661290322580646,10.95,9.6,12.068548387096774,True,True
2023-01-09,13.951612903225806,9,0,1,0.15430882066428117,0.9880226656636976,13.790322580645162,12.82258064516129,11.0,9.05,12.166935483870967,True,True
2023-01-10,14.112903225806452,10,1,1,0.1712931441814776,0.9852201067560606,13.951612903225806,12.983870967741936,11.05,8.5,12.269032258064517,True,True
2023-01-11,14.274193548387096,11,2,1,0.1882267098432442,0.9821256058680006,14.112903225806452,13.14516129032258,11.1,8.5,12.37483870967742,True,True
2023-01-12,14.435483870967742,12,3,1,0.2051044998686192,0.9787400799669153,14.274193548387096,13.306451612903226,11.15,8.5,12.484354838709676,True,True
2023-01-13,14.596774193548388,13,4,1,0.2219215130041655,0.9750645322571948,14.435483870967742,13.467741935483872,11.2,8.5,12.59758064516129,True,True
2023-01-14,14.758064516129032,14,5,1,0.2386727660059501,0.9711000518829505,14.596774193548388,13.629032258064516,11.25,8.5,12.714516129032258,True,True
2023-01-15,14.919354838709678,15,6,1,0.255353295116187,0.9668478136052775,14.758064516129032,13.790322580645162,11.3,8.5,12.835161290322581,True,True
2023-01-16,15.080645161290322,16,0,1,0.2719581575341055,0.9623090774541486,14.919354838709678,13.951612903225806,11.35,8.5,12.95951612903226,True,True
2023-01-17,15.241935483870968,17,1,1,0.288482432880609,0.9574851883550393,15.080645161290322,14.112903225806452,11.4,8.5,13.08758064516129,True,True
2023-01-18,15.403225806451612,18,2,1,0.30492122465628907,0.9523775757303974,15.241935483870968,14.274193548387096,11.45,8.5,13.219354838709677,True,True
2023-01-19,15.564516129032258,19,3,1,0.3212696616923644,0.9469877530760753,15.403225806451612,14.435483870967742,11.5,8.5,13.354838709677418,True,True
2023-01-20,15.725806451612904,20,4,1,0.3375228995941133,0.9413173175128471,15.564516129032258,14.596774193548388,11.590909090909092,8.5,13.49266862170088,True,True
2023-01-21,15.887096774193548,21,5,1,0.3536761221763716,0.9353679493131483,15.725806451612904,14.758064516129032,11.681818181818182,8.5,13.632844574780059,True,True
2023-01-22,16.048387096774192,22,6,1,0.3697245428906731,0.9291414114031743,15.887096774193548,14.919354838709678,11.772727272727273,8.5,13.775366568914956,True,True
2023-01-23,16.20967741935484,23,0,1,0.38566340624360707,0.9226395488404876,16.048387096774192,15.080645161290322,11.863636363636363,8.5,13.92023460410557,True,True
2023-01-24,16.370967741935484,24,1,1,0.401487989205973,0.9158642882672872,16.20967741935484,15.241935483870968,11.954545454545455,8.5,14.067448680351905,True,True
2023-01-25,16.532258064516128,25,2,1,0.4171936026123168,0.9088176373395029,16.370967741935484,15.403225806451612,12.045454545454545,8.5,14.217008797653959,True,True
2023-01-26,16.693548387096776,26,3,1,0.4327755925504312,0.901501684131884,16.532258064516128,15.564516129032258,12.136363636363637,8.5,14.36891495601173,True,True
2023-01-27,16.85483870967742,27,4,1,0.4482293417404106,0.893918596519257,16.693548387096776,15.725806451612904,12.227272727272727,8.5,14.523167155425222,True,True
2023-01-28,17.016129032258064,28,5,1,0.4635502709028509,0.886070621534138,16.85483870967742,15.887096774193548,12.318181818181818,8.5,14.679765395894428,True,True
2023-01-29,17.17741935483871,29,6,1,0.47873384011578846,0.8779600847008882,17.016129032258064,16.048387096774192,12.40909090909091,8.5,14.838709677419356,True,True
2023-01-30,17.338709677419356,30,0,1,0.49377555015997715,0.869589389346611,17.17741935483871,16.20967741935484,12.5,8.5,15.0,True,True
2023-01-31,17.5,31,1,1,0.5086709438521044,0.8609610158889943,17.338709677419356,16.370967741935484,12.661290322580646,8.5,15.161290322580644,True,True
2023-02-01,17.85,32,2,2,0.5234156073655503,0.8520775211013093,17.5,16.532258064516128,12.82258064516129,8.5,15.328870967741937,True,True
2023-02-02,18.2,33,3,2,0.5380051715382996,0.8429415373547828,17.85,16.693548387096776,12.983870967741936,8.5,15.50274193548387,True,True
2023-02-03,18.55,34,4,2,0.5524353131676196,0.8335557718385699,18.2,16.85483870967742,13.14516129032258,8.5,15.682903225806452,True,True
2023-02-04,18.9,35,5,2,0.5667017562911176,0.8239230057575542,18.55,17.016129032258064,13.306451612903226,8.5,15.869354838709677,True,True
2023-02-05,19.25,36,6,2,0.5808002734538009,0.8140460935082178,18.9,17.17741935483871,13.467741935483872,8.5,16.06209677419355,True,True
2023-02-06,19.6,37,0,2,0.5947266869607634,0.8039279618328213,19.25,17.338709677419356,13.629032258064516,8.5,16.261129032258065,True,True
2023-02-07,19.95,38,1,2,0.6084768701151261,0.7935716089521474,19.6,17.5,13.790322580645162,8.5,16.466451612903224,True,True
2023-02-08,20.3,39,2,2,0.6220467484408675,0.7829801036770629,19.95,17.85,13.951612903225806,8.5,16.678064516129034,True,True
2023-02-09,20.65,40,3,2,0.6354323008901774,0.7721565844991642,20.3,18.2,14.112903225806452,8.5,16.895967741935483,True,True
2023-02-10,21.0,41,4,2,0.6486295610349814,0.7611042586607747,20.65,18.55,14.274193548387096,8.5,17.12016129032258,True,True
2023-02-11,21.35,42,5,2,0.6616346182422783,0.7498264012045686,21.0,18.9,14.435483870967742,9.2,17.350645161290323,True,True
2023-02-12,21.7,43,6,2,0.6744436188329455,0.7383263540031065,21.35,19.25,14.596774193548388,9.9,17.58741935483871,True,True
2023-02-13,22.05,44,0,2,0.6870527672236669,0.7266075247685656,21.7,19.6,14.758064516129032,10.6,17.83048387096774,True,True
2023-02-14,22.4,45,1,2,0.699458327051647,0.7146733860429609,22.05,19.95,14.919354838709678,11.3,18.07983870967742,True,True
2023-02-15,22.75,46,2,2,0.7116566222817746,0.7025274741691571,22.4,20.3,15.080645161290322,12.0,18.335483870967742,True,True
2023-02-16,23.1,47,3,2,0.7236440382959124,0.6901733882429719,22.75,20.65,15.241935483870968,12.7,18.59741935483871,True,True
2023-02-17,23.45,48,4,2,0.7354170229639855,0.6776147890466889,23.1,21.0,15.403225806451612,13.399999999999999,18.865645161290324,True,True
2023-02-18,23.8,49,5,2,0.7469720876965552,0.6648553979642865,23.45,21.35,15.564516129032258,14.1,19.140161290322578,True,True
2023-02-19,24.15,50,6,2,0.7583058084785624,0.6518989958787126,23.8,21.7,15.725806451612904,14.8,19.420967741935485,True,True
2023-02-20,24.5,51,0,2,0.7694148268839378,0.6387494220515272,24.15,22.05,15.887096774193548,15.5,19.70806451612903,True,True
2023-02-21,24.625,52,1,2,0.7802958510707755,0.6254105729852463,24.5,22.4,16.048387096774192,15.25,19.993951612903228,True,True
2023-02-22,24.75,53,2,2,0.7909456567567772,0.6118864012687243,24.625,22.75,16.20967741935484,15.0,20.278629032258063,True,True
2023-02-23,24.875,54,3,2,0.8013610881746766,0.5981809144059165,24.75,23.1,16.370967741935484,14.75,20.56209677419355,True,True
2023-02-24,25.0,55,4,2,0.8115390590073611,0.5842981736283684,24.875,23.45,16.532258064516128,14.5,20.84435483870968,True,True
2023-02-25,25.125,56,5,2,0.8214765533024142,0.5702422926917871,25.0,23.8,16.693548387096776,14.25,21.125403225806455,True,True
2023-02-26,25.25,57,6,2,0.8311706263658079,0.5560174366570446,25.125,24.15,16.85483870967742,14.0,21.405241935483875,True,True
2023-02-27,25.375,58,0,2,0.8406184056344782,0.5416278206559814,25.25,24.5,17.016129032258064,13.75,21.68387096774194,True,True
2023-02-28,25.5,59,1,2,0.8498170915275278,0.5270777086423722,25.375,24.625,17.17741935483871,13.5,21.961290322580645,True,True
2023-03-01,25.1,60,2,3,0.8587639582758029,0.5123714121284237,25.5,24.75,17.338709677419356,13.5,22.219999999999995,True,True
2023-03-02,24.7,61,3,3,0.8674563547295969,0.49751328890718066,25.1,24.875,17.5,13.5,22.459999999999997,True,True
2023-03-03,24.3,62,4,3,0.8758917051442429,0.48250774176121847,24.7,25.0,17.85,13.5,22.675,True,True
2023-03-04,23.9,63,5,3,0.8840675099433636,0.4673592171580022,24.3,25.125,18.2,13.5,22.865000000000002,True,True
2023-03-05,23.5,64,6,3,0.8919813464595485,0.45207220393230435,23.9,25.25,18.55,13.5,23.030000000000005,True,True
2023-03-06,23.1,65,0,3,0.8996308696522433,0.43665123195606403,23.5,25.375,18.9,13.5,23.169999999999998,True,True
2023-03-07,22.7,66,1,3,0.9070138128026359,0.4211008707960896,23.1,25.5,19.25,13.5,23.285,True,True
2023-03-08,22.3,67,2,3,0.9141279881853337,0.40542572835999735,22.7,25.1,19.6,13.5,23.375,True,True
2023-03-09,21.9,68,3,3,0.9209712877166346,0.38963044953078796,22.3,24.7,19.95,13.5,23.44,True,True
2023-03-10,21.5,69,4,3,0.9275416835791966,0.37371971479046906,21.9,24.3,20.3,13.5,23.480000000000004,True,True
2023-03-11,20.8,70,5,3,0.9338372288229252,0.35769823883312546,21.5,23.9,20.65,13.5,23.485,True,True
2023-03-12,20.1,71,6,3,0.9398560579418954,0.3415707691678556,20.8,23.5,21.0,13.5,23.455,True,True
2023-03-13,19.4,72,0,3,0.9455963874271426,0.3253420847119801,20.1,23.1,21.35,13.5,23.39,True,True
2023-03-14,18.7,73,1,3,0.9510565162951535,0.30901699437494745,19.4,22.7,21.7,13.5,23.290000000000003,True,True
2023-03-15,18.0,74,2,3,0.9562348265919056,0.29260033563334836,18.7,22.3,22.05,13.5,23.155000000000005,True,True
2023-03-16,17.3,75,3,3,0.9611297838723007,0.27609697309746883,18.0,21.9,22.4,13.5,22.985,True,True
2023-03-17,16.6,76,4,3,0.9657399376548549,0.2595117970697999,17.3,21.5,22.75,13.5,22.779999999999998,True,True
2023-03-18,15.9,77,5,3,0.9700639218515071,0.2428497220959356,16.6,20.8,23.1,13.5,22.540000000000003,True,True
2023-03-19,15.2,78,6,3,0.9741004551724205,0.22611568550828828,15.9,20.1,23.45,13.5,22.265,True,True
2023-03-20,14.5,79,0,3,0.9778483415056568,0.20931464596304847,15.2,19.4,23.8,13.5,21.955000000000002,True,True
2023-03-21,14.409090909090908,80,1,3,0.9813064702716093,0.19245158197082998,14.5,18.7,24.15,13.613636363636363,21.63030303030303,True,True
2023-03-22,14.318181818181818,81,2,3,0.9844738167520922,0.1755314904214282,14.409090909090908,18.0,24.5,13.727272727272727,21.29090909090909,True,True
2023-03-23,14.227272727272727,82,3,3,0.9873494423939864,0.15855938510313475,14.318181818181818,17.3,24.625,13.840909090909092,20.94431818181818,True,True
2023-03-24,14.136363636363637,83,4,3,0.989932495087353,0.141540295217043,14.227272727272727,16.6,24.75,13.954545454545455,20.5905303030303,True,True
2023-03-25,14.045454545454545,84,5,3,0.9922222094179323,0.12447926388678915,14.136363636363637,15.9,24.875,14.068181818181818,20.229545454545455,True,True
2023-03-26,13.954545454545455,85,6,3,0.994217906893952,0.10738134666416309,14.045454545454545,15.2,25.0,14.181818181818182,19.861363636363635,True,True
2023-03-27,13.863636363636363,86,0,3,0.995918996147179,0.09025161003104117,13.954545454545455,14.5,25.125,14.295454545454545,19.485984848484847,True,True
2023-03-28,13.772727272727273,87,1,3,0.9973249731081555,0.07309512989807777,13.863636363636363,14.409090909090908,25.25,14.409090909090908,19.10340909090909,True,True
2023-03-29,13.681818181818182,88,2,3,0.9984354211555643,0.055916990100603484,13.772727272727273,14.318181818181818,25.375,14.522727272727273,18.71363636363636,True,True
2023-03-30,13.59090909090909,89,3,3,0.9992500112396835,0.03872228089217446,13.681818181818182,14.227272727272727,25.5,14.636363636363637,18.316666666666666,True,True
2023-03-31,13.5,90,4,3,0.9997685019798909,0.021516097436222254,13.59090909090909,14.136363636363637,25.1,14.75,17.930000000000003,True,True
2023-04-01,13.0,91,5,4,0.9999907397361901,0.004303538296244289,13.5,14.045454545454545,24.7,14.825,17.540000000000003,True,True
2023-04-02,12.5,92,6,4,0.9999166586547379,-0.01291029607500882,13.0,13.954545454545455,24.3,14.9,17.146666666666665,True,True
2023-04-03,12.0,93,0,4,0.9995462806873573,-0.030120304846908114,12.5,13.863636363636363,23.9,14.975,16.75,True,True
2023-04-04,11.5,94,1,4,0.9988797155850336,-0.04732138832243185,12.0,13.772727272727273,23.5,15.05,16.35,True,True
2023-04-05,11.0,95,2,4,0.9979171608653922,-0.06450844944931623,11.5,13.681818181818182,23.1,15.125,15.946666666666665,True,True
2023-04-06,10.5,96,3,4,0.9966589017541702,-0.08167639533042241,11.0,13.59090909090909,22.7,15.2,15.54,True,True
2023-04-07,10.0,97,4,4,0.9951053111006976,-0.09882013873287143,10.5,13.5,22.3,15.275,15.129999999999999,True,True
2023-04-08,9.5,98,5,4,0.9932568492674143,-0.11593459959550041,10.0,13.0,21.9,15.35,14.716666666666667,True,True
2023-04-09,9.0,99,6,4,0.9911140639934547,-0.1330147065341959,9.5,12.5,21.5,15.425,14.3,True,True
2023-04-10,8.5,100,0,4,0.9886775902323405,-0.1500553983446526,9.0,12.0,20.8,15.5,13.889999999999999,True,True
2023-04-11,8.65,101,1,4,0.9859481499638304,-0.16705162550211924,8.5,11.5,20.1,15.35,13.508333333333333,True,True
2023-04-12,8.8,102,2,4,0.9829265519799822,-0.18399835165768005,8.65,11.0,19.4,15.2,13.155,True,True
2023-04-13,8.95,103,3,4,0.9796136916454901,-0.20089055513063506,8.8,10.5,18.7,15.05,12.830000000000002,True,True
2023-04-14,9.1,104,4,4,0.9760105506323683,-0.21772323039653177,8.95,10.0,18.0,14.9,12.533333333333333,True,True
2023-04-15,9.25,105,5,4,0.9721181966290613,-0.23449138957040985,9.1,9.5,17.3,14.75,12.264999999999999,True,True
2023-04-16,9.4,106,6,4,0.9679377830240642,-0.25119006388481935,9.25,9.0,16.6,14.6,12.025,True,True
2023-04-17,9.55,107,0,4,0.9634705485641488,-0.2678143051621742,9.4,8.5,15.9,14.45,11.813333333333333,True,True
2023-04-18,9.7,108,1,4,0.9587178169872964,-0.2843591872810034,9.55,8.65,15.2,14.3,11.63,True,True
2023-04-19,9.85,109,2,4,0.9536809966304457,-0.30081980763566735,9.7,8.8,14.5,14.15,11.475,True,True
2023-04-20,10.0,110,3,4,0.9483615800121715,-0.3171912885891061,9.85,8.95,14.409090909090908,14.0,11.328030303030301,True,True
2023-04-21,10.15,111,4,4,0.9427611433904207,-0.3334687789181868,10.0,9.1,14.318181818181818,13.85,11.18909090909091,True,True
2023-04-22,10.3,112,5,4,0.9368813462954315,-0.3496474552512284,10.15,9.25,14.227272727272727,13.7,11.058181818181819,True,True
2023-04-23,10.45,113,6,4,0.9307239310379795,-0.36572252349726897,10.3,9.4,14.136363636363637,13.55,10.93530303030303,True,True
2023-04-24,10.6,114,0,4,0.9242907221930933,-0.3816892202666588,10.45,9.55,14.045454545454545,13.4,10.820454545454545,True,True
2023-04-25,10.75,115,1,4,0.9175836260593937,-0.39754281428255595,10.6,9.7,13.954545454545455,13.25,10.713636363636363,True,True
2023-04-26,10.9,116,2,4,0.9106046300942162,-0.4132786077829042,10.75,9.85,13.863636363636363,13.1,10.614848484848487,True,True
2023-04-27,11.05,117,3,4,0.9033558023246845,-0.4288919379124835,10.9,10.0,13.772727272727273,12.95,10.524090909090908,True,True
2023-04-28,11.2,118,4,4,0.895839290734909,-0.4443781781046132,11.05,10.15,13.681818181818182,12.8,10.441363636363636,True,True
2023-04-29,11.35,119,5,4,0.8880573226294932,-0.45973273945210397,11.2,10.3,13.59090909090909,12.65,10.366666666666667,True,True
2023-04-30,11.5,120,6,4,0.8800122039735357,-0.47495107206704995,11.35,10.45,13.5,12.5,10.3,True,True
2023-05-01,11.4,121,0,5,0.8717063187093218,-0.4900286664290592,11.5,10.6,13.0,12.3,10.246666666666668,True,True
2023-05-02,11.3,122,1,5,0.8631421280499114,-0.5049610547215204,11.4,10.75,12.5,12.1,10.206666666666667,True,True
2023-05-03,11.2,123,2,5,0.854322169749827,-0.5197438121555155,11.3,10.9,12.0,11.9,10.180000000000001,True,True
2023-05-04,11.1,124,3,5,0.8452490573530633,-0.5343725582809786,11.2,11.05,11.5,11.7,10.166666666666666,True,True
2023-05-05,11.0,125,4,5,0.8359254794186372,-0.548842958284719,11.1,11.2,11.0,11.5,10.166666666666666,True,True
2023-05-06,10.9,126,5,5,0.8263541987239096,-0.5631507242749186,11.0,11.35,10.5,11.3,10.180000000000001,True,True
2023-05-07,10.8,127,6,5,0.8165380514459161,-0.5772916165517272,10.9,11.5,10.0,11.1,10.206666666666667,True,True
2023-05-08,10.7,128,0,5,0.8064799463209448,-0.5912614448635781,10.8,11.4,9.5,10.9,10.246666666666668,True,True
2023-05-09,10.6,129,1,5,0.7961828637826158,-0.6050560696488488,10.7,11.3,9.0,10.7,10.3,True,True
2023-05-10,10.5,130,2,5,0.7856498550787147,-0.6186714032625031,10.6,11.2,8.5,10.5,10.366666666666667,True,True
2023-05-11,10.4,131,3,5,0.7748840413670407,-0.6321034111873487,10.5,11.1,8.65,10.5,10.425,True,True
2023-05-12,10.3,132,4,5,0.7638886127905428,-0.6453481132295501,10.4,11.0,8.8,10.5,10.475,True,True
2023-05-13,10.2,133,5,5,0.7526668275320085,-0.6584015846980488,10.3,10.9,8.95,10.5,10.516666666666667,True,True
2023-05-14,10.1,134,6,5,0.7412220108485958,-0.6712599575675313,10.2,10.8,9.1,10.5,10.55,True,True
2023-05-15,10.0,135,0,5,0.7295575540864875,-0.6839194216246106,10.1,10.7,9.25,10.5,10.575,True,True
2023-05-16,9.9,136,1,5,0.717676913675962,-0.6963762255968722,10.0,10.6,9.4,10.5,10.591666666666667,True,True
2023-05-17,9.8,137,2,5,0.705583610107178,-0.7086266782644596,9.9,10.5,9.55,10.5,10.6,True,True
2023-05-18,9.7,138,3,5,0.6932812268869777,-0.7206671495538609,9.8,10.4,9.7,10.5,10.6,True,True
2023-05-19,9.6,139,4,5,0.6807734094770161,-0.7324940716135789,9.7,10.3,9.85,10.5,10.591666666666667,True,True
2023-05-20,9.5,140,5,5,0.6680638642135335,-0.7441039398713607,9.6,10.2,10.0,10.5,10.575,True,True
2023-05-21,9.954545454545455,141,6,5,0.6551563572090853,-0.7554933140726803,9.5,10.1,10.15,10.5,10.568484848484847,True,True
2023-05-22,10.409090909090908,142,0,5,0.6420547132365637,-0.766658819300159,9.954545454545455,10.0,10.3,10.5,10.572121212121212,True,True
2023-05-23,10.863636363636363,143,1,5,0.6287628145958344,-0.7775971469736269,10.409090909090908,9.9,10.45,10.5,10.585909090909091,True,True
2023-05-24,11.318181818181818,144,2,5,0.6152845999633276,-0.7883050558305255,10.863636363636363,9.8,10.6,10.5,10.609848484848486,True,True
2023-05-25,11.772727272727273,145,3,5,0.6016240632249226,-0.7987793728863649,11.318181818181818,9.7,10.75,10.5,10.643939393939394,True,True
2023-05-26,12.227272727272727,146,4,5,0.5877852522924732,-0.8090169943749473,11.772727272727273,9.6,10.9,10.5,10.688181818181818,True,True
2023-05-27,12.681818181818182,147,5,5,0.5737722679043246,-0.8190148866680801,12.227272727272727,9.5,11.05,10.5,10.742575757575759,True,True
2023-05-28,13.136363636363637,148,6,5,0.5595892624101765,-0.8287700871745038,12.681818181818182,9.954545454545455,11.2,10.5,10.807121212121212,True,True
2023-05-29,13.59090909090909,149,0,5,0.545240438540651,-0.8382797052177744,13.136363636363637,10.409090909090908,11.35,10.5,10.881818181818181,True,True
2023-05-30,14.045454545454545,150,1,5,0.5307300481619334,-0.8475409228928311,13.59090909090909,10.863636363636363,11.5,10.5,10.966666666666667,True,True
2023-05-31,14.5,151,2,5,0.5160623910158528,-0.8565509959010036,14.045454545454545,11.318181818181818,11.4,10.5,11.069999999999999,True,True
2023-06-01,14.5,152,3,6,0.5012418134457758,-0.865307254363206,14.5,11.772727272727273,11.3,10.5,11.176666666666668,True,True
2023-06-02,14.5,153,4,6,0.48627270710868997,-0.8738071036110808,14.5,12.227272727272727,11.2,10.5,11.286666666666665,True,True
2023-06-03,14.5,154,5,6,0.4711595076738638,-0.8820480249558537,14.5,12.681818181818182,11.1,10.5,11.4,True,True
2023-06-04,14.5,155,6,6,0.4559066935084588,-0.8900275764346767,14.5,13.136363636363637,11.0,10.5,11.516666666666667,True,True
2023-06-05,14.5,156,0,6,0.440518784350495,-0.8977433935342337,14.5,13.59090909090909,10.9,10.5,11.636666666666665,True,True
2023-06-06,14.5,157,1,6,0.42500033996955416,-0.9051931898913974,14.5,14.045454545454545,10.8,10.5,11.76,True,True
2023-06-07,14.5,158,2,6,0.4093559588156213,-0.9123747579707273,14.5,14.5,10.7,10.5,11.886666666666665,True,True
2023-06-08,14.5,159,3,6,0.39359027665646673,-0.9192859697186104,14.5,14.5,10.6,10.5,12.016666666666667,True,True
2023-06-09,14.5,160,4,6,0.3777079652039649,-0.9259247771938498,14.5,14.5,10.5,10.5,12.15,True,True
2023-06-10,14.5,161,5,6,0.36171373072976765,-0.9322892131745133,14.5,14.5,10.4,10.5,12.286666666666665,True,True
2023-06-11,14.4,162,6,6,0.3456123126707335,-0.9383773917408641,14.5,14.5,10.3,10.5,12.423333333333336,True,True
2023-06-12,14.3,163,0,6,0.3294084822245304,-0.9441875088341993,14.4,14.5,10.2,10.5,12.559999999999999,True,True
2023-06-13,14.2,164,1,6,0.3131070409358269,-0.9497178427914316,14.3,14.5,10.1,10.5,12.696666666666667,True,True
2023-06-14,14.1,165,2,6,0.29671281927349075,-0.9549667548552551,14.2,14.5,10.0,10.5,12.833333333333334,True,True
2023-06-15,14.0,166,3,6,0.28023067519921585,-0.9599326896597447,14.1,14.5,9.9,10.5,12.969999999999999,True,True
2023-06-16,13.9,167,4,6,0.26366549272800704,-0.9646141756912435,14.0,14.5,9.8,10.5,13.106666666666667,True,True
2023-06-17,13.8,168,5,6,0.24702218048093552,-0.9690098257244062,13.9,14.5,9.7,10.5,13.243333333333332,True,True
2023-06-18,13.7,169,6,6,0.23030567023061221,-0.9731183372332619,13.8,14.4,9.6,10.5,13.38,True,True
2023-06-19,13.6,170,0,6,0.21352091543979612,-0.9769384927771817,13.7,14.3,9.5,10.5,13.516666666666667,True,True
2023-06-20,13.5,171,1,6,0.19667288979357647,-0.980469160361632,13.6,14.2,9.954545454545455,10.5,13.634848484848485,True,True
2023-06-21,13.4,172,2,6,0.1797665857255624,-0.9837092937736097,13.5,14.1,10.409090909090908,10.6,13.734545454545456,True,True
2023-06-22,13.3,173,3,6,0.16280701293851715,-0.986657932891657,13.4,14.0,10.863636363636363,10.7,13.815757575757575,True,True
2023-06-23,13.2,174,4,6,0.1457991969198751,-0.9893142039703663,13.3,13.9,11.318181818181818,10.8,13.878484848484849,True,True
2023-06-24,13.1,175,5,6,0.12874817745258132,-0.99167731989929,13.2,13.8,11.772727272727273,10.9,13.922727272727274,True,True
2023-06-25,13.0,176,6,6,0.11165900712169512,-0.993746580436178,13.1,13.7,12.227272727272727,11.0,13.948484848484847,True,True
2023-06-26,12.9,177,0,6,0.09453674981719912,-0.9955213724144752,13.0,13.6,12.681818181818182,11.1,13.955757575757577,True,True
2023-06-27,12.8,178,1,6,0.07738647923346301,-0.9970011699250151,12.9,13.5,13.136363636363637,11.2,13.944545454545453,True,True
2023-06-28,12.7,179,2,6,0.06021327736579302,-0.9981855344718586,12.8,13.4,13.59090909090909,11.3,13.914848484848486,True,True
2023-06-29,12.6,180,3,6,0.04302223300453059,-0.99907411510223,12.7,13.3,14.045454545454545,11.4,13.866666666666667,True,True
2023-06-30,12.5,181,4,6,0.02581844022713308,-0.9996666485105112,12.6,13.2,14.5,11.5,13.8,True,True
2023-07-01,12.5,182,5,7,0.008606996888688698,-0.9999629591162655,12.5,13.1,14.5,11.5,13.733333333333333,True,True
2023-07-02,12.5,183,6,7,-0.008606996888688009,-0.9999629591162655,12.5,13.0,14.5,11.5,13.666666666666666,True,True
2023-07-03,12.5,184,0,7,-0.02581844022713239,-0.9996666485105112,12.5,12.9,14.5,11.5,13.6,True,True
2023-07-04,12.5,185,1,7,-0.04302223300453034,-0.99907411510223,12.5,12.8,14.5,11.5,13.533333333333333,True,True
2023-07-05,12.5,186,2,7,-0.060213277365792774,-0.9981855344718586,12.5,12.7,14.5,11.5,13.466666666666667,True,True
2023-07-06,12.5,187,3,7,-0.07738647923346322,-0.9970011699250151,12.5,12.6,14.5,11.5,13.4,True,True
2023-07-07,12.5,188,4,7,-0.09453674981719933,-0.9955213724144752,12.5,12.5,14.5,11.5,13.333333333333334,True,True
2023-07-08,12.5,189,5,7,-0.11165900712169444,-0.9937465804361781,12.5,12.5,14.5,11.5,13.266666666666667,True,True
2023-07-09,12.5,190,6,7,-0.12874817745258066,-0.99167731989929,12.5,12.5,14.5,11.5,13.2,True,True
2023-07-10,12.5,191,0,7,-0.14579919691987442,-0.9893142039703664,12.5,12.5,14.5,11.5,13.133333333333333,True,True
2023-07-11,12.5,192,1,7,-0.16280701293851646,-0.9866579328916572,12.5,12.5,14.4,11.5,13.069999999999999,True,True
2023-07-12,12.5,193,2,7,-0.17976658572556214,-0.9837092937736098,12.5,12.5,14.3,11.5,13.01,True,True
2023-07-13,12.5,194,3,7,-0.19667288979357622,-0.9804691603616321,12.5,12.5,14.2,11.5,12.953333333333331,True,True
2023-07-14,12.5,195,4,7,-0.2135209154397959,-0.9769384927771817,12.5,12.5,14.1,11.5,12.9,True,True
2023-07-15,12.5,196,5,7,-0.23030567023061196,-0.973118337233262,12.5,12.5,14.0,11.5,12.85,True,True
2023-07-16,12.5,197,6,7,-0.24702218048093527,-0.9690098257244063,12.5,12.5,13.9,11.5,12.803333333333333,True,True
2023-07-17,12.5,198,0,7,-0.2636654927280072,-0.9646141756912435,12.5,12.5,13.8,11.5,12.76,True,True
2023-07-18,12.5,199,1,7,-0.2802306751992161,-0.9599326896597445,12.5,12.5,13.7,11.5,12.719999999999999,True,True
2023-07-19,12.5,200,2,7,-0.2967128192734901,-0.9549667548552553,12.5,12.5,13.6,11.5,12.683333333333334,True,True
2023-07-20,12.5,201,3,7,-0.3131070409358267,-0.9497178427914317,12.5,12.5,13.5,11.5,12.65,True,True
2023-07-21,12.409090909090908,202,4,7,-0.3294084822245302,-0.9441875088341994,12.5,12.5,13.4,11.5,12.616969696969697,True,True
2023-07-22,12.318181818181818,203,5,7,-0.3456123126707333,-0.9383773917408642,12.409090909090908,12.5,13.3,11.5,12.584242424242426,True,True
2023-07-23,12.227272727272727,204,6,7,-0.3617137307297674,-0.9322892131745134,12.318181818181818,12.5,13.2,11.5,12.55181818181818,True,True
2023-07-24,12.136363636363637,205,0,7,-0.37770796520396466,-0.9259247771938499,12.227272727272727,12.5,13.1,11.5,12.519696969696971,True,True
2023-07-25,12.045454545454545,206,1,7,-0.39359027665646645,-0.9192859697186105,12.136363636363637,12.5,13.0,11.5,12.487878787878788,True,True
2023-07-26,11.954545454545455,207,2,7,-0.4093559588156211,-0.9123747579707274,12.045454545454545,12.5,12.9,11.5,12.456363636363637,True,True
2023-07-27,11.863636363636363,208,3,7,-0.42500033996955394,-0.9051931898913975,11.954545454545455,12.5,12.8,11.5,12.425151515151516,True,True
2023-07-28,11.772727272727273,209,4,7,-0.4405187843504952,-0.8977433935342336,11.863636363636363,12.409090909090908,12.7,11.5,12.394242424242425,True,True
2023-07-29,11.681818181818182,210,5,7,-0.455906693508459,-0.8900275764346766,11.772727272727273,12.318181818181818,12.6,11.5,12.363636363636365,True,True
2023-07-30,11.59090909090909,211,6,7,-0.47115950767386394,-0.8820480249558535,11.681818181818182,12.227272727272727,12.5,11.5,12.333333333333334,True,True
2023-07-31,11.5,212,0,7,-0.4862727071086902,-0.8738071036110807,11.59090909090909,12.136363636363637,12.5,11.5,12.3,True,True
2023-08-01,11.5,213,1,8,-0.5012418134457756,-0.8653072543632061,11.5,12.045454545454545,12.5,11.5,12.266666666666667,True,True
2023-08-02,11.5,214,2,8,-0.5160623910158526,-0.8565509959010037,11.5,11.954545454545455,12.5,11.5,12.233333333333333,True,True
2023-08-03,11.5,215,3,8,-0.5307300481619331,-0.8475409228928312,11.5,11.863636363636363,12.5,11.5,12.2,True,True
2023-08-04,11.5,216,4,8,-0.5452404385406507,-0.8382797052177745,11.5,11.772727272727273,12.5,11.5,12.166666666666666,True,True
2023-08-05,11.5,217,5,8,-0.5595892624101763,-0.828770087174504,11.5,11.681818181818182,12.5,11.5,12.133333333333333,True,True
2023-08-06,11.5,218,6,8,-0.5737722679043243,-0.8190148866680802,11.5,11.59090909090909,12.5,11.5,12.1,True,True
2023-08-07,11.5,219,0,8,-0.5877852522924734,-0.8090169943749472,11.5,11.5,12.5,11.5,12.066666666666666,True,True
2023-08-08,11.5,220,1,8,-0.6016240632249227,-0.7987793728863648,11.5,11.5,12.5,11.5,12.033333333333333,True,True
2023-08-09,11.5,221,2,8,-0.6152845999633277,-0.7883050558305253,11.5,11.5,12.5,11.5,12.0,True,True
2023-08-10,11.5,222,3,8,-0.6287628145958345,-0.7775971469736268,11.5,11.5,12.5,11.5,11.966666666666667,True,True
