pubDate,avgPrice,day_of_year,day_of_week,month,doy_sin,doy_cos,avgPrice_lag_1,avgPrice_lag_7,avgPrice_lag_30,avgPrice_lag_365,avgPrice_MA_30,specInfo_冻,prodPcat_海水鱼
2022-10-31,7.5,304,0,10,-0.8674563547295971,0.4975132889071803,7.5,7.5,7.5,6.5,7.5,True,True
2022-11-01,7.5,305,1,11,-0.858763958275803,0.5123714121284235,7.5,7.5,7.5,6.5,7.5,True,True
2022-11-02,7.5,306,2,11,-0.8498170915275277,0.5270777086423724,7.5,7.5,7.5,6.5,7.5,True,True
2022-11-03,7.5,307,3,11,-0.8406184056344783,0.5416278206559811,7.5,7.5,7.5,6.5,7.5,True,True
2022-11-04,7.5,308,4,11,-0.8311706263658079,0.5560174366570446,7.5,7.5,7.5,6.5,7.5,True,True
2022-11-05,7.5,309,5,11,-0.8214765533024145,0.5702422926917867,7.5,7.5,7.5,6.5,7.5,True,True
2022-11-06,7.5,310,6,11,-0.8115390590073611,0.5842981736283683,7.5,7.5,7.5,6.5,7.5,True,True
2022-11-07,7.5,311,0,11,-0.801361088174677,0.5981809144059158,7.5,7.5,7.5,6.5,7.5,True,True
2022-11-08,7.5,312,1,11,-0.7909456567567774,0.6118864012687242,7.5,7.5,7.5,6.5,7.5,True,True
2022-11-09,7.5,313,2,11,-0.780295851070776,0.6254105729852457,7.5,7.5,7.5,6.5,7.5,True,True
2022-11-10,7.5,314,3,11,-0.7694148268839381,0.6387494220515268,7.5,7.5,7.5,6.5,7.5,True,True
2022-11-11,7.5,315,4,11,-0.7583058084785625,0.6518989958787125,7.5,7.5,7.5,6.5,7.5,True,True
2022-11-12,7.5,316,5,11,-0.7469720876965551,0.6648553979642866,7.5,7.5,7.5,6.5,7.5,True,True
2022-11-13,7.5,317,6,11,-0.7354170229639858,0.6776147890466887,7.5,7.5,7.5,6.5,7.5,True,True
2022-11-14,7.5,318,0,11,-0.7236440382959124,0.690173388242972,7.5,7.5,7.5,6.5,7.5,True,True
2022-11-15,7.5,319,1,11,-0.711656622281775,0.7025274741691566,7.5,7.5,7.5,6.5,7.5,True,True
2022-11-16,7.5,320,2,11,-0.6994583270516471,0.7146733860429608,7.5,7.5,7.5,6.5,7.5,True,True
2022-11-17,7.5,321,3,11,-0.6870527672236675,0.7266075247685652,7.5,7.5,7.5,6.5,7.5,True,True
2022-11-18,7.5,322,4,11,-0.6744436188329457,0.7383263540031063,7.5,7.5,7.5,6.5,7.5,True,True
2022-11-19,7.5,323,5,11,-0.661634618242279,0.749826401204568,7.5,7.5,7.5,6.5,7.5,True,True
2022-11-20,7.5,324,6,11,-0.6486295610349818,0.7611042586607742,7.5,7.5,7.5,6.5,7.5,True,True
2022-11-21,7.5,325,0,11,-0.6354323008901775,0.7721565844991641,7.5,7.5,7.5,6.5,7.5,True,True
2022-11-22,7.5,326,1,11,-0.622046748440868,0.7829801036770624,7.5,7.5,7.5,6.5,7.5,True,True
2022-11-23,7.5,327,2,11,-0.6084768701151264,0.7935716089521472,7.5,7.5,7.5,6.5,7.5,True,True
2022-11-24,7.5,328,3,11,-0.594726686960764,0.8039279618328208,7.5,7.5,7.5,6.5,7.5,True,True
2022-11-25,7.5,329,4,11,-0.5808002734538013,0.8140460935082175,7.5,7.5,7.5,6.5,7.5,True,True
2022-11-26,7.5,330,5,11,-0.5667017562911184,0.8239230057575536,7.5,7.5,7.5,6.5,7.5,True,True
2022-11-27,7.5,331,6,11,-0.5524353131676203,0.8335557718385695,7.5,7.5,7.5,6.5,7.5,True,True
2022-11-28,7.5,332,0,11,-0.5380051715382992,0.8429415373547832,7.5,7.5,7.5,6.5,7.5,True,True
2022-11-29,7.5,333,1,11,-0.5234156073655503,0.8520775211013093,7.5,7.5,7.5,6.5,7.5,True,True
2022-11-30,7.5,334,2,11,-0.5086709438521042,0.8609610158889945,7.5,7.5,7.5,6.5,7.5,True,True
2022-12-01,7.5,335,3,12,-0.49377555015997737,0.8695893893466109,7.5,7.5,7.5,6.5,7.5,True,True
2022-12-02,7.5,336,4,12,-0.4787338401157883,0.8779600847008883,7.5,7.5,7.5,6.5,7.5,True,True
2022-12-03,7.5,337,5,12,-0.4635502709028512,0.8860706215341378,7.5,7.5,7.5,6.5,7.5,True,True
2022-12-04,7.5,338,6,12,-0.4482293417404106,0.893918596519257,7.5,7.5,7.5,6.5,7.5,True,True
2022-12-05,7.5,339,0,12,-0.4327755925504317,0.9015016841318838,7.5,7.5,7.5,6.5,7.5,True,True
2022-12-06,7.5,340,1,12,-0.41719360261231697,0.9088176373395028,7.5,7.5,7.5,6.5,7.5,True,True
2022-12-07,7.5,341,2,12,-0.4014879892059737,0.9158642882672868,7.5,7.5,7.5,6.5,7.5,True,True
2022-12-08,7.5,342,3,12,-0.38566340624360745,0.9226395488404875,7.5,7.5,7.5,6.5,7.5,True,True
2022-12-09,7.5,343,4,12,-0.3697245428906732,0.9291414114031743,7.5,7.5,7.5,6.5,7.5,True,True
2022-12-10,7.5,344,5,12,-0.3536761221763721,0.935367949313148,7.5,7.5,7.5,6.5,7.5,True,True
2022-12-11,7.5,345,6,12,-0.33752289959411347,0.941317317512847,7.5,7.5,7.5,6.5,7.5,True,True
2022-12-12,7.5,346,0,12,-0.32126966169236515,0.9469877530760751,7.5,7.5,7.5,6.5,7.5,True,True
2022-12-13,7.5,347,1,12,-0.3049212246562894,0.9523775757303973,7.5,7.5,7.5,6.5,7.5,True,True
2022-12-14,7.5,348,2,12,-0.2884824328806098,0.9574851883550389,7.5,7.5,7.5,6.5,7.5,True,True
2022-12-15,7.5,349,3,12,-0.27195815753410524,0.9623090774541487,7.5,7.5,7.5,6.5,7.5,True,True
2022-12-16,7.5,350,4,12,-0.2553532951161881,0.9668478136052773,7.5,7.5,7.5,6.5,7.5,True,True
2022-12-17,7.5,351,5,12,-0.23867276600594997,0.9711000518829505,7.5,7.5,7.5,6.5,7.5,True,True
2022-12-18,7.5,352,6,12,-0.22192151300416674,0.9750645322571945,7.5,7.5,7.5,6.5,7.5,True,True
2022-12-19,7.5,353,0,12,-0.20510449986861926,0.9787400799669153,7.5,7.5,7.5,6.5,7.5,True,True
2022-12-20,7.5,354,1,12,-0.1882267098432439,0.9821256058680006,7.5,7.5,7.5,6.5,7.5,True,True
2022-12-21,7.5,355,2,12,-0.1712931441814778,0.9852201067560606,7.5,7.5,7.5,6.5,7.5,True,True
2022-12-22,7.5,356,3,12,-0.154308820664281,0.9880226656636976,7.5,7.5,7.5,6.5,7.5,True,True
2022-12-23,7.5,357,4,12,-0.13727877211326517,0.9905324521322227,7.5,7.5,7.5,6.5,7.5,True,True
2022-12-24,7.5,358,5,12,-0.12020804489935275,0.9927487224577402,7.5,7.5,7.5,6.5,7.5,True,True
2022-12-25,7.5,359,6,12,-0.10310169744743544,0.9946708199115211,7.5,7.5,7.5,6.5,7.5,True,True
2022-12-26,7.5,360,0,12,-0.0859647987374467,0.9962981749346077,7.5,7.5,7.5,6.5,7.5,True,True
2022-12-27,7.5,361,1,12,-0.06880242680232064,0.9976303053065857,7.5,7.5,7.5,6.5,7.5,True,True
2022-12-28,7.5,362,2,12,-0.05161966722325418,0.9986668162884759,7.5,7.5,7.5,6.5,7.5,True,True
2022-12-29,7.5,363,3,12,-0.034421611622745804,0.9994074007397048,7.5,7.5,7.5,6.5,7.5,True,True
2022-12-30,7.5,364,4,12,-0.01721335615583528,0.9998518392091162,7.5,7.5,7.5,6.5,7.5,True,True
2022-12-31,7.5,365,5,12,6.432490598706546e-16,1.0,7.5,7.5,7.5,6.5,7.5,True,True
2023-01-01,7.5,1,6,1,0.017213356155834685,0.9998518392091162,7.5,7.5,7.5,6.5,7.5,True,True
2023-01-02,7.5,2,0,1,0.03442161162274574,0.9994074007397048,7.5,7.5,7.5,6.5,7.5,True,True
2023-01-03,7.5,3,1,1,0.051619667223253764,0.998666816288476,7.5,7.5,7.5,6.5,7.5,True,True
2023-01-04,7.5,4,2,1,0.06880242680231986,0.9976303053065857,7.5,7.5,7.5,6.5,7.5,True,True
2023-01-05,7.5,5,3,1,0.08596479873744647,0.9962981749346078,7.5,7.5,7.5,6.5,7.5,True,True
2023-01-06,7.5,6,4,1,0.10310169744743485,0.9946708199115211,7.5,7.5,7.5,6.5,7.5,True,True
2023-01-07,7.5,7,5,1,0.1202080448993527,0.9927487224577402,7.5,7.5,7.5,6.5,7.5,True,True
2023-01-08,7.5,8,6,1,0.13727877211326478,0.9905324521322229,7.5,7.5,7.5,6.5,7.5,True,True
2023-01-09,7.5,9,0,1,0.15430882066428117,0.9880226656636976,7.5,7.5,7.5,6.5,7.5,True,True
2023-01-10,7.5,10,1,1,0.1712931441814776,0.9852201067560606,7.5,7.5,7.5,6.5,7.5,True,True
2023-01-11,7.5,11,2,1,0.1882267098432442,0.9821256058680006,7.5,7.5,7.5,6.5,7.5,True,True
2023-01-12,7.5,12,3,1,0.2051044998686192,0.9787400799669153,7.5,7.5,7.5,6.5,7.5,True,True
2023-01-13,7.5,13,4,1,0.2219215130041655,0.9750645322571948,7.5,7.5,7.5,6.5,7.5,True,True
2023-01-14,7.5,14,5,1,0.2386727660059501,0.9711000518829505,7.5,7.5,7.5,6.5,7.5,True,True
2023-01-15,7.5,15,6,1,0.255353295116187,0.9668478136052775,7.5,7.5,7.5,6.5,7.5,True,True
2023-01-16,7.5,16,0,1,0.2719581575341055,0.9623090774541486,7.5,7.5,7.5,6.5,7.5,True,True
2023-01-17,7.5,17,1,1,0.288482432880609,0.9574851883550393,7.5,7.5,7.5,6.5,7.5,True,True
2023-01-18,7.5,18,2,1,0.30492122465628907,0.9523775757303974,7.5,7.5,7.5,6.5,7.5,True,True
2023-01-19,7.5,19,3,1,0.3212696616923644,0.9469877530760753,7.5,7.5,7.5,6.5,7.5,True,True
2023-01-20,7.5,20,4,1,0.3375228995941133,0.9413173175128471,7.5,7.5,7.5,6.5,7.5,True,True
2023-01-21,7.5,21,5,1,0.3536761221763716,0.9353679493131483,7.5,7.5,7.5,6.5,7.5,True,True
2023-01-22,7.5,22,6,1,0.3697245428906731,0.9291414114031743,7.5,7.5,7.5,6.505235602094241,7.5,True,True
2023-01-23,7.5,23,0,1,0.38566340624360707,0.9226395488404876,7.5,7.5,7.5,6.510471204188482,7.5,True,True
2023-01-24,7.5,24,1,1,0.401487989205973,0.9158642882672872,7.5,7.5,7.5,6.515706806282722,7.5,True,True
2023-01-25,7.5,25,2,1,0.4171936026123168,0.9088176373395029,7.5,7.5,7.5,6.520942408376963,7.5,True,True
2023-01-26,7.5,26,3,1,0.4327755925504312,0.901501684131884,7.5,7.5,7.5,6.526178010471204,7.5,True,True
2023-01-27,7.5,27,4,1,0.4482293417404106,0.893918596519257,7.5,7.5,7.5,6.531413612565445,7.5,True,True
2023-01-28,7.5,28,5,1,0.4635502709028509,0.886070621534138,7.5,7.5,7.5,6.536649214659686,7.5,True,True
2023-01-29,7.5,29,6,1,0.47873384011578846,0.8779600847008882,7.5,7.5,7.5,6.541884816753926,7.5,True,True
2023-01-30,7.5,30,0,1,0.49377555015997715,0.869589389346611,7.5,7.5,7.5,6.547120418848167,7.5,True,True
2023-01-31,7.5,31,1,1,0.5086709438521044,0.8609610158889943,7.5,7.5,7.5,6.552356020942408,7.5,True,True
2023-02-01,7.5,32,2,2,0.5234156073655503,0.8520775211013093,7.5,7.5,7.5,6.557591623036649,7.5,True,True
2023-02-02,7.5,33,3,2,0.5380051715382996,0.8429415373547828,7.5,7.5,7.5,6.56282722513089,7.5,True,True
2023-02-03,7.5,34,4,2,0.5524353131676196,0.8335557718385699,7.5,7.5,7.5,6.5680628272251305,7.5,True,True
2023-02-04,7.5,35,5,2,0.5667017562911176,0.8239230057575542,7.5,7.5,7.5,6.5732984293193715,7.5,True,True
2023-02-05,7.5,36,6,2,0.5808002734538009,0.8140460935082178,7.5,7.5,7.5,6.5785340314136125,7.5,True,True
2023-02-06,7.5,37,0,2,0.5947266869607634,0.8039279618328213,7.5,7.5,7.5,6.5837696335078535,7.5,True,True
2023-02-07,7.5,38,1,2,0.6084768701151261,0.7935716089521474,7.5,7.5,7.5,6.5890052356020945,7.5,True,True
2023-02-08,7.5,39,2,2,0.6220467484408675,0.7829801036770629,7.5,7.5,7.5,6.5942408376963355,7.5,True,True
2023-02-09,7.5,40,3,2,0.6354323008901774,0.7721565844991642,7.5,7.5,7.5,6.599476439790576,7.5,True,True
2023-02-10,7.5,41,4,2,0.6486295610349814,0.7611042586607747,7.5,7.5,7.5,6.604712041884817,7.5,True,True
2023-02-11,7.5,42,5,2,0.6616346182422783,0.7498264012045686,7.5,7.5,7.5,6.609947643979058,7.5,True,True
2023-02-12,7.5,43,6,2,0.6744436188329455,0.7383263540031065,7.5,7.5,7.5,6.615183246073299,7.5,True,True
2023-02-13,7.5,44,0,2,0.6870527672236669,0.7266075247685656,7.5,7.5,7.5,6.62041884816754,7.5,True,True
2023-02-14,7.5,45,1,2,0.699458327051647,0.7146733860429609,7.5,7.5,7.5,6.62565445026178,7.5,True,True
2023-02-15,7.5,46,2,2,0.7116566222817746,0.7025274741691571,7.5,7.5,7.5,6.630890052356021,7.5,True,True
2023-02-16,7.5,47,3,2,0.7236440382959124,0.6901733882429719,7.5,7.5,7.5,6.636125654450262,7.5,True,True
2023-02-17,7.5,48,4,2,0.7354170229639855,0.6776147890466889,7.5,7.5,7.5,6.641361256544503,7.5,True,True
2023-02-18,7.5,49,5,2,0.7469720876965552,0.6648553979642865,7.5,7.5,7.5,6.646596858638744,7.5,True,True
2023-02-19,7.5,50,6,2,0.7583058084785624,0.6518989958787126,7.5,7.5,7.5,6.651832460732984,7.5,True,True
2023-02-20,7.5,51,0,2,0.7694148268839378,0.6387494220515272,7.5,7.5,7.5,6.657068062827225,7.5,True,True
2023-02-21,7.5,52,1,2,0.7802958510707755,0.6254105729852463,7.5,7.5,7.5,6.662303664921466,7.5,True,True
2023-02-22,7.5,53,2,2,0.7909456567567772,0.6118864012687243,7.5,7.5,7.5,6.667539267015707,7.5,True,True
2023-02-23,7.5,54,3,2,0.8013610881746766,0.5981809144059165,7.5,7.5,7.5,6.672774869109948,7.5,True,True
2023-02-24,7.5,55,4,2,0.8115390590073611,0.5842981736283684,7.5,7.5,7.5,6.678010471204188,7.5,True,True
2023-02-25,7.5,56,5,2,0.8214765533024142,0.5702422926917871,7.5,7.5,7.5,6.683246073298429,7.5,True,True
2023-02-26,7.5,57,6,2,0.8311706263658079,0.5560174366570446,7.5,7.5,7.5,6.68848167539267,7.5,True,True
2023-02-27,7.5,58,0,2,0.8406184056344782,0.5416278206559814,7.5,7.5,7.5,6.693717277486911,7.5,True,True
2023-02-28,7.5,59,1,2,0.8498170915275278,0.5270777086423722,7.5,7.5,7.5,6.698952879581152,7.5,True,True
2023-03-01,7.5,60,2,3,0.8587639582758029,0.5123714121284237,7.5,7.5,7.5,6.704188481675392,7.5,True,True
2023-03-02,7.5,61,3,3,0.8674563547295969,0.49751328890718066,7.5,7.5,7.5,6.709424083769633,7.5,True,True
2023-03-03,7.5,62,4,3,0.8758917051442429,0.48250774176121847,7.5,7.5,7.5,6.714659685863874,7.5,True,True
2023-03-04,7.5,63,5,3,0.8840675099433636,0.4673592171580022,7.5,7.5,7.5,6.719895287958115,7.5,True,True
2023-03-05,7.5,64,6,3,0.8919813464595485,0.45207220393230435,7.5,7.5,7.5,6.725130890052356,7.5,True,True
2023-03-06,7.5,65,0,3,0.8996308696522433,0.43665123195606403,7.5,7.5,7.5,6.730366492146597,7.5,True,True
2023-03-07,7.5,66,1,3,0.9070138128026359,0.4211008707960896,7.5,7.5,7.5,6.7356020942408374,7.5,True,True
2023-03-08,7.5,67,2,3,0.9141279881853337,0.40542572835999735,7.5,7.5,7.5,6.7408376963350785,7.5,True,True
2023-03-09,7.5,68,3,3,0.9209712877166346,0.38963044953078796,7.5,7.5,7.5,6.7460732984293195,7.5,True,True
2023-03-10,7.5,69,4,3,0.9275416835791966,0.37371971479046906,7.5,7.5,7.5,6.7513089005235605,7.5,True,True
2023-03-11,7.5,70,5,3,0.9338372288229252,0.35769823883312546,7.5,7.5,7.5,6.7565445026178015,7.5,True,True
2023-03-12,7.5,71,6,3,0.9398560579418954,0.3415707691678556,7.5,7.5,7.5,6.761780104712042,7.5,True,True
2023-03-13,7.5,72,0,3,0.9455963874271426,0.3253420847119801,7.5,7.5,7.5,6.767015706806283,7.5,True,True
2023-03-14,7.5,73,1,3,0.9510565162951535,0.30901699437494745,7.5,7.5,7.5,6.772251308900524,7.5,True,True
2023-03-15,7.5,74,2,3,0.9562348265919056,0.29260033563334836,7.5,7.5,7.5,6.777486910994765,7.5,True,True
2023-03-16,7.5,75,3,3,0.9611297838723007,0.27609697309746883,7.5,7.5,7.5,6.782722513089006,7.5,True,True
2023-03-17,7.5,76,4,3,0.9657399376548549,0.2595117970697999,7.5,7.5,7.5,6.787958115183246,7.5,True,True
2023-03-18,7.5,77,5,3,0.9700639218515071,0.2428497220959356,7.5,7.5,7.5,6.793193717277487,7.5,True,True
2023-03-19,7.5,78,6,3,0.9741004551724205,0.22611568550828828,7.5,7.5,7.5,6.798429319371728,7.5,True,True
2023-03-20,7.5,79,0,3,0.9778483415056568,0.20931464596304847,7.5,7.5,7.5,6.803664921465969,7.5,True,True
2023-03-21,7.5,80,1,3,0.9813064702716093,0.19245158197082998,7.5,7.5,7.5,6.80890052356021,7.5,True,True
2023-03-22,7.5,81,2,3,0.9844738167520922,0.1755314904214282,7.5,7.5,7.5,6.81413612565445,7.5,True,True
2023-03-23,7.5,82,3,3,0.9873494423939864,0.15855938510313475,7.5,7.5,7.5,6.819371727748691,7.5,True,True
2023-03-24,7.5,83,4,3,0.989932495087353,0.141540295217043,7.5,7.5,7.5,6.824607329842932,7.5,True,True
2023-03-25,7.5,84,5,3,0.9922222094179323,0.12447926388678915,7.5,7.5,7.5,6.829842931937173,7.5,True,True
2023-03-26,7.5,85,6,3,0.994217906893952,0.10738134666416309,7.5,7.5,7.5,6.835078534031414,7.5,True,True
2023-03-27,7.5,86,0,3,0.995918996147179,0.09025161003104117,7.5,7.5,7.5,6.840314136125654,7.5,True,True
2023-03-28,7.5,87,1,3,0.9973249731081555,0.07309512989807777,7.5,7.5,7.5,6.845549738219895,7.5,True,True
2023-03-29,7.5,88,2,3,0.9984354211555643,0.055916990100603484,7.5,7.5,7.5,6.850785340314136,7.5,True,True
2023-03-30,7.5,89,3,3,0.9992500112396835,0.03872228089217446,7.5,7.5,7.5,6.856020942408377,7.5,True,True
2023-03-31,7.5,90,4,3,0.9997685019798909,0.021516097436222254,7.5,7.5,7.5,6.861256544502618,7.5,True,True
2023-04-01,7.5,91,5,4,0.9999907397361901,0.004303538296244289,7.5,7.5,7.5,6.866492146596858,7.5,True,True
2023-04-02,7.5,92,6,4,0.9999166586547379,-0.01291029607500882,7.5,7.5,7.5,6.871727748691099,7.5,True,True
2023-04-03,7.5,93,0,4,0.9995462806873573,-0.030120304846908114,7.5,7.5,7.5,6.87696335078534,7.5,True,True
2023-04-04,7.5,94,1,4,0.9988797155850336,-0.04732138832243185,7.5,7.5,7.5,6.882198952879581,7.5,True,True
2023-04-05,7.5,95,2,4,0.9979171608653922,-0.06450844944931623,7.5,7.5,7.5,6.887434554973822,7.5,True,True
2023-04-06,7.5,96,3,4,0.9966589017541702,-0.08167639533042241,7.5,7.5,7.5,6.892670157068062,7.5,True,True
2023-04-07,7.5,97,4,4,0.9951053111006976,-0.09882013873287143,7.5,7.5,7.5,6.897905759162303,7.5,True,True
2023-04-08,7.5,98,5,4,0.9932568492674143,-0.11593459959550041,7.5,7.5,7.5,6.903141361256544,7.5,True,True
2023-04-09,7.5,99,6,4,0.9911140639934547,-0.1330147065341959,7.5,7.5,7.5,6.908376963350785,7.5,True,True
2023-04-10,7.5,100,0,4,0.9886775902323405,-0.1500553983446526,7.5,7.5,7.5,6.9136125654450264,7.5,True,True
2023-04-11,7.5,101,1,4,0.9859481499638304,-0.16705162550211924,7.5,7.5,7.5,6.918848167539267,7.5,True,True
2023-04-12,7.5,102,2,4,0.9829265519799822,-0.18399835165768005,7.5,7.5,7.5,6.924083769633508,7.5,True,True
2023-04-13,7.5,103,3,4,0.9796136916454901,-0.20089055513063506,7.5,7.5,7.5,6.929319371727749,7.5,True,True
2023-04-14,7.5,104,4,4,0.9760105506323683,-0.21772323039653177,7.5,7.5,7.5,6.93455497382199,7.5,True,True
2023-04-15,7.5,105,5,4,0.9721181966290613,-0.23449138957040985,7.5,7.5,7.5,6.939790575916231,7.5,True,True
2023-04-16,7.5,106,6,4,0.9679377830240642,-0.25119006388481935,7.5,7.5,7.5,6.945026178010472,7.5,True,True
2023-04-17,7.5,107,0,4,0.9634705485641488,-0.2678143051621742,7.5,7.5,7.5,6.950261780104712,7.5,True,True
2023-04-18,7.5,108,1,4,0.9587178169872964,-0.2843591872810034,7.5,7.5,7.5,6.955497382198953,7.5,True,True
2023-04-19,7.5,109,2,4,0.9536809966304457,-0.30081980763566735,7.5,7.5,7.5,6.960732984293194,7.5,True,True
2023-04-20,7.5,110,3,4,0.9483615800121715,-0.3171912885891061,7.5,7.5,7.5,6.965968586387435,7.5,True,True
2023-04-21,7.5,111,4,4,0.9427611433904207,-0.3334687789181868,7.5,7.5,7.5,6.971204188481676,7.5,True,True
2023-04-22,7.5,112,5,4,0.9368813462954315,-0.3496474552512284,7.5,7.5,7.5,6.976439790575916,7.5,True,True
2023-04-23,7.5,113,6,4,0.9307239310379795,-0.36572252349726897,7.5,7.5,7.5,6.981675392670157,7.5,True,True
2023-04-24,7.5,114,0,4,0.9242907221930933,-0.3816892202666588,7.5,7.5,7.5,6.986910994764398,7.5,True,True
2023-04-25,7.5,115,1,4,0.9175836260593937,-0.39754281428255595,7.5,7.5,7.5,6.992146596858639,7.5,True,True
2023-04-26,7.5,116,2,4,0.9106046300942162,-0.4132786077829042,7.5,7.5,7.5,6.99738219895288,7.5,True,True
2023-04-27,7.5,117,3,4,0.9033558023246845,-0.4288919379124835,7.5,7.5,7.5,7.002617801047121,7.5,True,True
2023-04-28,7.5,118,4,4,0.895839290734909,-0.4443781781046132,7.5,7.5,7.5,7.007853403141361,7.5,True,True
2023-04-29,7.5,119,5,4,0.8880573226294932,-0.45973273945210397,7.5,7.5,7.5,7.013089005235602,7.5,True,True
2023-04-30,7.5,120,6,4,0.8800122039735357,-0.47495107206704995,7.5,7.5,7.5,7.018324607329843,7.5,True,True
2023-05-01,7.5,121,0,5,0.8717063187093218,-0.4900286664290592,7.5,7.5,7.5,7.023560209424084,7.5,True,True
2023-05-02,7.5,122,1,5,0.8631421280499114,-0.5049610547215204,7.5,7.5,7.5,7.028795811518325,7.5,True,True
2023-05-03,7.5,123,2,5,0.854322169749827,-0.5197438121555155,7.5,7.5,7.5,7.034031413612565,7.5,True,True
2023-05-04,7.5,124,3,5,0.8452490573530633,-0.5343725582809786,7.5,7.5,7.5,7.039267015706806,7.5,True,True
2023-05-05,7.5,125,4,5,0.8359254794186372,-0.548842958284719,7.5,7.5,7.5,7.044502617801047,7.5,True,True
2023-05-06,7.5,126,5,5,0.8263541987239096,-0.5631507242749186,7.5,7.5,7.5,7.049738219895288,7.5,True,True
2023-05-07,7.5,127,6,5,0.8165380514459161,-0.5772916165517272,7.5,7.5,7.5,7.054973821989529,7.5,True,True
2023-05-08,7.5,128,0,5,0.8064799463209448,-0.5912614448635781,7.5,7.5,7.5,7.060209424083769,7.5,True,True
2023-05-09,7.5,129,1,5,0.7961828637826158,-0.6050560696488488,7.5,7.5,7.5,7.06544502617801,7.5,True,True
2023-05-10,7.5,130,2,5,0.7856498550787147,-0.6186714032625031,7.5,7.5,7.5,7.070680628272251,7.5,True,True
2023-05-11,7.5,131,3,5,0.7748840413670407,-0.6321034111873487,7.5,7.5,7.5,7.075916230366492,7.5,True,True
2023-05-12,7.5,132,4,5,0.7638886127905428,-0.6453481132295501,7.5,7.5,7.5,7.081151832460733,7.5,True,True
2023-05-13,7.5,133,5,5,0.7526668275320085,-0.6584015846980488,7.5,7.5,7.5,7.0863874345549736,7.5,True,True
2023-05-14,7.5,134,6,5,0.7412220108485958,-0.6712599575675313,7.5,7.5,7.5,7.091623036649215,7.5,True,True
2023-05-15,7.5,135,0,5,0.7295575540864875,-0.6839194216246106,7.5,7.5,7.5,7.096858638743456,7.5,True,True
2023-05-16,7.5,136,1,5,0.717676913675962,-0.6963762255968722,7.5,7.5,7.5,7.102094240837697,7.5,True,True
2023-05-17,7.5,137,2,5,0.705583610107178,-0.7086266782644596,7.5,7.5,7.5,7.107329842931938,7.5,True,True
2023-05-18,7.5,138,3,5,0.6932812268869777,-0.7206671495538609,7.5,7.5,7.5,7.112565445026178,7.5,True,True
2023-05-19,7.5,139,4,5,0.6807734094770161,-0.7324940716135789,7.5,7.5,7.5,7.117801047120419,7.5,True,True
2023-05-20,7.5,140,5,5,0.6680638642135335,-0.7441039398713607,7.5,7.5,7.5,7.12303664921466,7.5,True,True
2023-05-21,7.5,141,6,5,0.6551563572090853,-0.7554933140726803,7.5,7.5,7.5,7.128272251308901,7.5,True,True
2023-05-22,7.5,142,0,5,0.6420547132365637,-0.766658819300159,7.5,7.5,7.5,7.133507853403142,7.5,True,True
2023-05-23,7.5,143,1,5,0.6287628145958344,-0.7775971469736269,7.5,7.5,7.5,7.138743455497382,7.5,True,True
2023-05-24,7.5,144,2,5,0.6152845999633276,-0.7883050558305255,7.5,7.5,7.5,7.143979057591623,7.5,True,True
2023-05-25,7.5,145,3,5,0.6016240632249226,-0.7987793728863649,7.5,7.5,7.5,7.149214659685864,7.5,True,True
2023-05-26,7.5,146,4,5,0.5877852522924732,-0.8090169943749473,7.5,7.5,7.5,7.154450261780105,7.5,True,True
2023-05-27,7.5,147,5,5,0.5737722679043246,-0.8190148866680801,7.5,7.5,7.5,7.159685863874346,7.5,True,True
2023-05-28,7.5,148,6,5,0.5595892624101765,-0.8287700871745038,7.5,7.5,7.5,7.164921465968586,7.5,True,True
2023-05-29,7.5,149,0,5,0.545240438540651,-0.8382797052177744,7.5,7.5,7.5,7.170157068062827,7.5,True,True
2023-05-30,7.5,150,1,5,0.5307300481619334,-0.8475409228928311,7.5,7.5,7.5,7.175392670157068,7.5,True,True
2023-05-31,7.5,151,2,5,0.5160623910158528,-0.8565509959010036,7.5,7.5,7.5,7.180628272251309,7.5,True,True
2023-06-01,7.5,152,3,6,0.5012418134457758,-0.865307254363206,7.5,7.5,7.5,7.18586387434555,7.5,True,True
2023-06-02,7.5,153,4,6,0.48627270710868997,-0.8738071036110808,7.5,7.5,7.5,7.19109947643979,7.5,True,True
2023-06-03,7.5,154,5,6,0.4711595076738638,-0.8820480249558537,7.5,7.5,7.5,7.196335078534031,7.5,True,True
2023-06-04,7.5,155,6,6,0.4559066935084588,-0.8900275764346767,7.5,7.5,7.5,7.201570680628272,7.5,True,True
2023-06-05,7.5,156,0,6,0.440518784350495,-0.8977433935342337,7.5,7.5,7.5,7.206806282722513,7.5,True,True
2023-06-06,7.5,157,1,6,0.42500033996955416,-0.9051931898913974,7.5,7.5,7.5,7.212041884816754,7.5,True,True
2023-06-07,7.5,158,2,6,0.4093559588156213,-0.9123747579707273,7.5,7.5,7.5,7.217277486910994,7.5,True,True
2023-06-08,7.5,159,3,6,0.39359027665646673,-0.9192859697186104,7.5,7.5,7.5,7.222513089005235,7.5,True,True
2023-06-09,7.5,160,4,6,0.3777079652039649,-0.9259247771938498,7.5,7.5,7.5,7.227748691099476,7.5,True,True
2023-06-10,7.5,161,5,6,0.36171373072976765,-0.9322892131745133,7.5,7.5,7.5,7.232984293193717,7.5,True,True
2023-06-11,7.5,162,6,6,0.3456123126707335,-0.9383773917408641,7.5,7.5,7.5,7.238219895287958,7.5,True,True
2023-06-12,7.5,163,0,6,0.3294084822245304,-0.9441875088341993,7.5,7.5,7.5,7.2434554973821985,7.5,True,True
2023-06-13,7.5,164,1,6,0.3131070409358269,-0.9497178427914316,7.5,7.5,7.5,7.2486910994764395,7.5,True,True
2023-06-14,7.5,165,2,6,0.29671281927349075,-0.9549667548552551,7.5,7.5,7.5,7.2539267015706805,7.5,True,True
2023-06-15,7.5,166,3,6,0.28023067519921585,-0.9599326896597447,7.5,7.5,7.5,7.2591623036649215,7.5,True,True
2023-06-16,7.5,167,4,6,0.26366549272800704,-0.9646141756912435,7.5,7.5,7.5,7.2643979057591626,7.5,True,True
2023-06-17,7.5,168,5,6,0.24702218048093552,-0.9690098257244062,7.5,7.5,7.5,7.269633507853404,7.5,True,True
2023-06-18,7.5,169,6,6,0.23030567023061221,-0.9731183372332619,7.5,7.5,7.5,7.274869109947644,7.5,True,True
2023-06-19,7.5,170,0,6,0.21352091543979612,-0.9769384927771817,7.5,7.5,7.5,7.280104712041885,7.5,True,True
2023-06-20,7.5,171,1,6,0.19667288979357647,-0.980469160361632,7.5,7.5,7.5,7.285340314136126,7.5,True,True
2023-06-21,7.5,172,2,6,0.1797665857255624,-0.9837092937736097,7.5,7.5,7.5,7.290575916230367,7.5,True,True
2023-06-22,7.5,173,3,6,0.16280701293851715,-0.986657932891657,7.5,7.5,7.5,7.295811518324608,7.5,True,True
2023-06-23,7.5,174,4,6,0.1457991969198751,-0.9893142039703663,7.5,7.5,7.5,7.301047120418848,7.5,True,True
2023-06-24,7.5,175,5,6,0.12874817745258132,-0.99167731989929,7.5,7.5,7.5,7.306282722513089,7.5,True,True
2023-06-25,7.5,176,6,6,0.11165900712169512,-0.993746580436178,7.5,7.5,7.5,7.31151832460733,7.5,True,True
2023-06-26,7.5,177,0,6,0.09453674981719912,-0.9955213724144752,7.5,7.5,7.5,7.316753926701571,7.5,True,True
2023-06-27,7.5,178,1,6,0.07738647923346301,-0.9970011699250151,7.5,7.5,7.5,7.321989528795812,7.5,True,True
2023-06-28,7.5,179,2,6,0.06021327736579302,-0.9981855344718586,7.5,7.5,7.5,7.327225130890053,7.5,True,True
2023-06-29,7.5,180,3,6,0.04302223300453059,-0.99907411510223,7.5,7.5,7.5,7.332460732984293,7.5,True,True
2023-06-30,7.5,181,4,6,0.02581844022713308,-0.9996666485105112,7.5,7.5,7.5,7.337696335078534,7.5,True,True
2023-07-01,7.5,182,5,7,0.008606996888688698,-0.9999629591162655,7.5,7.5,7.5,7.342931937172775,7.5,True,True
2023-07-02,7.5,183,6,7,-0.008606996888688009,-0.9999629591162655,7.5,7.5,7.5,7.348167539267016,7.5,True,True
2023-07-03,7.5,184,0,7,-0.02581844022713239,-0.9996666485105112,7.5,7.5,7.5,7.353403141361257,7.5,True,True
2023-07-04,7.5,185,1,7,-0.04302223300453034,-0.99907411510223,7.5,7.5,7.5,7.358638743455497,7.5,True,True
2023-07-05,7.5,186,2,7,-0.060213277365792774,-0.9981855344718586,7.5,7.5,7.5,7.363874345549738,7.5,True,True
2023-07-06,7.5,187,3,7,-0.07738647923346322,-0.9970011699250151,7.5,7.5,7.5,7.369109947643979,7.5,True,True
2023-07-07,7.5,188,4,7,-0.09453674981719933,-0.9955213724144752,7.5,7.5,7.5,7.37434554973822,7.5,True,True
2023-07-08,7.5,189,5,7,-0.11165900712169444,-0.9937465804361781,7.5,7.5,7.5,7.379581151832461,7.5,True,True
2023-07-09,7.5,190,6,7,-0.12874817745258066,-0.99167731989929,7.5,7.5,7.5,7.384816753926701,7.5,True,True
2023-07-10,7.5,191,0,7,-0.14579919691987442,-0.9893142039703664,7.5,7.5,7.5,7.390052356020942,7.5,True,True
2023-07-11,7.5,192,1,7,-0.16280701293851646,-0.9866579328916572,7.5,7.5,7.5,7.395287958115183,7.5,True,True
2023-07-12,7.5,193,2,7,-0.17976658572556214,-0.9837092937736098,7.5,7.5,7.5,7.400523560209424,7.5,True,True
2023-07-13,7.5,194,3,7,-0.19667288979357622,-0.9804691603616321,7.5,7.5,7.5,7.405759162303665,7.5,True,True
2023-07-14,7.5,195,4,7,-0.2135209154397959,-0.9769384927771817,7.5,7.5,7.5,7.4109947643979055,7.5,True,True
2023-07-15,7.5,196,5,7,-0.23030567023061196,-0.973118337233262,7.5,7.5,7.5,7.4162303664921465,7.5,True,True
2023-07-16,7.5,197,6,7,-0.24702218048093527,-0.9690098257244063,7.5,7.5,7.5,7.4214659685863875,7.5,True,True
2023-07-17,7.5,198,0,7,-0.2636654927280072,-0.9646141756912435,7.5,7.5,7.5,7.4267015706806285,7.5,True,True
2023-07-18,7.5,199,1,7,-0.2802306751992161,-0.9599326896597445,7.5,7.5,7.5,7.4319371727748695,7.5,True,True
2023-07-19,7.5,200,2,7,-0.2967128192734901,-0.9549667548552553,7.5,7.5,7.5,7.43717277486911,7.5,True,True
2023-07-20,7.5,201,3,7,-0.3131070409358267,-0.9497178427914317,7.5,7.5,7.5,7.442408376963351,7.5,True,True
2023-07-21,7.5,202,4,7,-0.3294084822245302,-0.9441875088341994,7.5,7.5,7.5,7.447643979057592,7.5,True,True
2023-07-22,7.5,203,5,7,-0.3456123126707333,-0.9383773917408642,7.5,7.5,7.5,7.452879581151833,7.5,True,True
2023-07-23,7.5,204,6,7,-0.3617137307297674,-0.9322892131745134,7.5,7.5,7.5,7.458115183246074,7.5,True,True
2023-07-24,7.5,205,0,7,-0.37770796520396466,-0.9259247771938499,7.5,7.5,7.5,7.463350785340314,7.5,True,True
2023-07-25,7.5,206,1,7,-0.39359027665646645,-0.9192859697186105,7.5,7.5,7.5,7.468586387434555,7.5,True,True
2023-07-26,7.5,207,2,7,-0.4093559588156211,-0.9123747579707274,7.5,7.5,7.5,7.473821989528796,7.5,True,True
2023-07-27,7.5,208,3,7,-0.42500033996955394,-0.9051931898913975,7.5,7.5,7.5,7.479057591623037,7.5,True,True
2023-07-28,7.5,209,4,7,-0.4405187843504952,-0.8977433935342336,7.5,7.5,7.5,7.484293193717278,7.5,True,True
2023-07-29,7.5,210,5,7,-0.455906693508459,-0.8900275764346766,7.5,7.5,7.5,7.489528795811518,7.5,True,True
2023-07-30,7.5,211,6,7,-0.47115950767386394,-0.8820480249558535,7.5,7.5,7.5,7.494764397905759,7.5,True,True
2023-07-31,7.5,212,0,7,-0.4862727071086902,-0.8738071036110807,7.5,7.5,7.5,7.5,7.5,True,True
2023-08-01,7.5,213,1,8,-0.5012418134457756,-0.8653072543632061,7.5,7.5,7.5,7.5,7.5,True,True
2023-08-02,7.5,214,2,8,-0.5160623910158526,-0.8565509959010037,7.5,7.5,7.5,7.5,7.5,True,True
2023-08-03,7.5,215,3,8,-0.5307300481619331,-0.8475409228928312,7.5,7.5,7.5,7.5,7.5,True,True
2023-08-04,7.5,216,4,8,-0.5452404385406507,-0.8382797052177745,7.5,7.5,7.5,7.5,7.5,True,True
2023-08-05,7.5,217,5,8,-0.5595892624101763,-0.828770087174504,7.5,7.5,7.5,7.5,7.5,True,True
2023-08-06,7.5,218,6,8,-0.5737722679043243,-0.8190148866680802,7.5,7.5,7.5,7.5,7.5,True,True
2023-08-07,7.5,219,0,8,-0.5877852522924734,-0.8090169943749472,7.5,7.5,7.5,7.5,7.5,True,True
2023-08-08,7.5,220,1,8,-0.6016240632249227,-0.7987793728863648,7.5,7.5,7.5,7.5,7.5,True,True
2023-08-09,7.5,221,2,8,-0.6152845999633277,-0.7883050558305253,7.5,7.5,7.5,7.5,7.5,True,True
2023-08-10,7.5,222,3,8,-0.6287628145958345,-0.7775971469736268,7.5,7.5,7.5,7.5,7.5,True,True
2023-08-11,7.5,223,4,8,-0.6420547132365636,-0.7666588193001592,7.5,7.5,7.5,7.5,7.5,True,True
2023-08-12,7.5,224,5,8,-0.655156357209085,-0.7554933140726804,7.5,7.5,7.5,7.5,7.5,True,True
2023-08-13,7.5,225,6,8,-0.6680638642135333,-0.7441039398713608,7.5,7.5,7.5,7.5,7.5,True,True
2023-08-14,7.5,226,0,8,-0.6807734094770159,-0.7324940716135792,7.5,7.5,7.5,7.5,7.5,True,True
2023-08-15,7.5,227,1,8,-0.6932812268869771,-0.7206671495538615,7.5,7.5,7.5,7.5,7.5,True,True
2023-08-16,7.5,228,2,8,-0.7055836101071774,-0.70862667826446,7.5,7.5,7.5,7.5,7.5,True,True
2023-08-17,7.5,229,3,8,-0.7176769136759615,-0.6963762255968726,7.5,7.5,7.5,7.5,7.5,True,True
